"B01003_001E","B01003_001M","GEO_ID","NAME"
"Estimate!!Total","Margin of Error!!Total","id","Geographic Area Name"
"42824","*****","310M500US10100","Aberdeen, SD Micro Area"
"72779","*****","310M500US10140","Aberdeen, WA Micro Area"
"170669","*****","310M500US10180","Abilene, TX Metro Area"
"38355","*****","310M500US10220","Ada, OK Micro Area"
"98381","*****","310M500US10300","Adrian, MI Micro Area"
"301107","*****","310M500US10380","Aguadilla-Isabela, PR Metro Area"
"703845","*****","310M500US10420","Akron, OH Metro Area"
"66137","*****","310M500US10460","Alamogordo, NM Micro Area"
"148436","*****","310M500US10500","Albany, GA Metro Area"
"125048","*****","310M500US10540","Albany-Lebanon, OR Metro Area"
"880736","*****","310M500US10580","Albany-Schenectady-Troy, NY Metro Area"
"61588","*****","310M500US10620","Albemarle, NC Micro Area"
"30463","*****","310M500US10660","Albert Lea, MN Micro Area"
"95643","*****","310M500US10700","Albertville, AL Micro Area"
"912108","*****","310M500US10740","Albuquerque, NM Metro Area"
"51298","*****","310M500US10760","Alexander City, AL Micro Area"
"153310","*****","310M500US10780","Alexandria, LA Metro Area"
"37513","*****","310M500US10820","Alexandria, MN Micro Area"
"52240","*****","310M500US10860","Alice, TX Micro Area"
"837610","*****","310M500US10900","Allentown-Bethlehem-Easton, PA-NJ Metro Area"
"40916","*****","310M500US10940","Alma, MI Micro Area"
"28520","*****","310M500US10980","Alpena, MI Micro Area"
"123157","*****","310M500US11020","Altoona, PA Metro Area"
"25063","*****","310M500US11060","Altus, OK Micro Area"
"263776","102","310M500US11100","Amarillo, TX Metro Area"
"35285","*****","310M500US11140","Americus, GA Micro Area"
"123311","*****","310M500US11180","Ames, IA Metro Area"
"49302","*****","310M500US11220","Amsterdam, NY Micro Area"
"398900","*****","310M500US11260","Anchorage, AK Metro Area"
"18036","*****","310M500US11380","Andrews, TX Micro Area"
"34453","*****","310M500US11420","Angola, IN Micro Area"
"367000","*****","310M500US11460","Ann Arbor, MI Metro Area"
"114618","*****","310M500US11500","Anniston-Oxford, AL Metro Area"
"235628","*****","310M500US11540","Appleton, WI Metro Area"
"36903","*****","310M500US11580","Arcadia, FL Micro Area"
"58382","*****","310M500US11620","Ardmore, OK Micro Area"
"180567","*****","310M500US11640","Arecibo, PR Metro Area"
"22386","*****","310M500US11660","Arkadelphia, AR Micro Area"
"454351","*****","310M500US11700","Asheville, NC Metro Area"
"53536","*****","310M500US11740","Ashland, OH Micro Area"
"97830","*****","310M500US11780","Ashtabula, OH Micro Area"
"39102","*****","310M500US11820","Astoria, OR Micro Area"
"16268","*****","310M500US11860","Atchison, KS Micro Area"
"65917","*****","310M500US11900","Athens, OH Micro Area"
"53053","*****","310M500US11940","Athens, TN Micro Area"
"81070","*****","310M500US11980","Athens, TX Micro Area"
"208457","*****","310M500US12020","Athens-Clarke County, GA Metro Area"
"5862424","*****","310M500US12060","Atlanta-Sandy Springs-Alpharetta, GA Metro Area"
"266105","*****","310M500US12100","Atlantic City-Hammonton, NJ Metro Area"
"37057","*****","310M500US12120","Atmore, AL Micro Area"
"42927","*****","310M500US12140","Auburn, IN Micro Area"
"77425","*****","310M500US12180","Auburn, NY Micro Area"
"161152","*****","310M500US12220","Auburn-Opelika, AL Metro Area"
"599616","*****","310M500US12260","Augusta-Richmond County, GA-SC Metro Area"
"121753","*****","310M500US12300","Augusta-Waterville, ME Micro Area"
"39807","*****","310M500US12380","Austin, MN Micro Area"
"2114441","*****","310M500US12420","Austin-Round Rock-Georgetown, TX Metro Area"
"26682","*****","310M500US12460","Bainbridge, GA Micro Area"
"887641","*****","310M500US12540","Bakersfield, CA Metro Area"
"2796733","*****","310M500US12580","Baltimore-Columbia-Towson, MD Metro Area"
"151774","*****","310M500US12620","Bangor, ME Metro Area"
"63922","*****","310M500US12660","Baraboo, WI Micro Area"
"45650","*****","310M500US12680","Bardstown, KY Micro Area"
"213496","*****","310M500US12700","Barnstable Town, MA Metro Area"
"58350","*****","310M500US12740","Barre, VT Micro Area"
"51886","*****","310M500US12780","Bartlesville, OK Micro Area"
"57808","*****","310M500US12860","Batavia, NY Micro Area"
"54566","*****","310M500US12900","Batesville, AR Micro Area"
"854318","*****","310M500US12940","Baton Rouge, LA Metro Area"
"134212","*****","310M500US12980","Battle Creek, MI Metro Area"
"104104","*****","310M500US13020","Bay City, MI Metro Area"
"36774","*****","310M500US13060","Bay City, TX Micro Area"
"21594","*****","310M500US13100","Beatrice, NE Micro Area"
"395174","*****","310M500US13140","Beaumont-Port Arthur, TX Metro Area"
"87715","*****","310M500US13180","Beaver Dam, WI Micro Area"
"118828","*****","310M500US13220","Beckley, WV Metro Area"
"45548","*****","310M500US13260","Bedford, IN Micro Area"
"32611","*****","310M500US13300","Beeville, TX Micro Area"
"45316","*****","310M500US13340","Bellefontaine, OH Micro Area"
"220821","*****","310M500US13380","Bellingham, WA Metro Area"
"46403","*****","310M500US13420","Bemidji, MN Micro Area"
"186251","*****","310M500US13460","Bend, OR Metro Area"
"26753","*****","310M500US13500","Bennettsville, SC Micro Area"
"35746","*****","310M500US13540","Bennington, VT Micro Area"
"31741","*****","310M500US13620","Berlin, NH Micro Area"
"43251","*****","310M500US13660","Big Rapids, MI Micro Area"
"36349","*****","310M500US13700","Big Spring, TX Micro Area"
"42456","*****","310M500US13720","Big Stone Gap, VA Micro Area"
"179071","*****","310M500US13740","Billings, MT Metro Area"
"241874","*****","310M500US13780","Binghamton, NY Metro Area"
"1085330","*****","310M500US13820","Birmingham-Hoover, AL Metro Area"
"127503","105","310M500US13900","Bismarck, ND Metro Area"
"45839","*****","310M500US13940","Blackfoot, ID Micro Area"
"166785","*****","310M500US13980","Blacksburg-Christiansburg, VA Metro Area"
"172578","*****","310M500US14010","Bloomington, IL Metro Area"
"167296","*****","310M500US14020","Bloomington, IN Metro Area"
"83974","*****","310M500US14100","Bloomsburg-Berwick, PA Metro Area"
"107910","*****","310M500US14140","Bluefield, WV-VA Micro Area"
"42126","*****","310M500US14180","Blytheville, AR Micro Area"
"46435","*****","310M500US14220","Bogalusa, LA Micro Area"
"710743","*****","310M500US14260","Boise City, ID Metro Area"
"34537","*****","310M500US14300","Bonham, TX Micro Area"
"54925","*****","310M500US14380","Boone, NC Micro Area"
"21344","*****","310M500US14420","Borger, TX Micro Area"
"4832346","*****","310M500US14460","Boston-Cambridge-Newton, MA-NH Metro Area"
"322510","*****","310M500US14500","Boulder, CO Metro Area"
"174498","*****","310M500US14540","Bowling Green, KY Metro Area"
"108063","*****","310M500US14580","Bozeman, MT Micro Area"
"41401","*****","310M500US14620","Bradford, PA Micro Area"
"93485","*****","310M500US14660","Brainerd, MN Micro Area"
"55114","*****","310M500US14700","Branson, MO Micro Area"
"30649","*****","310M500US14720","Breckenridge, CO Micro Area"
"265882","*****","310M500US14740","Bremerton-Silverdale-Port Orchard, WA Metro Area"
"35163","*****","310M500US14780","Brenham, TX Micro Area"
"33775","*****","310M500US14820","Brevard, NC Micro Area"
"943926","*****","310M500US14860","Bridgeport-Stamford-Norwalk, CT Metro Area"
"34320","*****","310M500US15020","Brookhaven, MS Micro Area"
"22650","*****","310M500US15060","Brookings, OR Micro Area"
"34601","*****","310M500US15100","Brookings, SD Micro Area"
"17623","*****","310M500US15140","Brownsville, TN Micro Area"
"421666","*****","310M500US15180","Brownsville-Harlingen, TX Metro Area"
"37855","*****","310M500US15220","Brownwood, TX Micro Area"
"117400","*****","310M500US15260","Brunswick, GA Metro Area"
"41821","*****","310M500US15340","Bucyrus-Galion, OH Micro Area"
"1130175","*****","310M500US15380","Buffalo-Cheektowaga, NY Metro Area"
"44395","*****","310M500US15420","Burley, ID Micro Area"
"46195","*****","310M500US15460","Burlington, IA-IL Micro Area"
"163324","*****","310M500US15500","Burlington, NC Metro Area"
"218784","*****","310M500US15540","Burlington-South Burlington, VT Metro Area"
"34770","*****","310M500US15580","Butte-Silver Bow, MT Micro Area"
"48284","*****","310M500US15620","Cadillac, MI Micro Area"
"57202","*****","310M500US15660","Calhoun, GA Micro Area"
"112290","*****","310M500US15680","California-Lexington Park, MD Metro Area"
"32138","*****","310M500US15700","Cambridge, MD Micro Area"
"39111","*****","310M500US15740","Cambridge, OH Micro Area"
"29022","*****","310M500US15780","Camden, AR Micro Area"
"36550","*****","310M500US15820","Campbellsville, KY Micro Area"
"47321","*****","310M500US15860","Cañon City, CO Micro Area"
"399736","*****","310M500US15940","Canton-Massillon, OH Metro Area"
"737468","*****","310M500US15980","Cape Coral-Fort Myers, FL Metro Area"
"96976","*****","310M500US16020","Cape Girardeau, MO-IL Metro Area"
"137573","*****","310M500US16060","Carbondale-Marion, IL Metro Area"
"57732","*****","310M500US16100","Carlsbad-Artesia, NM Micro Area"
"20281","*****","310M500US16140","Carroll, IA Micro Area"
"54773","*****","310M500US16180","Carson City, NV Metro Area"
"80333","*****","310M500US16220","Casper, WY Metro Area"
"51213","*****","310M500US16260","Cedar City, UT Micro Area"
"270056","*****","310M500US16300","Cedar Rapids, IA Metro Area"
"41908","*****","310M500US16340","Cedartown, GA Micro Area"
"40884","*****","310M500US16380","Celina, OH Micro Area"
"30951","*****","310M500US16420","Central City, KY Micro Area"
"37743","*****","310M500US16460","Centralia, IL Micro Area"
"78145","*****","310M500US16500","Centralia, WA Micro Area"
"154147","*****","310M500US16540","Chambersburg-Waynesboro, PA Metro Area"
"226323","*****","310M500US16580","Champaign-Urbana, IL Metro Area"
"264113","*****","310M500US16620","Charleston, WV Metro Area"
"62189","*****","310M500US16660","Charleston-Mattoon, IL Micro Area"
"774508","*****","310M500US16700","Charleston-North Charleston, SC Metro Area"
"2545560","*****","310M500US16740","Charlotte-Concord-Gastonia, NC-SC Metro Area"
"215445","*****","310M500US16820","Charlottesville, VA Metro Area"
"556209","*****","310M500US16860","Chattanooga, TN-GA Metro Area"
"98320","*****","310M500US16940","Cheyenne, WY Metro Area"
"9508605","*****","310M500US16980","Chicago-Naperville-Elgin, IL-IN-WI Metro Area"
"225817","*****","310M500US17020","Chico, CA Metro Area"
"76948","*****","310M500US17060","Chillicothe, OH Micro Area"
"2201741","*****","310M500US17140","Cincinnati, OH-KY-IN Metro Area"
"93332","*****","310M500US17220","Clarksburg, WV Micro Area"
"23255","*****","310M500US17260","Clarksdale, MS Micro Area"
"299470","*****","310M500US17300","Clarksville, TN-KY Metro Area"
"64195","*****","310M500US17340","Clearlake, CA Micro Area"
"31848","*****","310M500US17380","Cleveland, MS Micro Area"
"122563","*****","310M500US17420","Cleveland, TN Metro Area"
"2056898","*****","310M500US17460","Cleveland-Elyria, OH Metro Area"
"40732","*****","310M500US17500","Clewiston, FL Micro Area"
"46909","*****","310M500US17540","Clinton, IA Micro Area"
"49732","*****","310M500US17580","Clovis, NM Micro Area"
"38906","*****","310M500US17620","Coamo, PR Micro Area"
"28109","*****","310M500US17640","Coco, PR Micro Area"
"157322","*****","310M500US17660","Coeur d'Alene, ID Metro Area"
"32521","*****","310M500US17700","Coffeyville, KS Micro Area"
"43513","*****","310M500US17740","Coldwater, MI Micro Area"
"258029","*****","310M500US17780","College Station-Bryan, TX Metro Area"
"723498","*****","310M500US17820","Colorado Springs, CO Metro Area"
"205369","*****","310M500US17860","Columbia, MO Metro Area"
"824278","*****","310M500US17900","Columbia, SC Metro Area"
"319402","*****","310M500US17980","Columbus, GA-AL Metro Area"
"82481","*****","310M500US18020","Columbus, IN Metro Area"
"59150","*****","310M500US18060","Columbus, MS Micro Area"
"33174","*****","310M500US18100","Columbus, NE Micro Area"
"2077761","*****","310M500US18140","Columbus, OH Metro Area"
"149917","*****","310M500US18180","Concord, NH Micro Area"
"23194","*****","310M500US18220","Connersville, IN Micro Area"
"111197","*****","310M500US18260","Cookeville, TN Micro Area"
"63686","*****","310M500US18300","Coos Bay, OR Micro Area"
"22713","*****","310M500US18380","Cordele, GA Micro Area"
"37090","*****","310M500US18420","Corinth, MS Micro Area"
"44626","*****","310M500US18460","Cornelia, GA Micro Area"
"96422","*****","310M500US18500","Corning, NY Micro Area"
"428548","*****","310M500US18580","Corpus Christi, TX Metro Area"
"48995","*****","310M500US18620","Corsicana, TX Micro Area"
"47865","*****","310M500US18660","Cortland, NY Micro Area"
"91107","*****","310M500US18700","Corvallis, OR Metro Area"
"36585","*****","310M500US18740","Coshocton, OH Micro Area"
"13127","*****","310M500US18780","Craig, CO Micro Area"
"38287","*****","310M500US18820","Crawfordsville, IN Micro Area"
"27495","*****","310M500US18860","Crescent City, CA Micro Area"
"272056","*****","310M500US18880","Crestview-Fort Walton Beach-Destin, FL Metro Area"
"59216","*****","310M500US18900","Crossville, TN Micro Area"
"82853","*****","310M500US18980","Cullman, AL Micro Area"
"57198","*****","310M500US19000","Cullowhee, NC Micro Area"
"98612","*****","310M500US19060","Cumberland, MD-WV Metro Area"
"7320663","*****","310M500US19100","Dallas-Fort Worth-Arlington, TX Metro Area"
"143961","*****","310M500US19140","Dalton, GA Metro Area"
"77563","*****","310M500US19180","Danville, IL Metro Area"
"54448","*****","310M500US19220","Danville, KY Micro Area"
"102326","*****","310M500US19260","Danville, VA Micro Area"
"212830","*****","310M500US19300","Daphne-Fairhope-Foley, AL Metro Area"
"381175","*****","310M500US19340","Davenport-Moline-Rock Island, IA-IL Metro Area"
"32719","*****","310M500US19420","Dayton, TN Micro Area"
"803543","*****","310M500US19430","Dayton-Kettering, OH Metro Area"
"152271","*****","310M500US19460","Decatur, AL Metro Area"
"105528","*****","310M500US19500","Decatur, IL Metro Area"
"35376","*****","310M500US19540","Decatur, IN Micro Area"
"38160","*****","310M500US19580","Defiance, OH Micro Area"
"48969","*****","310M500US19620","Del Rio, TX Micro Area"
"646288","*****","310M500US19660","Deltona-Daytona Beach-Ormond Beach, FL Metro Area"
"24083","*****","310M500US19700","Deming, NM Micro Area"
"2892066","*****","310M500US19740","Denver-Aurora-Lakewood, CO Metro Area"
"37043","*****","310M500US19760","DeRidder, LA Micro Area"
"680439","*****","310M500US19780","Des Moines-West Des Moines, IA Metro Area"
"4317848","*****","310M500US19820","Detroit-Warren-Dearborn, MI Metro Area"
"32003","84","310M500US19860","Dickinson, ND Micro Area"
"34389","*****","310M500US19940","Dixon, IL Micro Area"
"34179","*****","310M500US19980","Dodge City, KS Micro Area"
"148252","*****","310M500US20020","Dothan, AL Metro Area"
"51260","*****","310M500US20060","Douglas, GA Micro Area"
"176699","*****","310M500US20100","Dover, DE Metro Area"
"63891","*****","310M500US20140","Dublin, GA Micro Area"
"79908","*****","310M500US20180","DuBois, PA Micro Area"
"96982","*****","310M500US20220","Dubuque, IA Metro Area"
"289247","*****","310M500US20260","Duluth, MN-WI Metro Area"
"21399","*****","310M500US20300","Dumas, TX Micro Area"
"43647","*****","310M500US20340","Duncan, OK Micro Area"
"55617","*****","310M500US20420","Durango, CO Micro Area"
"46457","*****","310M500US20460","Durant, OK Micro Area"
"626695","*****","310M500US20500","Durham-Chapel Hill, NC Metro Area"
"37416","*****","310M500US20540","Dyersburg, TN Micro Area"
"58174","*****","310M500US20580","Eagle Pass, TX Micro Area"
"37167","*****","310M500US20660","Easton, MD Micro Area"
"168032","*****","310M500US20700","East Stroudsburg, PA Metro Area"
"167406","*****","310M500US20740","Eau Claire, WI Metro Area"
"54681","*****","310M500US20780","Edwards, CO Micro Area"
"34137","*****","310M500US20820","Effingham, IL Micro Area"
"41577","*****","310M500US20900","El Campo, TX Micro Area"
"180701","*****","310M500US20940","El Centro, CA Metro Area"
"39449","*****","310M500US20980","El Dorado, AR Micro Area"
"52944","*****","310M500US21020","Elizabeth City, NC Micro Area"
"150913","*****","310M500US21060","Elizabethtown-Fort Knox, KY Metro Area"
"22268","*****","310M500US21120","Elk City, OK Micro Area"
"204558","*****","310M500US21140","Elkhart-Goshen, IN Metro Area"
"28930","*****","310M500US21180","Elkins, WV Micro Area"
"54156","151","310M500US21220","Elko, NV Micro Area"
"45897","*****","310M500US21260","Ellensburg, WA Micro Area"
"84895","*****","310M500US21300","Elmira, NY Metro Area"
"840477","*****","310M500US21340","El Paso, TX Metro Area"
"35888","*****","310M500US21380","Emporia, KS Micro Area"
"61898","*****","310M500US21420","Enid, OK Metro Area"
"51662","*****","310M500US21460","Enterprise, AL Micro Area"
"273835","*****","310M500US21500","Erie, PA Metro Area"
"36026","*****","310M500US21540","Escanaba, MI Micro Area"
"39159","*****","310M500US21580","Española, NM Micro Area"
"27650","180","310M500US21640","Eufaula, AL-GA Micro Area"
"373340","*****","310M500US21660","Eugene-Springfield, OR Metro Area"
"135940","*****","310M500US21700","Eureka-Arcata, CA Micro Area"
"20479","*****","310M500US21740","Evanston, WY Micro Area"
"314960","*****","310M500US21780","Evansville, IN-KY Metro Area"
"99072","*****","310M500US21820","Fairbanks, AK Metro Area"
"18148","*****","310M500US21840","Fairfield, IA Micro Area"
"19852","*****","310M500US21860","Fairmont, MN Micro Area"
"56355","*****","310M500US21900","Fairmont, WV Micro Area"
"24259","*****","310M500US21980","Fallon, NV Micro Area"
"240421","*****","310M500US22020","Fargo, ND-MN Metro Area"
"66185","*****","310M500US22060","Faribault-Northfield, MN Micro Area"
"66643","*****","310M500US22100","Farmington, MO Micro Area"
"126515","*****","310M500US22140","Farmington, NM Metro Area"
"519101","*****","310M500US22180","Fayetteville, NC Metro Area"
"514259","*****","310M500US22220","Fayetteville-Springdale-Rogers, AR Metro Area"
"58195","*****","310M500US22260","Fergus Falls, MN Micro Area"
"54380","*****","310M500US22280","Fernley, NV Micro Area"
"75837","*****","310M500US22300","Findlay, OH Micro Area"
"17033","*****","310M500US22340","Fitzgerald, GA Micro Area"
"141274","*****","310M500US22380","Flagstaff, AZ Metro Area"
"407875","*****","310M500US22420","Flint, MI Metro Area"
"205502","*****","310M500US22500","Florence, SC Metro Area"
"147327","*****","310M500US22520","Florence-Muscle Shoals, AL Metro Area"
"102597","*****","310M500US22540","Fond du Lac, WI Metro Area"
"66599","*****","310M500US22580","Forest City, NC Micro Area"
"25900","*****","310M500US22620","Forrest City, AR Micro Area"
"344786","*****","310M500US22660","Fort Collins, CO Metro Area"
"36545","*****","310M500US22700","Fort Dodge, IA Micro Area"
"52425","*****","310M500US22780","Fort Leonard Wood, MO Micro Area"
"58989","*****","310M500US22800","Fort Madison-Keokuk, IA-IL-MO Micro Area"
"28517","*****","310M500US22820","Fort Morgan, CO Micro Area"
"71310","*****","310M500US22840","Fort Payne, AL Micro Area"
"49646","*****","310M500US22860","Fort Polk South, LA Micro Area"
"249777","*****","310M500US22900","Fort Smith, AR-OK Metro Area"
"406305","*****","310M500US23060","Fort Wayne, IN Metro Area"
"32273","*****","310M500US23140","Frankfort, IN Micro Area"
"72938","*****","310M500US23180","Frankfort, KY Micro Area"
"26459","*****","310M500US23240","Fredericksburg, TX Micro Area"
"45093","*****","310M500US23300","Freeport, IL Micro Area"
"36665","*****","310M500US23340","Fremont, NE Micro Area"
"59029","*****","310M500US23380","Fremont, OH Micro Area"
"984521","*****","310M500US23420","Fresno, CA Metro Area"
"102748","*****","310M500US23460","Gadsden, AL Metro Area"
"56895","*****","310M500US23500","Gaffney, SC Micro Area"
"323799","*****","310M500US23540","Gainesville, FL Metro Area"
"198667","*****","310M500US23580","Gainesville, GA Metro Area"
"40041","*****","310M500US23620","Gainesville, TX Micro Area"
"50508","*****","310M500US23660","Galesburg, IL Micro Area"
"72438","*****","310M500US23700","Gallup, NM Micro Area"
"40657","*****","310M500US23780","Garden City, KS Micro Area"
"48132","*****","310M500US23820","Gardnerville Ranchos, NV Micro Area"
"61952","*****","310M500US23860","Georgetown, SC Micro Area"
"102470","*****","310M500US23900","Gettysburg, PA Metro Area"
"61930","*****","310M500US23940","Gillette, WY Micro Area"
"53920","*****","310M500US23980","Glasgow, KY Micro Area"
"125892","*****","310M500US24020","Glens Falls, NY Metro Area"
"76981","*****","310M500US24060","Glenwood Springs, CO Micro Area"
"53646","*****","310M500US24100","Gloversville, NY Micro Area"
"123603","*****","310M500US24140","Goldsboro, NC Metro Area"
"58318","*****","310M500US24180","Granbury, TX Micro Area"
"101745","*****","310M500US24220","Grand Forks, ND-MN Metro Area"
"75480","*****","310M500US24260","Grand Island, NE Metro Area"
"151218","*****","310M500US24300","Grand Junction, CO Metro Area"
"45141","*****","310M500US24330","Grand Rapids, MN Micro Area"
"1062392","*****","310M500US24340","Grand Rapids-Kentwood, MI Metro Area"
"26891","*****","310M500US24380","Grants, NM Micro Area"
"86251","*****","310M500US24420","Grants Pass, OR Metro Area"
"26453","*****","310M500US24460","Great Bend, KS Micro Area"
"81625","*****","310M500US24500","Great Falls, MT Metro Area"
"305345","*****","310M500US24540","Greeley, CO Metro Area"
"319401","*****","310M500US24580","Green Bay, WI Metro Area"
"68834","*****","310M500US24620","Greeneville, TN Micro Area"
"762063","*****","310M500US24660","Greensboro-High Point, NC Metro Area"
"26562","*****","310M500US24700","Greensburg, IN Micro Area"
"46057","*****","310M500US24740","Greenville, MS Micro Area"
"178433","*****","310M500US24780","Greenville, NC Metro Area"
"51513","*****","310M500US24820","Greenville, OH Micro Area"
"895942","*****","310M500US24860","Greenville-Anderson, SC Metro Area"
"39292","*****","310M500US24900","Greenwood, MS Micro Area"
"70411","*****","310M500US24940","Greenwood, SC Micro Area"
"21088","*****","310M500US24980","Grenada, MS Micro Area"
"75623","*****","310M500US25020","Guayama, PR Metro Area"
"412115","*****","310M500US25060","Gulfport-Biloxi, MS Metro Area"
"20805","*****","310M500US25100","Guymon, OK Micro Area"
"283147","*****","310M500US25180","Hagerstown-Martinsburg, MD-WV Metro Area"
"23421","125","310M500US25200","Hailey, ID Micro Area"
"132057","*****","310M500US25220","Hammond, LA Metro Area"
"150691","*****","310M500US25260","Hanford-Corcoran, CA Metro Area"
"38842","*****","310M500US25300","Hannibal, MO Micro Area"
"571013","*****","310M500US25420","Harrisburg-Carlisle, PA Metro Area"
"45143","*****","310M500US25460","Harrison, AR Micro Area"
"133557","*****","310M500US25500","Harrisonburg, VA Metro Area"
"1207677","*****","310M500US25540","Hartford-East Hartford-Middletown, CT Metro Area"
"31587","*****","310M500US25580","Hastings, NE Micro Area"
"168177","*****","310M500US25620","Hattiesburg, MS Metro Area"
"28775","*****","310M500US25700","Hays, KS Micro Area"
"72811","*****","310M500US25720","Heber, UT Micro Area"
"79722","*****","310M500US25740","Helena, MT Micro Area"
"18606","*****","310M500US25760","Helena-West Helena, AR Micro Area"
"44479","*****","310M500US25780","Henderson, NC Micro Area"
"18736","*****","310M500US25820","Hereford, TX Micro Area"
"88432","*****","310M500US25840","Hermiston-Pendleton, OR Micro Area"
"366678","*****","310M500US25860","Hickory-Lenoir-Morganton, NC Metro Area"
"45757","*****","310M500US25880","Hillsdale, MI Micro Area"
"199459","*****","310M500US25900","Hilo, HI Micro Area"
"214752","*****","310M500US25940","Hilton Head Island-Bluffton, SC Metro Area"
"80041","*****","310M500US25980","Hinesville, GA Metro Area"
"70277","*****","310M500US26020","Hobbs, NM Micro Area"
"116143","*****","310M500US26090","Holland, MI Micro Area"
"145169","*****","310M500US26140","Homosassa Springs, FL Metro Area"
"23209","*****","310M500US26220","Hood River, OR Micro Area"
"30193","*****","310M500US26260","Hope, AR Micro Area"
"98555","*****","310M500US26300","Hot Springs, AR Metro Area"
"38181","*****","310M500US26340","Houghton, MI Micro Area"
"210162","*****","310M500US26380","Houma-Thibodaux, LA Metro Area"
"6884138","*****","310M500US26420","Houston-The Woodlands-Sugar Land, TX Metro Area"
"60371","*****","310M500US26460","Hudson, NY Micro Area"
"45369","*****","310M500US26500","Huntingdon, PA Micro Area"
"36359","*****","310M500US26540","Huntington, IN Micro Area"
"361832","*****","310M500US26580","Huntington-Ashland, WV-KY-OH Metro Area"
"457003","*****","310M500US26620","Huntsville, AL Metro Area"
"72321","*****","310M500US26660","Huntsville, TX Micro Area"
"20364","*****","310M500US26700","Huron, SD Micro Area"
"62765","*****","310M500US26740","Hutchinson, KS Micro Area"
"35832","*****","310M500US26780","Hutchinson, MN Micro Area"
"145507","*****","310M500US26820","Idaho Falls, ID Metro Area"
"85032","*****","310M500US26860","Indiana, PA Micro Area"
"2029472","*****","310M500US26900","Indianapolis-Carmel-Anderson, IN Metro Area"
"26168","*****","310M500US26940","Indianola, MS Micro Area"
"170677","*****","310M500US26980","Iowa City, IA Metro Area"
"29753","*****","310M500US27020","Iron Mountain, MI-WI Micro Area"
"102642","*****","310M500US27060","Ithaca, NY Metro Area"
"158636","*****","310M500US27100","Jackson, MI Metro Area"
"597727","*****","310M500US27140","Jackson, MS Metro Area"
"32450","*****","310M500US27160","Jackson, OH Micro Area"
"178442","*****","310M500US27180","Jackson, TN Metro Area"
"34706","*****","310M500US27220","Jackson, WY-ID Micro Area"
"1503574","*****","310M500US27260","Jacksonville, FL Metro Area"
"39252","*****","310M500US27300","Jacksonville, IL Micro Area"
"195069","*****","310M500US27340","Jacksonville, NC Metro Area"
"52118","*****","310M500US27380","Jacksonville, TX Micro Area"
"20965","*****","310M500US27420","Jamestown, ND Micro Area"
"128496","*****","310M500US27460","Jamestown-Dunkirk-Fredonia, NY Micro Area"
"162152","*****","310M500US27500","Janesville-Beloit, WI Metro Area"
"64110","*****","310M500US27530","Jasper, AL Micro Area"
"54921","*****","310M500US27540","Jasper, IN Micro Area"
"14539","*****","310M500US27580","Jayuya, PR Micro Area"
"67885","*****","310M500US27600","Jefferson, GA Micro Area"
"151273","*****","310M500US27620","Jefferson City, MO Metro Area"
"31441","*****","310M500US27660","Jennings, LA Micro Area"
"29788","*****","310M500US27700","Jesup, GA Micro Area"
"202049","*****","310M500US27740","Johnson City, TN Metro Area"
"133009","*****","310M500US27780","Johnstown, PA Metro Area"
"131241","*****","310M500US27860","Jonesboro, AR Metro Area"
"178100","*****","310M500US27900","Joplin, MO Metro Area"
"32227","*****","310M500US27940","Juneau, AK Micro Area"
"165979","15","310M500US27980","Kahului-Wailuku-Lahaina, HI Metro Area"
"262745","*****","310M500US28020","Kalamazoo-Portage, MI Metro Area"
"99899","*****","310M500US28060","Kalispell, MT Micro Area"
"110637","*****","310M500US28100","Kankakee, IL Metro Area"
"2124518","*****","310M500US28140","Kansas City, MO-KS Metro Area"
"71769","*****","310M500US28180","Kapaa, HI Micro Area"
"55738","*****","310M500US28260","Kearney, NE Micro Area"
"76042","*****","310M500US28300","Keene, NH Micro Area"
"47506","*****","310M500US28340","Kendallville, IN Micro Area"
"30027","*****","310M500US28380","Kennett, MO Micro Area"
"289527","*****","310M500US28420","Kennewick-Richland, WA Metro Area"
"51843","*****","310M500US28500","Kerrville, TX Micro Area"
"13800","*****","310M500US28540","Ketchikan, AK Micro Area"
"75798","*****","310M500US28580","Key West, FL Micro Area"
"36222","*****","310M500US28620","Kill Devil Hills, NC Micro Area"
"444716","*****","310M500US28660","Killeen-Temple, TX Metro Area"
"306546","*****","310M500US28700","Kingsport-Bristol, TN-VA Metro Area"
"178665","*****","310M500US28740","Kingston, NY Metro Area"
"31542","224","310M500US28780","Kingsville, TX Micro Area"
"56756","*****","310M500US28820","Kinston, NC Micro Area"
"29924","*****","310M500US28860","Kirksville, MO Micro Area"
"66921","*****","310M500US28900","Klamath Falls, OR Micro Area"
"853337","*****","310M500US28940","Knoxville, TN Metro Area"
"82331","*****","310M500US29020","Kokomo, IN Metro Area"
"60887","*****","310M500US29060","Laconia, NH Micro Area"
"136542","*****","310M500US29100","La Crosse-Onalaska, WI-MN Metro Area"
"489914","*****","310M500US29180","Lafayette, LA Metro Area"
"228541","*****","310M500US29200","Lafayette-West Lafayette, IN Metro Area"
"26337","*****","310M500US29260","La Grande, OR Micro Area"
"103579","*****","310M500US29300","LaGrange, GA-AL Micro Area"
"208549","*****","310M500US29340","Lake Charles, LA Metro Area"
"69968","*****","310M500US29380","Lake City, FL Micro Area"
"207695","*****","310M500US29420","Lake Havasu City-Kingman, AZ Metro Area"
"686218","*****","310M500US29460","Lakeland-Winter Haven, FL Metro Area"
"12813","*****","310M500US29500","Lamesa, TX Micro Area"
"540999","*****","310M500US29540","Lancaster, PA Metro Area"
"546772","*****","310M500US29620","Lansing-East Lansing, MI Metro Area"
"38390","*****","310M500US29660","Laramie, WY Micro Area"
"273526","*****","310M500US29700","Laredo, TX Metro Area"
"216069","*****","310M500US29740","Las Cruces, NM Metro Area"
"32274","*****","310M500US29780","Las Vegas, NM Micro Area"
"2182004","*****","310M500US29820","Las Vegas-Henderson-Paradise, NV Metro Area"
"84857","*****","310M500US29860","Laurel, MS Micro Area"
"35076","*****","310M500US29900","Laurinburg, NC Micro Area"
"120290","*****","310M500US29940","Lawrence, KS Metro Area"
"43390","*****","310M500US29980","Lawrenceburg, TN Micro Area"
"127620","*****","310M500US30020","Lawton, OK Metro Area"
"35531","*****","310M500US30060","Lebanon, MO Micro Area"
"217064","*****","310M500US30100","Lebanon, NH-VT Micro Area"
"139729","*****","310M500US30140","Lebanon, PA Metro Area"
"23064","*****","310M500US30220","Levelland, TX Micro Area"
"45111","*****","310M500US30260","Lewisburg, PA Micro Area"
"32965","*****","310M500US30280","Lewisburg, TN Micro Area"
"62638","*****","310M500US30300","Lewiston, ID-WA Metro Area"
"107602","*****","310M500US30340","Lewiston-Auburn, ME Metro Area"
"46276","*****","310M500US30380","Lewistown, PA Micro Area"
"25746","*****","310M500US30420","Lexington, NE Micro Area"
"510647","*****","310M500US30460","Lexington-Fayette, KY Metro Area"
"22349","*****","310M500US30580","Liberal, KS Micro Area"
"103175","*****","310M500US30620","Lima, OH Metro Area"
"29003","*****","310M500US30660","Lincoln, IL Micro Area"
"330329","*****","310M500US30700","Lincoln, NE Metro Area"
"737015","*****","310M500US30780","Little Rock-North Little Rock-Conway, AR Metro Area"
"38915","*****","310M500US30820","Lock Haven, PA Micro Area"
"137629","*****","310M500US30860","Logan, UT-ID Metro Area"
"37880","*****","310M500US30900","Logansport, IN Micro Area"
"148221","*****","310M500US30940","London, KY Micro Area"
"284796","*****","310M500US30980","Longview, TX Metro Area"
"106778","*****","310M500US31020","Longview, WA Metro Area"
"18625","*****","310M500US31060","Los Alamos, NM Micro Area"
"13249614","*****","310M500US31080","Los Angeles-Long Beach-Anaheim, CA Metro Area"
"1257088","*****","310M500US31140","Louisville/Jefferson County, KY-IN Metro Area"
"316474","*****","310M500US31180","Lubbock, TX Metro Area"
"28954","*****","310M500US31220","Ludington, MI Micro Area"
"87322","*****","310M500US31260","Lufkin, TX Micro Area"
"132596","*****","310M500US31300","Lumberton, NC Micro Area"
"261652","*****","310M500US31340","Lynchburg, VA Metro Area"
"30479","*****","310M500US31380","Macomb, IL Micro Area"
"229504","*****","310M500US31420","Macon-Bibb County, GA Metro Area"
"155433","*****","310M500US31460","Madera, CA Metro Area"
"32201","*****","310M500US31500","Madison, IN Micro Area"
"653725","*****","310M500US31540","Madison, WI Metro Area"
"45331","*****","310M500US31580","Madisonville, KY Micro Area"
"23776","*****","310M500US31620","Magnolia, AR Micro Area"
"50477","*****","310M500US31660","Malone, NY Micro Area"
"33597","*****","310M500US31680","Malvern, AR Micro Area"
"413035","*****","310M500US31700","Manchester-Nashua, NH Metro Area"
"132928","*****","310M500US31740","Manhattan, KS Metro Area"
"79185","*****","310M500US31820","Manitowoc, WI Micro Area"
"100749","*****","310M500US31860","Mankato, MN Metro Area"
"121100","*****","310M500US31900","Mansfield, OH Metro Area"
"60426","*****","310M500US31930","Marietta, OH Micro Area"
"63465","*****","310M500US31940","Marinette, WI-MI Micro Area"
"66452","*****","310M500US31980","Marion, IN Micro Area"
"45227","*****","310M500US32000","Marion, NC Micro Area"
"65299","*****","310M500US32020","Marion, OH Micro Area"
"66686","*****","310M500US32100","Marquette, MI Micro Area"
"25758","*****","310M500US32140","Marshall, MN Micro Area"
"22976","*****","310M500US32180","Marshall, MO Micro Area"
"39964","*****","310M500US32260","Marshalltown, IA Micro Area"
"33510","*****","310M500US32280","Martin, TN Micro Area"
"64160","*****","310M500US32300","Martinsville, VA Micro Area"
"22359","*****","310M500US32340","Maryville, MO Micro Area"
"50279","*****","310M500US32380","Mason City, IA Micro Area"
"99545","*****","310M500US32420","Mayagüez, PR Metro Area"
"37248","*****","310M500US32460","Mayfield, KY Micro Area"
"17112","*****","310M500US32500","Maysville, KY Micro Area"
"44146","*****","310M500US32540","McAlester, OK Micro Area"
"855176","*****","310M500US32580","McAllen-Edinburg-Mission, TX Metro Area"
"39532","*****","310M500US32620","McComb, MS Micro Area"
"40702","*****","310M500US32660","McMinnville, TN Micro Area"
"28567","*****","310M500US32700","McPherson, KS Micro Area"
"85665","*****","310M500US32740","Meadville, PA Micro Area"
"216574","*****","310M500US32780","Medford, OR Metro Area"
"1339623","*****","310M500US32820","Memphis, TN-MS-AR Metro Area"
"44759","*****","310M500US32860","Menomonie, WI Micro Area"
"271382","*****","310M500US32900","Merced, CA Metro Area"
"101992","*****","310M500US32940","Meridian, MS Micro Area"
"25644","*****","310M500US33020","Mexico, MO Micro Area"
"31454","*****","310M500US33060","Miami, OK Micro Area"
"6090660","*****","310M500US33100","Miami-Fort Lauderdale-Pompano Beach, FL Metro Area"
"110154","*****","310M500US33140","Michigan City-La Porte, IN Metro Area"
"26791","*****","310M500US33180","Middlesborough, KY Micro Area"
"83355","*****","310M500US33220","Midland, MI Metro Area"
"173816","*****","310M500US33260","Midland, TX Metro Area"
"53626","*****","310M500US33300","Milledgeville, GA Micro Area"
"1575223","*****","310M500US33340","Milwaukee-Waukesha, WI Metro Area"
"39242","*****","310M500US33380","Minden, LA Micro Area"
"28540","*****","310M500US33420","Mineral Wells, TX Micro Area"
"3573609","*****","310M500US33460","Minneapolis-St. Paul-Bloomington, MN-WI Metro Area"
"77132","*****","310M500US33500","Minot, ND Micro Area"
"117309","*****","310M500US33540","Missoula, MT Metro Area"
"23270","*****","310M500US33580","Mitchell, SD Micro Area"
"24878","*****","310M500US33620","Moberly, MO Micro Area"
"430655","*****","310M500US33660","Mobile, AL Metro Area"
"543194","*****","310M500US33700","Modesto, CA Metro Area"
"203457","*****","310M500US33740","Monroe, LA Metro Area"
"149727","*****","310M500US33780","Monroe, MI Metro Area"
"373544","*****","310M500US33860","Montgomery, AL Metro Area"
"46482","*****","310M500US33940","Montrose, CO Micro Area"
"69070","*****","310M500US33980","Morehead City, NC Micro Area"
"50968","*****","310M500US34020","Morgan City, LA Micro Area"
"139157","*****","310M500US34060","Morgantown, WV Metro Area"
"140912","*****","310M500US34100","Morristown, TN Metro Area"
"39505","*****","310M500US34140","Moscow, ID Micro Area"
"95502","*****","310M500US34180","Moses Lake, WA Micro Area"
"45486","*****","310M500US34220","Moultrie, GA Micro Area"
"41427","*****","310M500US34260","Mountain Home, AR Micro Area"
"26743","*****","310M500US34300","Mountain Home, ID Micro Area"
"71971","*****","310M500US34340","Mount Airy, NC Micro Area"
"33154","*****","310M500US34350","Mount Gay-Shamrock, WV Micro Area"
"70688","*****","310M500US34380","Mount Pleasant, MI Micro Area"
"45518","*****","310M500US34420","Mount Pleasant, TX Micro Area"
"46682","*****","310M500US34460","Mount Sterling, KY Micro Area"
"37985","*****","310M500US34500","Mount Vernon, IL Micro Area"
"61481","*****","310M500US34540","Mount Vernon, OH Micro Area"
"125612","*****","310M500US34580","Mount Vernon-Anacortes, WA Metro Area"
"115020","*****","310M500US34620","Muncie, IN Metro Area"
"38837","*****","310M500US34660","Murray, KY Micro Area"
"42889","*****","310M500US34700","Muscatine, IA Micro Area"
"173297","*****","310M500US34740","Muskegon, MI Metro Area"
"68736","*****","310M500US34780","Muskogee, OK Micro Area"
"463987","*****","310M500US34820","Myrtle Beach-Conway-North Myrtle Beach, SC-NC Metro Area"
"65339","*****","310M500US34860","Nacogdoches, TX Micro Area"
"139623","*****","310M500US34900","Napa, CA Metro Area"
"371453","*****","310M500US34940","Naples-Marco Island, FL Metro Area"
"1871903","*****","310M500US34980","Nashville-Davidson--Murfreesboro--Franklin, TN Metro Area"
"51044","*****","310M500US35020","Natchez, MS-LA Micro Area"
"38769","*****","310M500US35060","Natchitoches, LA Micro Area"
"124786","*****","310M500US35100","New Bern, NC Metro Area"
"38194","*****","310M500US35140","Newberry, SC Micro Area"
"48255","*****","310M500US35220","New Castle, IN Micro Area"
"86727","*****","310M500US35260","New Castle, PA Micro Area"
"857513","*****","310M500US35300","New Haven-Milford, CT Metro Area"
"1267777","*****","310M500US35380","New Orleans-Metairie, LA Metro Area"
"92335","*****","310M500US35420","New Philadelphia-Dover, OH Micro Area"
"48547","*****","310M500US35440","Newport, OR Micro Area"
"35552","*****","310M500US35460","Newport, TN Micro Area"
"25163","*****","310M500US35580","New Ulm, MN Micro Area"
"19294236","*****","310M500US35620","New York-Newark-Jersey City, NY-NJ-PA Metro Area"
"154133","*****","310M500US35660","Niles, MI Metro Area"
"46480","*****","310M500US35700","Nogales, AZ Micro Area"
"48181","*****","310M500US35740","Norfolk, NE Micro Area"
"36585","82","310M500US35820","North Platte, NE Micro Area"
"803709","*****","310M500US35840","North Port-Sarasota-Bradenton, FL Metro Area"
"27710","*****","310M500US35860","North Vernon, IN Micro Area"
"68469","*****","310M500US35900","North Wilkesboro, NC Micro Area"
"58339","*****","310M500US35940","Norwalk, OH Micro Area"
"267390","*****","310M500US35980","Norwich-New London, CT Metro Area"
"82866","*****","310M500US36020","Oak Harbor, WA Micro Area"
"353526","*****","310M500US36100","Ocala, FL Metro Area"
"93086","*****","310M500US36140","Ocean City, NJ Metro Area"
"160579","*****","310M500US36220","Odessa, TX Metro Area"
"662875","*****","310M500US36260","Ogden-Clearfield, UT Metro Area"
"108913","*****","310M500US36300","Ogdensburg-Massena, NY Micro Area"
"51818","*****","310M500US36340","Oil City, PA Micro Area"
"41144","*****","310M500US36380","Okeechobee, FL Micro Area"
"1382841","*****","310M500US36420","Oklahoma City, OK Metro Area"
"77121","*****","310M500US36460","Olean, NY Micro Area"
"279711","*****","310M500US36500","Olympia-Lacey-Tumwater, WA Metro Area"
"931779","*****","310M500US36540","Omaha-Council Bluffs, NE-IA Metro Area"
"59972","*****","310M500US36580","Oneonta, NY Micro Area"
"53672","*****","310M500US36620","Ontario, OR-ID Micro Area"
"83172","*****","310M500US36660","Opelousas, LA Micro Area"
"87687","*****","310M500US36700","Orangeburg, SC Micro Area"
"2508970","*****","310M500US36740","Orlando-Kissimmee-Sanford, FL Metro Area"
"170411","*****","310M500US36780","Oshkosh-Neenah, WI Metro Area"
"22164","*****","310M500US36820","Oskaloosa, IA Micro Area"
"19594","*****","310M500US36830","Othello, WA Micro Area"
"148580","*****","310M500US36837","Ottawa, IL Micro Area"
"25558","*****","310M500US36840","Ottawa, KS Micro Area"
"35141","*****","310M500US36900","Ottumwa, IA Micro Area"
"36683","*****","310M500US36940","Owatonna, MN Micro Area"
"118477","*****","310M500US36980","Owensboro, KY Metro Area"
"53590","*****","310M500US37060","Oxford, MS Micro Area"
"847263","*****","310M500US37100","Oxnard-Thousand Oaks-Ventura, CA Metro Area"
"49277","*****","310M500US37120","Ozark, AL Micro Area"
"96754","*****","310M500US37140","Paducah, KY-IL Micro Area"
"44380","*****","310M500US37220","Pahrump, NV Micro Area"
"73252","*****","310M500US37260","Palatka, FL Micro Area"
"57810","*****","310M500US37300","Palestine, TX Micro Area"
"585507","*****","310M500US37340","Palm Bay-Melbourne-Titusville, FL Metro Area"
"23215","102","310M500US37420","Pampa, TX Micro Area"
"182161","*****","310M500US37460","Panama City, FL Metro Area"
"44937","*****","310M500US37500","Paragould, AR Micro Area"
"32284","*****","310M500US37540","Paris, TN Micro Area"
"49611","*****","310M500US37580","Paris, TX Micro Area"
"90758","*****","310M500US37620","Parkersburg-Vienna, WV Metro Area"
"20119","*****","310M500US37660","Parsons, KS Micro Area"
"53546","*****","310M500US37740","Payson, AZ Micro Area"
"19871","*****","310M500US37770","Pearsall, TX Micro Area"
"15590","48","310M500US37780","Pecos, TX Micro Area"
"33172","*****","310M500US37800","Pella, IA Micro Area"
"488246","*****","310M500US37860","Pensacola-Ferry Pass-Brent, FL Metro Area"
"406883","*****","310M500US37900","Peoria, IL Metro Area"
"35815","*****","310M500US37940","Peru, IN Micro Area"
"6079130","*****","310M500US37980","Philadelphia-Camden-Wilmington, PA-NJ-DE-MD Metro Area"
"4761603","*****","310M500US38060","Phoenix-Mesa-Chandler, AZ Metro Area"
"55219","*****","310M500US38100","Picayune, MS Micro Area"
"20625","*****","310M500US38180","Pierre, SD Micro Area"
"90865","*****","310M500US38220","Pine Bluff, AR Metro Area"
"97294","*****","310M500US38240","Pinehurst-Southern Pines, NC Micro Area"
"38968","*****","310M500US38260","Pittsburg, KS Micro Area"
"2331447","*****","310M500US38300","Pittsburgh, PA Metro Area"
"126425","*****","310M500US38340","Pittsfield, MA Metro Area"
"33826","*****","310M500US38380","Plainview, TX Micro Area"
"51733","*****","310M500US38420","Platteville, WI Micro Area"
"80583","*****","310M500US38460","Plattsburgh, NY Micro Area"
"46461","*****","310M500US38500","Plymouth, IN Micro Area"
"93436","*****","310M500US38540","Pocatello, ID Metro Area"
"56908","*****","310M500US38580","Point Pleasant, WV-OH Micro Area"
"44402","*****","310M500US38620","Ponca City, OK Micro Area"
"226117","*****","310M500US38660","Ponce, PR Metro Area"
"36040","*****","310M500US38700","Pontiac, IL Micro Area"
"56223","*****","310M500US38740","Poplar Bluff, MO Micro Area"
"18888","*****","310M500US38780","Portales, NM Micro Area"
"75392","*****","310M500US38820","Port Angeles, WA Micro Area"
"532075","*****","310M500US38860","Portland-South Portland, ME Metro Area"
"2445761","*****","310M500US38900","Portland-Vancouver-Hillsboro, OR-WA Metro Area"
"21668","*****","310M500US38920","Port Lavaca, TX Micro Area"
"472012","*****","310M500US38940","Port St. Lucie, FL Metro Area"
"76040","*****","310M500US39020","Portsmouth, OH Micro Area"
"142674","*****","310M500US39060","Pottsville, PA Micro Area"
"673839","*****","310M500US39100","Poughkeepsie-Newburgh-Middletown, NY Metro Area"
"228067","*****","310M500US39150","Prescott Valley-Prescott, AZ Metro Area"
"20308","*****","310M500US39220","Price, UT Micro Area"
"23011","*****","310M500US39260","Prineville, OR Micro Area"
"1618268","*****","310M500US39300","Providence-Warwick, RI-MA Metro Area"
"616791","*****","310M500US39340","Provo-Orem, UT Metro Area"
"165982","*****","310M500US39380","Pueblo, CO Metro Area"
"49231","*****","310M500US39420","Pullman, WA Micro Area"
"181067","*****","310M500US39460","Punta Gorda, FL Metro Area"
"76040","*****","310M500US39500","Quincy, IL-MO Micro Area"
"195602","*****","310M500US39540","Racine, WI Metro Area"
"1332311","*****","310M500US39580","Raleigh-Cary, NC Metro Area"
"138402","*****","310M500US39660","Rapid City, SD Metro Area"
"21588","*****","310M500US39700","Raymondville, TX Micro Area"
"418025","*****","310M500US39740","Reading, PA Metro Area"
"63912","*****","310M500US39780","Red Bluff, CA Micro Area"
"179212","*****","310M500US39820","Redding, CA Metro Area"
"46246","*****","310M500US39860","Red Wing, MN Micro Area"
"460924","*****","310M500US39900","Reno, NV Metro Area"
"52120","*****","310M500US39940","Rexburg, ID Micro Area"
"66342","*****","310M500US39980","Richmond, IN Micro Area"
"1269530","*****","310M500US40060","Richmond, VA Metro Area"
"105026","*****","310M500US40080","Richmond-Berea, KY Micro Area"
"64078","*****","310M500US40100","Rio Grande City-Roma, TX Micro Area"
"4560470","*****","310M500US40140","Riverside-San Bernardino-Ontario, CA Metro Area"
"39812","*****","310M500US40180","Riverton, WY Micro Area"
"313009","*****","310M500US40220","Roanoke, VA Metro Area"
"71136","*****","310M500US40260","Roanoke Rapids, NC Micro Area"
"51025","*****","310M500US40300","Rochelle, IL Micro Area"
"217964","*****","310M500US40340","Rochester, MN Metro Area"
"1072877","*****","310M500US40380","Rochester, NY Metro Area"
"338356","*****","310M500US40420","Rockford, IL Metro Area"
"44997","*****","310M500US40460","Rockingham, NC Micro Area"
"24462","*****","310M500US40530","Rockport, TX Micro Area"
"43521","*****","310M500US40540","Rock Springs, WY Micro Area"
"146678","*****","310M500US40580","Rocky Mount, NC Metro Area"
"44630","*****","310M500US40620","Rolla, MO Micro Area"
"97369","*****","310M500US40660","Rome, GA Metro Area"
"109114","*****","310M500US40700","Roseburg, OR Micro Area"
"65144","*****","310M500US40740","Roswell, NM Micro Area"
"19461","*****","310M500US40760","Ruidoso, NM Micro Area"
"85225","*****","310M500US40780","Russellville, AR Micro Area"
"47246","*****","310M500US40820","Ruston, LA Micro Area"
"58892","*****","310M500US40860","Rutland, VT Micro Area"
"2315980","*****","310M500US40900","Sacramento-Roseville-Folsom, CA Metro Area"
"37996","*****","310M500US40940","Safford, AZ Micro Area"
"191821","*****","310M500US40980","Saginaw, MI Metro Area"
"198581","*****","310M500US41060","St. Cloud, MN Metro Area"
"165811","*****","310M500US41100","St. George, UT Metro Area"
"126173","*****","310M500US41140","St. Joseph, MO-KS Metro Area"
"2805190","*****","310M500US41180","St. Louis, MO-IL Metro Area"
"53231","*****","310M500US41220","St. Marys, GA Micro Area"
"30340","*****","310M500US41260","St. Marys, PA Micro Area"
"103190","*****","310M500US41400","Salem, OH Micro Area"
"422678","*****","310M500US41420","Salem, OR Metro Area"
"60523","*****","310M500US41460","Salina, KS Micro Area"
"433410","*****","310M500US41500","Salinas, CA Metro Area"
"404417","*****","310M500US41540","Salisbury, MD-DE Metro Area"
"1201043","*****","310M500US41620","Salt Lake City, UT Metro Area"
"120837","177","310M500US41660","San Angelo, TX Metro Area"
"2468193","*****","310M500US41700","San Antonio-New Braunfels, TX Metro Area"
"3316073","*****","310M500US41740","San Diego-Chula Vista-Carlsbad, CA Metro Area"
"43611","*****","310M500US41760","Sandpoint, ID Micro Area"
"74780","*****","310M500US41780","Sandusky, OH Micro Area"
"60481","*****","310M500US41820","Sanford, NC Micro Area"
"4701332","*****","310M500US41860","San Francisco-Oakland-Berkeley, CA Metro Area"
"125324","*****","310M500US41900","San Germán, PR Metro Area"
"1987846","*****","310M500US41940","San Jose-Sunnyvale-Santa Clara, CA Metro Area"
"2100207","*****","310M500US41980","San Juan-Bayamón-Caguas, PR Metro Area"
"282165","*****","310M500US42020","San Luis Obispo-Paso Robles, CA Metro Area"
"273962","*****","310M500US42100","Santa Cruz-Watsonville, CA Metro Area"
"149293","*****","310M500US42140","Santa Fe, NM Metro Area"
"21757","*****","310M500US42180","Santa Isabel, PR Micro Area"
"444829","*****","310M500US42200","Santa Maria-Santa Barbara, CA Metro Area"
"499772","*****","310M500US42220","Santa Rosa-Petaluma, CA Metro Area"
"37629","*****","310M500US42300","Sault Ste. Marie, MI Micro Area"
"386036","*****","310M500US42340","Savannah, GA Metro Area"
"60963","*****","310M500US42380","Sayre, PA Micro Area"
"38015","*****","310M500US42420","Scottsbluff, NE Micro Area"
"51852","*****","310M500US42460","Scottsboro, AL Micro Area"
"23759","*****","310M500US42500","Scottsburg, IN Micro Area"
"555642","*****","310M500US42540","Scranton--Wilkes-Barre, PA Metro Area"
"78762","*****","310M500US42620","Searcy, AR Micro Area"
"3871323","*****","310M500US42660","Seattle-Tacoma-Bellevue, WA Metro Area"
"153989","*****","310M500US42680","Sebastian-Vero Beach, FL Metro Area"
"103437","*****","310M500US42700","Sebring-Avon Park, FL Metro Area"
"42355","*****","310M500US42740","Sedalia, MO Micro Area"
"40483","*****","310M500US42780","Selinsgrove, PA Micro Area"
"39149","*****","310M500US42820","Selma, AL Micro Area"
"77528","*****","310M500US42860","Seneca, SC Micro Area"
"34390","*****","310M500US42900","Seneca Falls, NY Micro Area"
"97068","*****","310M500US42940","Sevierville, TN Micro Area"
"44025","*****","310M500US42980","Seymour, IN Micro Area"
"45462","*****","310M500US43020","Shawano, WI Micro Area"
"72154","*****","310M500US43060","Shawnee, OK Micro Area"
"115178","*****","310M500US43100","Sheboygan, WI Metro Area"
"97282","*****","310M500US43140","Shelby, NC Micro Area"
"48292","*****","310M500US43180","Shelbyville, TN Micro Area"
"63804","*****","310M500US43220","Shelton, WA Micro Area"
"30140","*****","310M500US43260","Sheridan, WY Micro Area"
"131014","*****","310M500US43300","Sherman-Denison, TX Metro Area"
"109270","*****","310M500US43320","Show Low, AZ Micro Area"
"399619","*****","310M500US43340","Shreveport-Bossier City, LA Metro Area"
"48749","*****","310M500US43380","Sidney, OH Micro Area"
"125867","*****","310M500US43420","Sierra Vista-Douglas, AZ Metro Area"
"38633","*****","310M500US43460","Sikeston, MO Micro Area"
"27669","*****","310M500US43500","Silver City, NM Micro Area"
"143846","*****","310M500US43580","Sioux City, IA-NE-SD Metro Area"
"259348","*****","310M500US43620","Sioux Falls, SD Metro Area"
"17096","*****","310M500US43660","Snyder, TX Micro Area"
"64350","*****","310M500US43700","Somerset, KY Micro Area"
"74361","*****","310M500US43740","Somerset, PA Micro Area"
"54045","*****","310M500US43760","Sonora, CA Micro Area"
"321739","*****","310M500US43780","South Bend-Mishawaka, IN-MI Metro Area"
"307617","*****","310M500US43900","Spartanburg, SC Metro Area"
"25478","*****","310M500US43940","Spearfish, SD Micro Area"
"16211","*****","310M500US43980","Spencer, IA Micro Area"
"17127","*****","310M500US44020","Spirit Lake, IA Micro Area"
"550160","*****","310M500US44060","Spokane-Spokane Valley, WA Metro Area"
"209167","*****","310M500US44100","Springfield, IL Metro Area"
"699480","*****","310M500US44140","Springfield, MA Metro Area"
"462434","*****","310M500US44180","Springfield, MO Metro Area"
"134726","*****","310M500US44220","Springfield, OH Metro Area"
"59280","*****","310M500US44260","Starkville, MS Micro Area"
"161960","*****","310M500US44300","State College, PA Metro Area"
"76120","*****","310M500US44340","Statesboro, GA Micro Area"
"121651","*****","310M500US44420","Staunton, VA Metro Area"
"25072","*****","310M500US44460","Steamboat Springs, CO Micro Area"
"41841","*****","310M500US44500","Stephenville, TX Micro Area"
"22380","*****","310M500US44540","Sterling, CO Micro Area"
"56016","*****","310M500US44580","Sterling, IL Micro Area"
"70632","*****","310M500US44620","Stevens Point, WI Micro Area"
"81815","*****","310M500US44660","Stillwater, OK Micro Area"
"742603","*****","310M500US44700","Stockton, CA Metro Area"
"20058","*****","310M500US44740","Storm Lake, IA Micro Area"
"60836","*****","310M500US44780","Sturgis, MI Micro Area"
"36486","*****","310M500US44860","Sulphur Springs, TX Micro Area"
"24812","*****","310M500US44900","Summerville, GA Micro Area"
"140714","*****","310M500US44940","Sumter, SC Metro Area"
"91761","*****","310M500US44980","Sunbury, PA Micro Area"
"30818","*****","310M500US45000","Susanville, CA Micro Area"
"14904","*****","310M500US45020","Sweetwater, TX Micro Area"
"652416","*****","310M500US45060","Syracuse, NY Metro Area"
"48664","*****","310M500US45140","Tahlequah, OK Micro Area"
"80387","*****","310M500US45180","Talladega-Sylacauga, AL Micro Area"
"382197","*****","310M500US45220","Tallahassee, FL Metro Area"
"3097859","*****","310M500US45300","Tampa-St. Petersburg-Clearwater, FL Metro Area"
"32786","*****","310M500US45340","Taos, NM Micro Area"
"32931","*****","310M500US45380","Taylorville, IL Micro Area"
"186908","*****","310M500US45460","Terre Haute, IN Metro Area"
"149292","*****","310M500US45500","Texarkana, TX-AR Metro Area"
"26130","*****","310M500US45520","The Dalles, OR Micro Area"
"125044","*****","310M500US45540","The Villages, FL Metro Area"
"26236","*****","310M500US45580","Thomaston, GA Micro Area"
"44630","*****","310M500US45620","Thomasville, GA Micro Area"
"55351","*****","310M500US45660","Tiffin, OH Micro Area"
"40541","*****","310M500US45700","Tifton, GA Micro Area"
"25750","*****","310M500US45740","Toccoa, GA Micro Area"
"644137","*****","310M500US45780","Toledo, OH Metro Area"
"232778","*****","310M500US45820","Topeka, KS Metro Area"
"182002","*****","310M500US45860","Torrington, CT Micro Area"
"149033","*****","310M500US45900","Traverse City, MI Micro Area"
"367922","*****","310M500US45940","Trenton-Princeton, NJ Metro Area"
"33333","*****","310M500US45980","Troy, AL Micro Area"
"99244","*****","310M500US46020","Truckee-Grass Valley, CA Micro Area"
"1027207","*****","310M500US46060","Tucson, AZ Metro Area"
"103312","*****","310M500US46100","Tullahoma-Manchester, TN Micro Area"
"990544","*****","310M500US46140","Tulsa, OK Metro Area"
"165407","*****","310M500US46180","Tupelo, MS Micro Area"
"250681","*****","310M500US46220","Tuscaloosa, AL Metro Area"
"108599","*****","310M500US46300","Twin Falls, ID Metro Area"
"227449","*****","310M500US46340","Tyler, TX Metro Area"
"87224","*****","310M500US46380","Ukiah, CA Micro Area"
"27490","*****","310M500US46420","Union, SC Micro Area"
"30365","*****","310M500US46460","Union City, TN Micro Area"
"38845","*****","310M500US46500","Urbana, OH Micro Area"
"984821","*****","310M500US46520","Urban Honolulu, HI Metro Area"
"292016","*****","310M500US46540","Utica-Rome, NY Metro Area"
"26920","*****","310M500US46620","Uvalde, TX Micro Area"
"145315","*****","310M500US46660","Valdosta, GA Metro Area"
"441829","*****","310M500US46700","Vallejo, CA Metro Area"
"28261","*****","310M500US46780","Van Wert, OH Micro Area"
"13957","*****","310M500US46820","Vermillion, SD Micro Area"
"36084","*****","310M500US46860","Vernal, UT Micro Area"
"12833","*****","310M500US46900","Vernon, TX Micro Area"
"46519","*****","310M500US46980","Vicksburg, MS Micro Area"
"99674","*****","310M500US47020","Victoria, TX Metro Area"
"36030","*****","310M500US47080","Vidalia, GA Micro Area"
"37065","*****","310M500US47180","Vincennes, IN Micro Area"
"151906","*****","310M500US47220","Vineland-Bridgeton, NJ Metro Area"
"17312","*****","310M500US47240","Vineyard Haven, MA Micro Area"
"1761729","*****","310M500US47260","Virginia Beach-Norfolk-Newport News, VA-NC Metro Area"
"461898","*****","310M500US47300","Visalia, CA Metro Area"
"31389","*****","310M500US47340","Wabash, IN Micro Area"
"268361","*****","310M500US47380","Waco, TX Metro Area"
"22545","*****","310M500US47420","Wahpeton, ND-MN Micro Area"
"60365","*****","310M500US47460","Walla Walla, WA Metro Area"
"45729","*****","310M500US47540","Wapakoneta, OH Micro Area"
"180652","*****","310M500US47580","Warner Robins, GA Metro Area"
"39756","*****","310M500US47620","Warren, PA Micro Area"
"53682","*****","310M500US47660","Warrensburg, MO Micro Area"
"79035","*****","310M500US47700","Warsaw, IN Micro Area"
"33120","*****","310M500US47780","Washington, IN Micro Area"
"47168","*****","310M500US47820","Washington, NC Micro Area"
"6196585","*****","310M500US47900","Washington-Arlington-Alexandria, DC-VA-MD-WV Metro Area"
"28620","*****","310M500US47920","Washington Court House, OH Micro Area"
"169556","*****","310M500US47940","Waterloo-Cedar Falls, IA Metro Area"
"34051","*****","310M500US47980","Watertown, SD Micro Area"
"84701","*****","310M500US48020","Watertown-Fort Atkinson, WI Micro Area"
"112842","*****","310M500US48060","Watertown-Fort Drum, NY Metro Area"
"27131","*****","310M500US48100","Wauchula, FL Micro Area"
"163140","*****","310M500US48140","Wausau-Weston, WI Metro Area"
"54843","*****","310M500US48180","Waycross, GA Micro Area"
"29152","*****","310M500US48220","Weatherford, OK Micro Area"
"118213","*****","310M500US48260","Weirton-Steubenville, WV-OH Metro Area"
"118252","*****","310M500US48300","Wenatchee, WA Metro Area"
"40104","*****","310M500US48460","West Plains, MO Micro Area"
"19640","*****","310M500US48500","West Point, MS Micro Area"
"141475","*****","310M500US48540","Wheeling, WV-OH Metro Area"
"103074","*****","310M500US48580","Whitewater, WI Micro Area"
"637690","*****","310M500US48620","Wichita, KS Metro Area"
"150715","*****","310M500US48660","Wichita Falls, TX Metro Area"
"114330","*****","310M500US48700","Williamsport, PA Metro Area"
"35208","*****","310M500US48780","Williston, ND Micro Area"
"42841","*****","310M500US48820","Willmar, MN Micro Area"
"288337","*****","310M500US48900","Wilmington, NC Metro Area"
"41957","*****","310M500US48940","Wilmington, OH Micro Area"
"81435","*****","310M500US48980","Wilson, NC Micro Area"
"137621","*****","310M500US49020","Winchester, VA-WV Metro Area"
"35351","*****","310M500US49060","Winfield, KS Micro Area"
"16828","*****","310M500US49080","Winnemucca, NV Micro Area"
"50725","*****","310M500US49100","Winona, MN Micro Area"
"666216","*****","310M500US49180","Winston-Salem, NC Metro Area"
"73112","*****","310M500US49220","Wisconsin Rapids-Marshfield, WI Micro Area"
"24742","*****","310M500US49260","Woodward, OK Micro Area"
"116099","*****","310M500US49300","Wooster, OH Micro Area"
"941338","*****","310M500US49340","Worcester, MA-CT Metro Area"
"21734","*****","310M500US49380","Worthington, MN Micro Area"
"249697","*****","310M500US49420","Yakima, WA Metro Area"
"22717","*****","310M500US49460","Yankton, SD Micro Area"
"90618","*****","310M500US49500","Yauco, PR Metro Area"
"445565","*****","310M500US49620","York-Hanover, PA Metro Area"
"541846","*****","310M500US49660","Youngstown-Warren-Boardman, OH-PA Metro Area"
"172469","*****","310M500US49700","Yuba City, CA Metro Area"
"209468","*****","310M500US49740","Yuma, AZ Metro Area"
"86131","*****","310M500US49780","Zanesville, OH Micro Area"
"14304","*****","310M500US49820","Zapata, TX Micro Area"
