"B01003_001E","B01003_001M","GEO_ID","NAME"
"Estimate!!Total","Margin of Error!!Total","id","Geographic Area Name"
"42608","*****","310M300US10100","Aberdeen, SD Micro Area"
"71454","*****","310M300US10140","Aberdeen, WA Micro Area"
"169000","*****","310M300US10180","Abilene, TX Metro Area"
"38289","*****","310M300US10220","Ada, OK Micro Area"
"18525","*****","310M300US10260","Adjuntas, PR Micro Area"
"98585","*****","310M300US10300","Adrian, MI Micro Area"
"315100","*****","310M300US10380","Aguadilla-Isabela, PR Metro Area"
"703398","*****","310M300US10420","Akron, OH Metro Area"
"65130","*****","310M300US10460","Alamogordo, NM Micro Area"
"153776","*****","310M300US10500","Albany, GA Metro Area"
"121074","*****","310M300US10540","Albany, OR Metro Area"
"881862","*****","310M300US10580","Albany-Schenectady-Troy, NY Metro Area"
"60875","*****","310M300US10620","Albemarle, NC Micro Area"
"30619","*****","310M300US10660","Albert Lea, MN Micro Area"
"94738","*****","310M300US10700","Albertville, AL Micro Area"
"905049","*****","310M300US10740","Albuquerque, NM Metro Area"
"40756","*****","310M300US10760","Alexander City, AL Micro Area"
"154385","*****","310M300US10780","Alexandria, LA Metro Area"
"36891","*****","310M300US10820","Alexandria, MN Micro Area"
"41318","*****","310M300US10860","Alice, TX Micro Area"
"832790","*****","310M300US10900","Allentown-Bethlehem-Easton, PA-NJ Metro Area"
"41319","*****","310M300US10940","Alma, MI Micro Area"
"28730","*****","310M300US10980","Alpena, MI Micro Area"
"124736","*****","310M300US11020","Altoona, PA Metro Area"
"25574","*****","310M300US11060","Altus, OK Micro Area"
"261827","117","310M300US11100","Amarillo, TX Metro Area"
"35855","*****","310M300US11140","Americus, GA Micro Area"
"95888","*****","310M300US11180","Ames, IA Metro Area"
"49500","*****","310M300US11220","Amsterdam, NY Micro Area"
"399360","*****","310M300US11260","Anchorage, AK Metro Area"
"17577","*****","310M300US11380","Andrews, TX Micro Area"
"34459","*****","310M300US11420","Angola, IN Micro Area"
"361509","*****","310M300US11460","Ann Arbor, MI Metro Area"
"115527","*****","310M300US11500","Anniston-Oxford-Jacksonville, AL Metro Area"
"233025","*****","310M300US11540","Appleton, WI Metro Area"
"35675","*****","310M300US11580","Arcadia, FL Micro Area"
"48407","*****","310M300US11620","Ardmore, OK Micro Area"
"188012","*****","310M300US11640","Arecibo, PR Metro Area"
"22495","*****","310M300US11660","Arkadelphia, AR Micro Area"
"35732","*****","310M300US11680","Arkansas City-Winfield, KS Micro Area"
"445625","*****","310M300US11700","Asheville, NC Metro Area"
"53299","*****","310M300US11740","Ashland, OH Micro Area"
"98622","*****","310M300US11780","Ashtabula, OH Micro Area"
"38021","*****","310M300US11820","Astoria, OR Micro Area"
"16466","*****","310M300US11860","Atchison, KS Micro Area"
"65563","*****","310M300US11900","Athens, OH Micro Area"
"52569","*****","310M300US11940","Athens, TN Micro Area"
"79687","*****","310M300US11980","Athens, TX Micro Area"
"202780","*****","310M300US12020","Athens-Clarke County, GA Metro Area"
"5700990","*****","310M300US12060","Atlanta-Sandy Springs-Roswell, GA Metro Area"
"272926","*****","310M300US12100","Atlantic City-Hammonton, NJ Metro Area"
"37621","*****","310M300US12120","Atmore, AL Micro Area"
"42524","*****","310M300US12140","Auburn, IN Micro Area"
"78319","*****","310M300US12180","Auburn, NY Micro Area"
"156597","*****","310M300US12220","Auburn-Opelika, AL Metro Area"
"589519","*****","310M300US12260","Augusta-Richmond County, GA-SC Metro Area"
"121289","*****","310M300US12300","Augusta-Waterville, ME Micro Area"
"39386","*****","310M300US12380","Austin, MN Micro Area"
"2000590","*****","310M300US12420","Austin-Round Rock, TX Metro Area"
"27023","*****","310M300US12460","Bainbridge, GA Micro Area"
"878744","*****","310M300US12540","Bakersfield, CA Metro Area"
"2792050","*****","310M300US12580","Baltimore-Columbia-Towson, MD Metro Area"
"152284","*****","310M300US12620","Bangor, ME Metro Area"
"63340","*****","310M300US12660","Baraboo, WI Micro Area"
"45131","*****","310M300US12680","Bardstown, KY Micro Area"
"213900","*****","310M300US12700","Barnstable Town, MA Metro Area"
"58691","*****","310M300US12740","Barre, VT Micro Area"
"51867","*****","310M300US12780","Bartlesville, OK Micro Area"
"26290","*****","310M300US12820","Bastrop, LA Micro Area"
"58537","*****","310M300US12860","Batavia, NY Micro Area"
"37097","*****","310M300US12900","Batesville, AR Micro Area"
"828741","*****","310M300US12940","Baton Rouge, LA Metro Area"
"134327","*****","310M300US12980","Battle Creek, MI Metro Area"
"105350","*****","310M300US13020","Bay City, MI Metro Area"
"36744","*****","310M300US13060","Bay City, TX Micro Area"
"21632","*****","310M300US13100","Beatrice, NE Micro Area"
"408663","*****","310M300US13140","Beaumont-Port Arthur, TX Metro Area"
"87833","*****","310M300US13180","Beaver Dam, WI Micro Area"
"121699","*****","310M300US13220","Beckley, WV Metro Area"
"45669","*****","310M300US13260","Bedford, IN Micro Area"
"32729","*****","310M300US13300","Beeville, TX Micro Area"
"45323","*****","310M300US13340","Bellefontaine, OH Micro Area"
"212738","*****","310M300US13380","Bellingham, WA Metro Area"
"45847","*****","310M300US13420","Bemidji, MN Micro Area"
"175321","*****","310M300US13460","Bend-Redmond, OR Metro Area"
"27505","*****","310M300US13500","Bennettsville, SC Micro Area"
"36054","*****","310M300US13540","Bennington, VT Micro Area"
"38322","*****","310M300US13620","Berlin, NH-VT Micro Area"
"43181","*****","310M300US13660","Big Rapids, MI Micro Area"
"37911","123","310M300US13700","Big Spring, TX Micro Area"
"58763","*****","310M300US13720","Big Stone Gap, VA Micro Area"
"167545","101","310M300US13740","Billings, MT Metro Area"
"245446","*****","310M300US13780","Binghamton, NY Metro Area"
"1144097","*****","310M300US13820","Birmingham-Hoover, AL Metro Area"
"128673","88","310M300US13900","Bismarck, ND Metro Area"
"45369","*****","310M300US13940","Blackfoot, ID Micro Area"
"181863","*****","310M300US13980","Blacksburg-Christiansburg-Radford, VA Metro Area"
"189407","*****","310M300US14010","Bloomington, IL Metro Area"
"165393","*****","310M300US14020","Bloomington, IN Metro Area"
"84917","*****","310M300US14100","Bloomsburg-Berwick, PA Metro Area"
"103652","*****","310M300US14140","Bluefield, WV-VA Micro Area"
"43534","*****","310M300US14180","Blytheville, AR Micro Area"
"46449","*****","310M300US14220","Bogalusa, LA Micro Area"
"677346","*****","310M300US14260","Boise City, ID Metro Area"
"33787","*****","310M300US14300","Bonham, TX Micro Area"
"26381","*****","310M300US14340","Boone, IA Micro Area"
"53421","*****","310M300US14380","Boone, NC Micro Area"
"21704","*****","310M300US14420","Borger, TX Micro Area"
"4771936","*****","310M300US14460","Boston-Cambridge-Newton, MA-NH Metro Area"
"316782","*****","310M300US14500","Boulder, CO Metro Area"
"169250","*****","310M300US14540","Bowling Green, KY Metro Area"
"100733","*****","310M300US14580","Bozeman, MT Micro Area"
"42070","*****","310M300US14620","Bradford, PA Micro Area"
"92315","*****","310M300US14660","Brainerd, MN Micro Area"
"85837","*****","310M300US14700","Branson, MO Micro Area"
"29722","*****","310M300US14720","Breckenridge, CO Micro Area"
"258903","*****","310M300US14740","Bremerton-Silverdale, WA Metro Area"
"34667","*****","310M300US14780","Brenham, TX Micro Area"
"33291","*****","310M300US14820","Brevard, NC Micro Area"
"947328","*****","310M300US14860","Bridgeport-Stamford-Norwalk, CT Metro Area"
"34542","*****","310M300US15020","Brookhaven, MS Micro Area"
"22377","*****","310M300US15060","Brookings, OR Micro Area"
"33697","*****","310M300US15100","Brookings, SD Micro Area"
"17944","*****","310M300US15140","Brownsville, TN Micro Area"
"420201","*****","310M300US15180","Brownsville-Harlingen, TX Metro Area"
"37787","*****","310M300US15220","Brownwood, TX Micro Area"
"115939","*****","310M300US15260","Brunswick, GA Metro Area"
"42231","*****","310M300US15340","Bucyrus, OH Micro Area"
"1136670","*****","310M300US15380","Buffalo-Cheektowaga-Niagara Falls, NY Metro Area"
"43920","*****","310M300US15420","Burley, ID Micro Area"
"46803","*****","310M300US15460","Burlington, IA-IL Micro Area"
"157844","*****","310M300US15500","Burlington, NC Metro Area"
"216751","*****","310M300US15540","Burlington-South Burlington, VT Metro Area"
"34514","*****","310M300US15580","Butte-Silver Bow, MT Micro Area"
"47897","*****","310M300US15620","Cadillac, MI Micro Area"
"56424","*****","310M300US15660","Calhoun, GA Micro Area"
"110979","*****","310M300US15680","California-Lexington Park, MD Metro Area"
"32386","*****","310M300US15700","Cambridge, MD Micro Area"
"39414","*****","310M300US15740","Cambridge, OH Micro Area"
"29572","*****","310M300US15780","Camden, AR Micro Area"
"25406","*****","310M300US15820","Campbellsville, KY Micro Area"
"46601","*****","310M300US15860","Cañon City, CO Micro Area"
"35733","*****","310M300US15900","Canton, IL Micro Area"
"402098","*****","310M300US15940","Canton-Massillon, OH Metro Area"
"700165","*****","310M300US15980","Cape Coral-Fort Myers, FL Metro Area"
"97136","*****","310M300US16020","Cape Girardeau, MO-IL Metro Area"
"126592","*****","310M300US16060","Carbondale-Marion, IL Metro Area"
"56793","*****","310M300US16100","Carlsbad-Artesia, NM Micro Area"
"20428","*****","310M300US16140","Carroll, IA Micro Area"
"54219","*****","310M300US16180","Carson City, NV Metro Area"
"81023","*****","310M300US16220","Casper, WY Metro Area"
"48504","*****","310M300US16260","Cedar City, UT Micro Area"
"266122","*****","310M300US16300","Cedar Rapids, IA Metro Area"
"41444","*****","310M300US16340","Cedartown, GA Micro Area"
"40723","*****","310M300US16380","Celina, OH Micro Area"
"31153","*****","310M300US16420","Central City, KY Micro Area"
"38305","*****","310M300US16460","Centralia, IL Micro Area"
"76012","*****","310M300US16500","Centralia, WA Micro Area"
"153003","*****","310M300US16540","Chambersburg-Waynesboro, PA Metro Area"
"237849","*****","310M300US16580","Champaign-Urbana, IL Metro Area"
"219964","*****","310M300US16620","Charleston, WV Metro Area"
"63439","*****","310M300US16660","Charleston-Mattoon, IL Micro Area"
"744195","*****","310M300US16700","Charleston-North Charleston, SC Metro Area"
"2427024","*****","310M300US16740","Charlotte-Concord-Gastonia, NC-SC Metro Area"
"228825","*****","310M300US16820","Charlottesville, VA Metro Area"
"548359","*****","310M300US16860","Chattanooga, TN-GA Metro Area"
"97031","*****","310M300US16940","Cheyenne, WY Metro Area"
"9549229","*****","310M300US16980","Chicago-Naperville-Elgin, IL-IN-WI Metro Area"
"225207","*****","310M300US17020","Chico, CA Metro Area"
"77125","*****","310M300US17060","Chillicothe, OH Micro Area"
"2156723","*****","310M300US17140","Cincinnati, OH-KY-IN Metro Area"
"216739","*****","310M300US17200","Claremont-Lebanon, NH-VT Micro Area"
"93985","*****","310M300US17220","Clarksburg, WV Micro Area"
"24296","*****","310M300US17260","Clarksdale, MS Micro Area"
"278844","*****","310M300US17300","Clarksville, TN-KY Metro Area"
"64095","*****","310M300US17340","Clearlake, CA Micro Area"
"33121","*****","310M300US17380","Cleveland, MS Micro Area"
"120388","*****","310M300US17420","Cleveland, TN Metro Area"
"2062764","*****","310M300US17460","Cleveland-Elyria, OH Metro Area"
"39064","*****","310M300US17500","Clewiston, FL Micro Area"
"47587","*****","310M300US17540","Clinton, IA Micro Area"
"50283","*****","310M300US17580","Clovis, NM Micro Area"
"39796","*****","310M300US17620","Coamo, PR Micro Area"
"29239","*****","310M300US17640","Coco, PR Micro Area"
"150128","*****","310M300US17660","Coeur d'Alene, ID Metro Area"
"33463","*****","310M300US17700","Coffeyville, KS Micro Area"
"43543","*****","310M300US17740","Coldwater, MI Micro Area"
"248554","*****","310M300US17780","College Station-Bryan, TX Metro Area"
"698595","*****","310M300US17820","Colorado Springs, CO Metro Area"
"174589","*****","310M300US17860","Columbia, MO Metro Area"
"808377","*****","310M300US17900","Columbia, SC Metro Area"
"309979","*****","310M300US17980","Columbus, GA-AL Metro Area"
"81024","*****","310M300US18020","Columbus, IN Metro Area"
"59558","*****","310M300US18060","Columbus, MS Micro Area"
"32875","*****","310M300US18100","Columbus, NE Micro Area"
"2023695","*****","310M300US18140","Columbus, OH Metro Area"
"147958","*****","310M300US18180","Concord, NH Micro Area"
"23426","*****","310M300US18220","Connersville, IN Micro Area"
"109133","*****","310M300US18260","Cookeville, TN Micro Area"
"62921","*****","310M300US18300","Coos Bay, OR Micro Area"
"23005","*****","310M300US18380","Cordele, GA Micro Area"
"37242","*****","310M300US18420","Corinth, MS Micro Area"
"43878","*****","310M300US18460","Cornelia, GA Micro Area"
"97539","*****","310M300US18500","Corning, NY Micro Area"
"450183","*****","310M300US18580","Corpus Christi, TX Metro Area"
"48239","*****","310M300US18620","Corsicana, TX Micro Area"
"48334","*****","310M300US18660","Cortland, NY Micro Area"
"88249","*****","310M300US18700","Corvallis, OR Metro Area"
"36602","*****","310M300US18740","Coshocton, OH Micro Area"
"13056","*****","310M300US18780","Craig, CO Micro Area"
"38288","*****","310M300US18820","Crawfordsville, IN Micro Area"
"27442","*****","310M300US18860","Crescent City, CA Micro Area"
"261048","*****","310M300US18880","Crestview-Fort Walton Beach-Destin, FL Metro Area"
"58178","*****","310M300US18900","Crossville, TN Micro Area"
"81703","*****","310M300US18980","Cullman, AL Micro Area"
"41725","*****","310M300US19000","Cullowhee, NC Micro Area"
"100012","*****","310M300US19060","Cumberland, MD-WV Metro Area"
"7104415","*****","310M300US19100","Dallas-Fort Worth-Arlington, TX Metro Area"
"143407","*****","310M300US19140","Dalton, GA Metro Area"
"79207","*****","310M300US19180","Danville, IL Metro Area"
"54186","*****","310M300US19220","Danville, KY Micro Area"
"103881","*****","310M300US19260","Danville, VA Micro Area"
"203360","*****","310M300US19300","Daphne-Fairhope-Foley, AL Metro Area"
"383141","*****","310M300US19340","Davenport-Moline-Rock Island, IA-IL Metro Area"
"800893","*****","310M300US19380","Dayton, OH Metro Area"
"32478","*****","310M300US19420","Dayton, TN Micro Area"
"152445","*****","310M300US19460","Decatur, AL Metro Area"
"107587","*****","310M300US19500","Decatur, IL Metro Area"
"35018","*****","310M300US19540","Decatur, IN Micro Area"
"38311","*****","310M300US19580","Defiance, OH Micro Area"
"48976","*****","310M300US19620","Del Rio, TX Micro Area"
"623675","*****","310M300US19660","Deltona-Daytona Beach-Ormond Beach, FL Metro Area"
"24319","*****","310M300US19700","Deming, NM Micro Area"
"2798684","*****","310M300US19740","Denver-Aurora-Lakewood, CO Metro Area"
"36598","*****","310M300US19760","DeRidder, LA Micro Area"
"623113","*****","310M300US19780","Des Moines-West Des Moines, IA Metro Area"
"4304613","*****","310M300US19820","Detroit-Warren-Dearborn, MI Metro Area"
"30316","*****","310M300US19860","Dickinson, ND Micro Area"
"34670","*****","310M300US19940","Dixon, IL Micro Area"
"34658","*****","310M300US19980","Dodge City, KS Micro Area"
"147790","*****","310M300US20020","Dothan, AL Metro Area"
"43048","*****","310M300US20060","Douglas, GA Micro Area"
"173145","*****","310M300US20100","Dover, DE Metro Area"
"57251","*****","310M300US20140","Dublin, GA Micro Area"
"80539","*****","310M300US20180","DuBois, PA Micro Area"
"96571","*****","310M300US20220","Dubuque, IA Metro Area"
"279205","*****","310M300US20260","Duluth, MN-WI Metro Area"
"22016","*****","310M300US20300","Dumas, TX Micro Area"
"44293","*****","310M300US20340","Duncan, OK Micro Area"
"128753","*****","310M300US20380","Dunn, NC Micro Area"
"54469","*****","310M300US20420","Durango, CO Micro Area"
"45068","*****","310M300US20460","Durant, OK Micro Area"
"550281","*****","310M300US20500","Durham-Chapel Hill, NC Metro Area"
"37751","*****","310M300US20540","Dyersburg, TN Micro Area"
"57471","*****","310M300US20580","Eagle Pass, TX Micro Area"
"37461","*****","310M300US20660","Easton, MD Micro Area"
"167306","*****","310M300US20700","East Stroudsburg, PA Metro Area"
"165833","*****","310M300US20740","Eau Claire, WI Metro Area"
"53726","*****","310M300US20780","Edwards, CO Micro Area"
"34164","*****","310M300US20820","Effingham, IL Micro Area"
"41430","*****","310M300US20900","El Campo, TX Micro Area"
"179957","*****","310M300US20940","El Centro, CA Metro Area"
"40022","*****","310M300US20980","El Dorado, AR Micro Area"
"63388","*****","310M300US21020","Elizabeth City, NC Micro Area"
"150253","*****","310M300US21060","Elizabethtown-Fort Knox, KY Metro Area"
"22971","*****","310M300US21120","Elk City, OK Micro Area"
"202924","*****","310M300US21140","Elkhart-Goshen, IN Metro Area"
"29152","*****","310M300US21180","Elkins, WV Micro Area"
"54105","168","310M300US21220","Elko, NV Micro Area"
"43726","*****","310M300US21260","Ellensburg, WA Micro Area"
"86883","*****","310M300US21300","Elmira, NY Metro Area"
"838527","*****","310M300US21340","El Paso, TX Metro Area"
"33302","*****","310M300US21380","Emporia, KS Micro Area"
"62421","*****","310M300US21420","Enid, OK Metro Area"
"51073","*****","310M300US21460","Enterprise, AL Micro Area"
"277794","*****","310M300US21500","Erie, PA Metro Area"
"36395","*****","310M300US21540","Escanaba, MI Micro Area"
"39455","*****","310M300US21580","Española, NM Micro Area"
"28341","154","310M300US21640","Eufaula, AL-GA Micro Area"
"363471","*****","310M300US21660","Eugene, OR Metro Area"
"135490","*****","310M300US21700","Eureka-Arcata-Fortuna, CA Micro Area"
"20758","*****","310M300US21740","Evanston, WY Micro Area"
"315263","*****","310M300US21780","Evansville, IN-KY Metro Area"
"100031","*****","310M300US21820","Fairbanks, AK Metro Area"
"17945","*****","310M300US21840","Fairfield, IA Micro Area"
"20084","*****","310M300US21860","Fairmont, MN Micro Area"
"56575","*****","310M300US21900","Fairmont, WV Micro Area"
"24022","*****","310M300US21980","Fallon, NV Micro Area"
"232660","*****","310M300US22020","Fargo, ND-MN Metro Area"
"65251","*****","310M300US22060","Faribault-Northfield, MN Micro Area"
"66248","*****","310M300US22100","Farmington, MO Micro Area"
"128221","*****","310M300US22140","Farmington, NM Metro Area"
"385337","*****","310M300US22180","Fayetteville, NC Metro Area"
"514166","*****","310M300US22220","Fayetteville-Springdale-Rogers, AR-MO Metro Area"
"57790","*****","310M300US22260","Fergus Falls, MN Micro Area"
"52303","*****","310M300US22280","Fernley, NV Micro Area"
"75508","*****","310M300US22300","Findlay, OH Micro Area"
"17272","*****","310M300US22340","Fitzgerald, GA Micro Area"
"138639","*****","310M300US22380","Flagstaff, AZ Metro Area"
"410881","*****","310M300US22420","Flint, MI Metro Area"
"206109","*****","310M300US22500","Florence, SC Metro Area"
"147025","*****","310M300US22520","Florence-Muscle Shoals, AL Metro Area"
"102082","*****","310M300US22540","Fond du Lac, WI Metro Area"
"66523","*****","310M300US22580","Forest City, NC Micro Area"
"26688","*****","310M300US22620","Forrest City, AR Micro Area"
"330976","*****","310M300US22660","Fort Collins, CO Metro Area"
"36945","*****","310M300US22700","Fort Dodge, IA Micro Area"
"53132","*****","310M300US22780","Fort Leonard Wood, MO Micro Area"
"59856","*****","310M300US22800","Fort Madison-Keokuk, IA-IL-MO Micro Area"
"28123","*****","310M300US22820","Fort Morgan, CO Micro Area"
"71194","*****","310M300US22840","Fort Payne, AL Micro Area"
"51906","*****","310M300US22860","Fort Polk South, LA Micro Area"
"280705","*****","310M300US22900","Fort Smith, AR-OK Metro Area"
"429060","*****","310M300US23060","Fort Wayne, IN Metro Area"
"32455","*****","310M300US23140","Frankfort, IN Micro Area"
"71986","*****","310M300US23180","Frankfort, KY Micro Area"
"25939","*****","310M300US23240","Fredericksburg, TX Micro Area"
"45839","*****","310M300US23300","Freeport, IL Micro Area"
"36576","*****","310M300US23340","Fremont, NE Micro Area"
"59559","*****","310M300US23380","Fremont, OH Micro Area"
"971616","*****","310M300US23420","Fresno, CA Metro Area"
"103132","*****","310M300US23460","Gadsden, AL Metro Area"
"56549","*****","310M300US23500","Gaffney, SC Micro Area"
"277056","*****","310M300US23540","Gainesville, FL Metro Area"
"192865","*****","310M300US23580","Gainesville, GA Metro Area"
"39064","*****","310M300US23620","Gainesville, TX Micro Area"
"51374","*****","310M300US23660","Galesburg, IL Micro Area"
"72849","*****","310M300US23700","Gallup, NM Micro Area"
"41028","*****","310M300US23780","Garden City, KS Micro Area"
"47632","*****","310M300US23820","Gardnerville Ranchos, NV Micro Area"
"61065","*****","310M300US23860","Georgetown, SC Micro Area"
"101589","*****","310M300US23900","Gettysburg, PA Metro Area"
"48116","*****","310M300US23940","Gillette, WY Micro Area"
"53408","*****","310M300US23980","Glasgow, KY Micro Area"
"126884","*****","310M300US24020","Glens Falls, NY Metro Area"
"75692","*****","310M300US24060","Glenwood Springs, CO Micro Area"
"53955","*****","310M300US24100","Gloversville, NY Micro Area"
"124496","*****","310M300US24140","Goldsboro, NC Metro Area"
"101694","*****","310M300US24220","Grand Forks, ND-MN Metro Area"
"84596","*****","310M300US24260","Grand Island, NE Metro Area"
"148798","*****","310M300US24300","Grand Junction, CO Metro Area"
"45237","*****","310M300US24330","Grand Rapids, MN Micro Area"
"1039182","*****","310M300US24340","Grand Rapids-Wyoming, MI Metro Area"
"27049","*****","310M300US24380","Grants, NM Micro Area"
"84514","*****","310M300US24420","Grants Pass, OR Metro Area"
"27067","*****","310M300US24460","Great Bend, KS Micro Area"
"81816","*****","310M300US24500","Great Falls, MT Metro Area"
"285729","*****","310M300US24540","Greeley, CO Metro Area"
"315847","*****","310M300US24580","Green Bay, WI Metro Area"
"68520","*****","310M300US24620","Greeneville, TN Micro Area"
"70926","*****","310M300US24640","Greenfield Town, MA Micro Area"
"751590","*****","310M300US24660","Greensboro-High Point, NC Metro Area"
"26480","*****","310M300US24700","Greensburg, IN Micro Area"
"48002","*****","310M300US24740","Greenville, MS Micro Area"
"176484","*****","310M300US24780","Greenville, NC Metro Area"
"51919","*****","310M300US24820","Greenville, OH Micro Area"
"872463","*****","310M300US24860","Greenville-Anderson-Mauldin, SC Metro Area"
"40334","*****","310M300US24900","Greenwood, MS Micro Area"
"94769","*****","310M300US24940","Greenwood, SC Micro Area"
"21379","*****","310M300US24980","Grenada, MS Micro Area"
"78896","*****","310M300US25020","Guayama, PR Metro Area"
"388082","*****","310M300US25060","Gulfport-Biloxi-Pascagoula, MS Metro Area"
"21409","*****","310M300US25100","Guymon, OK Micro Area"
"261156","*****","310M300US25180","Hagerstown-Martinsburg, MD-WV Metro Area"
"27765","114","310M300US25200","Hailey, ID Micro Area"
"128850","*****","310M300US25220","Hammond, LA Metro Area"
"150183","*****","310M300US25260","Hanford-Corcoran, CA Metro Area"
"38911","*****","310M300US25300","Hannibal, MO Micro Area"
"565008","*****","310M300US25420","Harrisburg-Carlisle, PA Metro Area"
"45110","*****","310M300US25460","Harrison, AR Micro Area"
"131717","*****","310M300US25500","Harrisonburg, VA Metro Area"
"1213123","*****","310M300US25540","Hartford-West Hartford-East Hartford, CT Metro Area"
"31564","*****","310M300US25580","Hastings, NE Micro Area"
"148399","*****","310M300US25620","Hattiesburg, MS Metro Area"
"28877","*****","310M300US25700","Hays, KS Micro Area"
"29306","*****","310M300US25720","Heber, UT Micro Area"
"77915","*****","310M300US25740","Helena, MT Micro Area"
"19518","*****","310M300US25760","Helena-West Helena, AR Micro Area"
"44420","*****","310M300US25780","Henderson, NC Micro Area"
"18947","*****","310M300US25820","Hereford, TX Micro Area"
"87889","*****","310M300US25840","Hermiston-Pendleton, OR Micro Area"
"364044","*****","310M300US25860","Hickory-Lenoir-Morganton, NC Metro Area"
"45909","*****","310M300US25880","Hillsdale, MI Micro Area"
"196325","*****","310M300US25900","Hilo, HI Micro Area"
"206781","*****","310M300US25940","Hilton Head Island-Bluffton-Beaufort, SC Metro Area"
"79977","*****","310M300US25980","Hinesville, GA Metro Area"
"69505","*****","310M300US26020","Hobbs, NM Micro Area"
"114145","*****","310M300US26090","Holland, MI Micro Area"
"141373","*****","310M300US26140","Homosassa Springs, FL Metro Area"
"22938","*****","310M300US26220","Hood River, OR Micro Area"
"30682","*****","310M300US26260","Hope, AR Micro Area"
"97994","*****","310M300US26300","Hot Springs, AR Metro Area"
"38469","*****","310M300US26340","Houghton, MI Micro Area"
"211179","*****","310M300US26380","Houma-Thibodaux, LA Metro Area"
"6636208","*****","310M300US26420","Houston-The Woodlands-Sugar Land, TX Metro Area"
"61481","*****","310M300US26460","Hudson, NY Micro Area"
"45686","*****","310M300US26500","Huntingdon, PA Micro Area"
"36520","*****","310M300US26540","Huntington, IN Micro Area"
"360603","*****","310M300US26580","Huntington-Ashland, WV-KY-OH Metro Area"
"444908","*****","310M300US26620","Huntsville, AL Metro Area"
"85299","*****","310M300US26660","Huntsville, TX Micro Area"
"18163","*****","310M300US26700","Huron, SD Micro Area"
"63360","*****","310M300US26740","Hutchinson, KS Micro Area"
"35816","*****","310M300US26780","Hutchinson, MN Micro Area"
"140427","*****","310M300US26820","Idaho Falls, ID Metro Area"
"86551","*****","310M300US26860","Indiana, PA Micro Area"
"1989032","*****","310M300US26900","Indianapolis-Carmel-Anderson, IN Metro Area"
"26915","*****","310M300US26940","Indianola, MS Micro Area"
"64147","*****","310M300US26960","Ionia, MI Micro Area"
"166520","*****","310M300US26980","Iowa City, IA Metro Area"
"30048","*****","310M300US27020","Iron Mountain, MI-WI Micro Area"
"104415","*****","310M300US27060","Ithaca, NY Metro Area"
"158989","*****","310M300US27100","Jackson, MI Metro Area"
"578565","*****","310M300US27140","Jackson, MS Metro Area"
"32624","*****","310M300US27160","Jackson, OH Micro Area"
"129538","*****","310M300US27180","Jackson, TN Metro Area"
"33699","*****","310M300US27220","Jackson, WY-ID Micro Area"
"1447884","*****","310M300US27260","Jacksonville, FL Metro Area"
"39551","*****","310M300US27300","Jacksonville, IL Micro Area"
"192685","*****","310M300US27340","Jacksonville, NC Metro Area"
"51594","*****","310M300US27380","Jacksonville, TX Micro Area"
"21058","*****","310M300US27420","Jamestown, ND Micro Area"
"130846","*****","310M300US27460","Jamestown-Dunkirk-Fredonia, NY Micro Area"
"161226","*****","310M300US27500","Janesville-Beloit, WI Metro Area"
"54850","*****","310M300US27540","Jasper, IN Micro Area"
"15297","*****","310M300US27580","Jayuya, PR Micro Area"
"63851","*****","310M300US27600","Jefferson, GA Micro Area"
"151056","*****","310M300US27620","Jefferson City, MO Metro Area"
"31405","*****","310M300US27660","Jennings, LA Micro Area"
"29833","*****","310M300US27700","Jesup, GA Micro Area"
"200767","*****","310M300US27740","Johnson City, TN Metro Area"
"135871","*****","310M300US27780","Johnstown, PA Metro Area"
"128344","*****","310M300US27860","Jonesboro, AR Metro Area"
"176759","*****","310M300US27900","Joplin, MO Metro Area"
"35796","*****","310M300US27920","Junction City, KS Micro Area"
"32434","*****","310M300US27940","Juneau, AK Micro Area"
"164180","*****","310M300US27980","Kahului-Wailuku-Lahaina, HI Metro Area"
"335020","*****","310M300US28020","Kalamazoo-Portage, MI Metro Area"
"96147","*****","310M300US28060","Kalispell, MT Micro Area"
"110801","*****","310M300US28100","Kankakee, IL Metro Area"
"2088830","*****","310M300US28140","Kansas City, MO-KS Metro Area"
"71093","*****","310M300US28180","Kapaa, HI Micro Area"
"55381","*****","310M300US28260","Kearney, NE Micro Area"
"76109","*****","310M300US28300","Keene, NH Micro Area"
"47421","*****","310M300US28340","Kendallville, IN Micro Area"
"30905","*****","310M300US28380","Kennett, MO Micro Area"
"279653","*****","310M300US28420","Kennewick-Richland, WA Metro Area"
"50761","*****","310M300US28500","Kerrville, TX Micro Area"
"13745","*****","310M300US28540","Ketchikan, AK Micro Area"
"76745","*****","310M300US28580","Key West, FL Micro Area"
"39502","*****","310M300US28620","Kill Devil Hills, NC Micro Area"
"432797","*****","310M300US28660","Killeen-Temple, TX Metro Area"
"306745","*****","310M300US28700","Kingsport-Bristol-Bristol, TN-VA Metro Area"
"180129","*****","310M300US28740","Kingston, NY Metro Area"
"32104","214","310M300US28780","Kingsville, TX Micro Area"
"57934","*****","310M300US28820","Kinston, NC Micro Area"
"29887","*****","310M300US28860","Kirksville, MO Micro Area"
"66018","*****","310M300US28900","Klamath Falls, OR Micro Area"
"862490","*****","310M300US28940","Knoxville, TN Metro Area"
"82457","*****","310M300US29020","Kokomo, IN Metro Area"
"60383","*****","310M300US29060","Laconia, NH Micro Area"
"136291","*****","310M300US29100","La Crosse-Onalaska, WI-MN Metro Area"
"487633","*****","310M300US29180","Lafayette, LA Metro Area"
"214760","*****","310M300US29200","Lafayette-West Lafayette, IN Metro Area"
"25810","*****","310M300US29260","La Grande, OR Micro Area"
"69433","*****","310M300US29300","LaGrange, GA Micro Area"
"205559","*****","310M300US29340","Lake Charles, LA Metro Area"
"68484","*****","310M300US29380","Lake City, FL Micro Area"
"204691","*****","310M300US29420","Lake Havasu City-Kingman, AZ Metro Area"
"652256","*****","310M300US29460","Lakeland-Winter Haven, FL Metro Area"
"13095","*****","310M300US29500","Lamesa, TX Micro Area"
"536494","*****","310M300US29540","Lancaster, PA Metro Area"
"472092","*****","310M300US29620","Lansing-East Lansing, MI Metro Area"
"37944","*****","310M300US29660","Laramie, WY Micro Area"
"269624","*****","310M300US29700","Laredo, TX Metro Area"
"213849","*****","310M300US29740","Las Cruces, NM Metro Area"
"28203","*****","310M300US29780","Las Vegas, NM Micro Area"
"2112436","*****","310M300US29820","Las Vegas-Henderson-Paradise, NV Metro Area"
"84875","*****","310M300US29860","Laurel, MS Micro Area"
"35445","*****","310M300US29900","Laurinburg, NC Micro Area"
"117806","*****","310M300US29940","Lawrence, KS Metro Area"
"42591","*****","310M300US29980","Lawrenceburg, TN Micro Area"
"129066","*****","310M300US30020","Lawton, OK Metro Area"
"35488","*****","310M300US30060","Lebanon, MO Micro Area"
"137616","*****","310M300US30140","Lebanon, PA Metro Area"
"23273","*****","310M300US30220","Levelland, TX Micro Area"
"45056","*****","310M300US30260","Lewisburg, PA Micro Area"
"31753","*****","310M300US30280","Lewisburg, TN Micro Area"
"62273","*****","310M300US30300","Lewiston, ID-WA Metro Area"
"107317","*****","310M300US30340","Lewiston-Auburn, ME Metro Area"
"46452","*****","310M300US30380","Lewistown, PA Micro Area"
"25944","*****","310M300US30420","Lexington, NE Micro Area"
"500689","*****","310M300US30460","Lexington-Fayette, KY Metro Area"
"22948","*****","310M300US30580","Liberal, KS Micro Area"
"104157","*****","310M300US30620","Lima, OH Metro Area"
"29488","*****","310M300US30660","Lincoln, IL Micro Area"
"323402","*****","310M300US30700","Lincoln, NE Metro Area"
"730346","*****","310M300US30780","Little Rock-North Little Rock-Conway, AR Metro Area"
"39321","*****","310M300US30820","Lock Haven, PA Micro Area"
"133408","*****","310M300US30860","Logan, UT-ID Metro Area"
"34428","*****","310M300US30880","Logan, WV Micro Area"
"38248","*****","310M300US30900","Logansport, IN Micro Area"
"127352","*****","310M300US30940","London, KY Micro Area"
"216934","*****","310M300US30980","Longview, TX Metro Area"
"103590","*****","310M300US31020","Longview, WA Metro Area"
"18031","*****","310M300US31060","Los Alamos, NM Micro Area"
"13261538","*****","310M300US31080","Los Angeles-Long Beach-Anaheim, CA Metro Area"
"1278203","*****","310M300US31140","Louisville/Jefferson County, KY-IN Metro Area"
"309722","*****","310M300US31180","Lubbock, TX Metro Area"
"28800","*****","310M300US31220","Ludington, MI Micro Area"
"87700","*****","310M300US31260","Lufkin, TX Micro Area"
"134187","*****","310M300US31300","Lumberton, NC Micro Area"
"258995","*****","310M300US31340","Lynchburg, VA Metro Area"
"31597","*****","310M300US31380","Macomb, IL Micro Area"
"229966","*****","310M300US31420","Macon-Bibb County, GA Metro Area"
"154440","*****","310M300US31460","Madera, CA Metro Area"
"32293","*****","310M300US31500","Madison, IN Micro Area"
"640072","*****","310M300US31540","Madison, WI Metro Area"
"45985","*****","310M300US31580","Madisonville, KY Micro Area"
"23992","*****","310M300US31620","Magnolia, AR Micro Area"
"51054","*****","310M300US31660","Malone, NY Micro Area"
"33480","*****","310M300US31680","Malvern, AR Micro Area"
"406371","*****","310M300US31700","Manchester-Nashua, NH Metro Area"
"98884","*****","310M300US31740","Manhattan, KS Metro Area"
"79680","*****","310M300US31820","Manitowoc, WI Micro Area"
"99244","*****","310M300US31860","Mankato-North Mankato, MN Metro Area"
"121533","*****","310M300US31900","Mansfield, OH Metro Area"
"60871","*****","310M300US31930","Marietta, OH Micro Area"
"64101","*****","310M300US31940","Marinette, WI-MI Micro Area"
"67615","*****","310M300US31980","Marion, IN Micro Area"
"45069","*****","310M300US32000","Marion, NC Micro Area"
"65483","*****","310M300US32020","Marion, OH Micro Area"
"67145","*****","310M300US32100","Marquette, MI Micro Area"
"25789","*****","310M300US32140","Marshall, MN Micro Area"
"23010","*****","310M300US32180","Marshall, MO Micro Area"
"66606","*****","310M300US32220","Marshall, TX Micro Area"
"40476","*****","310M300US32260","Marshalltown, IA Micro Area"
"33776","*****","310M300US32280","Martin, TN Micro Area"
"65212","*****","310M300US32300","Martinsville, VA Micro Area"
"22744","*****","310M300US32340","Maryville, MO Micro Area"
"50636","*****","310M300US32380","Mason City, IA Micro Area"
"96089","*****","310M300US32420","Mayagüez, PR Metro Area"
"37259","*****","310M300US32460","Mayfield, KY Micro Area"
"17167","*****","310M300US32500","Maysville, KY Micro Area"
"44673","*****","310M300US32540","McAlester, OK Micro Area"
"839539","*****","310M300US32580","McAllen-Edinburg-Mission, TX Metro Area"
"52337","*****","310M300US32620","McComb, MS Micro Area"
"40210","*****","310M300US32660","McMinnville, TN Micro Area"
"28792","*****","310M300US32700","McPherson, KS Micro Area"
"86847","*****","310M300US32740","Meadville, PA Micro Area"
"212070","*****","310M300US32780","Medford, OR Metro Area"
"1344058","*****","310M300US32820","Memphis, TN-MS-AR Metro Area"
"44260","*****","310M300US32860","Menomonie, WI Micro Area"
"267390","*****","310M300US32900","Merced, CA Metro Area"
"104392","*****","310M300US32940","Meridian, MS Micro Area"
"27994","*****","310M300US32980","Merrill, WI Micro Area"
"25763","*****","310M300US33020","Mexico, MO Micro Area"
"31725","*****","310M300US33060","Miami, OK Micro Area"
"6019790","*****","310M300US33100","Miami-Fort Lauderdale-West Palm Beach, FL Metro Area"
"110839","*****","310M300US33140","Michigan City-La Porte, IN Metro Area"
"27469","*****","310M300US33180","Middlesborough, KY Micro Area"
"83489","*****","310M300US33220","Midland, MI Metro Area"
"165430","*****","310M300US33260","Midland, TX Metro Area"
"54194","*****","310M300US33300","Milledgeville, GA Micro Area"
"1575101","*****","310M300US33340","Milwaukee-Waukesha-West Allis, WI Metro Area"
"28109","*****","310M300US33420","Mineral Wells, TX Micro Area"
"3526149","*****","310M300US33460","Minneapolis-St. Paul-Bloomington, MN-WI Metro Area"
"78122","*****","310M300US33500","Minot, ND Micro Area"
"114231","*****","310M300US33540","Missoula, MT Metro Area"
"23157","*****","310M300US33580","Mitchell, SD Micro Area"
"24987","*****","310M300US33620","Moberly, MO Micro Area"
"414328","*****","310M300US33660","Mobile, AL Metro Area"
"535684","*****","310M300US33700","Modesto, CA Metro Area"
"178970","*****","310M300US33740","Monroe, LA Metro Area"
"149619","*****","310M300US33780","Monroe, MI Metro Area"
"373507","*****","310M300US33860","Montgomery, AL Metro Area"
"40908","*****","310M300US33940","Montrose, CO Micro Area"
"68699","*****","310M300US33980","Morehead City, NC Micro Area"
"52578","*****","310M300US34020","Morgan City, LA Micro Area"
"137475","*****","310M300US34060","Morgantown, WV Metro Area"
"116352","*****","310M300US34100","Morristown, TN Metro Area"
"38697","*****","310M300US34140","Moscow, ID Micro Area"
"93420","*****","310M300US34180","Moses Lake, WA Micro Area"
"45890","*****","310M300US34220","Moultrie, GA Micro Area"
"41093","*****","310M300US34260","Mountain Home, AR Micro Area"
"26232","*****","310M300US34300","Mountain Home, ID Micro Area"
"72315","*****","310M300US34340","Mount Airy, NC Micro Area"
"70572","*****","310M300US34380","Mount Pleasant, MI Micro Area"
"32664","*****","310M300US34420","Mount Pleasant, TX Micro Area"
"46120","*****","310M300US34460","Mount Sterling, KY Micro Area"
"38358","*****","310M300US34500","Mount Vernon, IL Micro Area"
"60945","*****","310M300US34540","Mount Vernon, OH Micro Area"
"121725","*****","310M300US34580","Mount Vernon-Anacortes, WA Metro Area"
"115938","*****","310M300US34620","Muncie, IN Metro Area"
"38616","*****","310M300US34660","Murray, KY Micro Area"
"42923","*****","310M300US34700","Muscatine, IA Micro Area"
"172707","*****","310M300US34740","Muskegon, MI Metro Area"
"69471","*****","310M300US34780","Muskogee, OK Micro Area"
"432772","*****","310M300US34820","Myrtle Beach-Conway-North Myrtle Beach, SC-NC Metro Area"
"65411","*****","310M300US34860","Nacogdoches, TX Micro Area"
"141005","*****","310M300US34900","Napa, CA Metro Area"
"356774","*****","310M300US34940","Naples-Immokalee-Marco Island, FL Metro Area"
"1830410","*****","310M300US34980","Nashville-Davidson--Murfreesboro--Franklin, TN Metro Area"
"51794","*****","310M300US35020","Natchez, MS-LA Micro Area"
"39051","*****","310M300US35060","Natchitoches, LA Micro Area"
"125953","*****","310M300US35100","New Bern, NC Metro Area"
"37914","*****","310M300US35140","Newberry, SC Micro Area"
"48649","*****","310M300US35220","New Castle, IN Micro Area"
"88231","*****","310M300US35260","New Castle, PA Micro Area"
"862127","*****","310M300US35300","New Haven-Milford, CT Metro Area"
"1260660","*****","310M300US35380","New Orleans-Metairie, LA Metro Area"
"92531","*****","310M300US35420","New Philadelphia-Dover, OH Micro Area"
"47307","*****","310M300US35440","Newport, OR Micro Area"
"35262","*****","310M300US35460","Newport, TN Micro Area"
"36789","*****","310M300US35500","Newton, IA Micro Area"
"25243","*****","310M300US35580","New Ulm, MN Micro Area"
"20192042","*****","310M300US35620","New York-Newark-Jersey City, NY-NJ-PA Metro Area"
"154948","*****","310M300US35660","Niles-Benton Harbor, MI Metro Area"
"46358","*****","310M300US35700","Nogales, AZ Micro Area"
"48257","*****","310M300US35740","Norfolk, NE Micro Area"
"36920","94","310M300US35820","North Platte, NE Micro Area"
"768381","*****","310M300US35840","North Port-Sarasota-Bradenton, FL Metro Area"
"27840","*****","310M300US35860","North Vernon, IN Micro Area"
"68525","*****","310M300US35900","North Wilkesboro, NC Micro Area"
"58497","*****","310M300US35940","Norwalk, OH Micro Area"
"270772","*****","310M300US35980","Norwich-New London, CT Metro Area"
"80323","*****","310M300US36020","Oak Harbor, WA Micro Area"
"343778","*****","310M300US36100","Ocala, FL Metro Area"
"94549","*****","310M300US36140","Ocean City, NJ Metro Area"
"155744","*****","310M300US36220","Odessa, TX Metro Area"
"642274","*****","310M300US36260","Ogden-Clearfield, UT Metro Area"
"110817","*****","310M300US36300","Ogdensburg-Massena, NY Micro Area"
"52880","*****","310M300US36340","Oil City, PA Micro Area"
"40228","*****","310M300US36380","Okeechobee, FL Micro Area"
"1353504","*****","310M300US36420","Oklahoma City, OK Metro Area"
"78175","*****","310M300US36460","Olean, NY Micro Area"
"269885","*****","310M300US36500","Olympia-Tumwater, WA Metro Area"
"914190","*****","310M300US36540","Omaha-Council Bluffs, NE-IA Metro Area"
"60750","*****","310M300US36580","Oneonta, NY Micro Area"
"53260","*****","310M300US36620","Ontario, OR-ID Micro Area"
"83580","*****","310M300US36660","Opelousas, LA Micro Area"
"89116","*****","310M300US36700","Orangeburg, SC Micro Area"
"2390859","*****","310M300US36740","Orlando-Kissimmee-Sanford, FL Metro Area"
"169540","*****","310M300US36780","Oshkosh-Neenah, WI Metro Area"
"22301","*****","310M300US36820","Oskaloosa, IA Micro Area"
"19261","*****","310M300US36830","Othello, WA Micro Area"
"25599","*****","310M300US36840","Ottawa, KS Micro Area"
"150541","*****","310M300US36860","Ottawa-Peru, IL Micro Area"
"44155","*****","310M300US36900","Ottumwa, IA Micro Area"
"36612","*****","310M300US36940","Owatonna, MN Micro Area"
"117319","*****","310M300US36980","Owensboro, KY Metro Area"
"68617","*****","310M300US37020","Owosso, MI Micro Area"
"52744","*****","310M300US37060","Oxford, MS Micro Area"
"58503","*****","310M300US37080","Oxford, NC Micro Area"
"847834","*****","310M300US37100","Oxnard-Thousand Oaks-Ventura, CA Metro Area"
"49393","*****","310M300US37120","Ozark, AL Micro Area"
"97319","*****","310M300US37140","Paducah, KY-IL Micro Area"
"43296","*****","310M300US37220","Pahrump, NV Micro Area"
"72435","*****","310M300US37260","Palatka, FL Micro Area"
"57747","*****","310M300US37300","Palestine, TX Micro Area"
"568183","*****","310M300US37340","Palm Bay-Melbourne-Titusville, FL Metro Area"
"22962","*****","310M300US37420","Pampa, TX Micro Area"
"196135","*****","310M300US37460","Panama City, FL Metro Area"
"44197","*****","310M300US37500","Paragould, AR Micro Area"
"32263","*****","310M300US37540","Paris, TN Micro Area"
"49401","*****","310M300US37580","Paris, TX Micro Area"
"91816","*****","310M300US37620","Parkersburg-Vienna, WV Metro Area"
"20553","*****","310M300US37660","Parsons, KS Micro Area"
"53145","*****","310M300US37740","Payson, AZ Micro Area"
"14791","*****","310M300US37780","Pecos, TX Micro Area"
"33127","*****","310M300US37800","Pella, IA Micro Area"
"476702","*****","310M300US37860","Pensacola-Ferry Pass-Brent, FL Metro Area"
"377258","*****","310M300US37900","Peoria, IL Metro Area"
"36035","*****","310M300US37940","Peru, IN Micro Area"
"6065644","*****","310M300US37980","Philadelphia-Camden-Wilmington, PA-NJ-DE-MD Metro Area"
"4561038","*****","310M300US38060","Phoenix-Mesa-Scottsdale, AZ Metro Area"
"55049","*****","310M300US38100","Picayune, MS Micro Area"
"21956","86","310M300US38180","Pierre, SD Micro Area"
"93590","*****","310M300US38220","Pine Bluff, AR Metro Area"
"94191","*****","310M300US38240","Pinehurst-Southern Pines, NC Micro Area"
"39099","*****","310M300US38260","Pittsburg, KS Micro Area"
"2348143","*****","310M300US38300","Pittsburgh, PA Metro Area"
"127751","*****","310M300US38340","Pittsfield, MA Metro Area"
"34527","*****","310M300US38380","Plainview, TX Micro Area"
"51742","*****","310M300US38420","Platteville, WI Micro Area"
"81224","*****","310M300US38460","Plattsburgh, NY Micro Area"
"46752","*****","310M300US38500","Plymouth, IN Micro Area"
"84113","*****","310M300US38540","Pocatello, ID Metro Area"
"57203","*****","310M300US38580","Point Pleasant, WV-OH Micro Area"
"45173","*****","310M300US38620","Ponca City, OK Micro Area"
"316625","*****","310M300US38660","Ponce, PR Metro Area"
"36812","*****","310M300US38700","Pontiac, IL Micro Area"
"42826","*****","310M300US38740","Poplar Bluff, MO Micro Area"
"19313","*****","310M300US38780","Portales, NM Micro Area"
"73439","*****","310M300US38820","Port Angeles, WA Micro Area"
"40769","*****","310M300US38840","Port Clinton, OH Micro Area"
"525776","*****","310M300US38860","Portland-South Portland, ME Metro Area"
"2382037","*****","310M300US38900","Portland-Vancouver-Hillsboro, OR-WA Metro Area"
"21821","*****","310M300US38920","Port Lavaca, TX Micro Area"
"454482","*****","310M300US38940","Port St. Lucie, FL Metro Area"
"76871","*****","310M300US39020","Portsmouth, OH Micro Area"
"144287","*****","310M300US39060","Pottsville, PA Micro Area"
"220972","*****","310M300US39140","Prescott, AZ Metro Area"
"20512","*****","310M300US39220","Price, UT Micro Area"
"21717","*****","310M300US39260","Prineville, OR Micro Area"
"1613154","*****","310M300US39300","Providence-Warwick, RI-MA Metro Area"
"587190","*****","310M300US39340","Provo-Orem, UT Metro Area"
"163368","*****","310M300US39380","Pueblo, CO Metro Area"
"47794","*****","310M300US39420","Pullman, WA Micro Area"
"173236","*****","310M300US39460","Punta Gorda, FL Metro Area"
"76865","*****","310M300US39500","Quincy, IL-MO Micro Area"
"195101","*****","310M300US39540","Racine, WI Metro Area"
"1273985","*****","310M300US39580","Raleigh, NC Metro Area"
"143711","*****","310M300US39660","Rapid City, SD Metro Area"
"21839","*****","310M300US39700","Raymondville, TX Micro Area"
"415500","*****","310M300US39740","Reading, PA Metro Area"
"63247","*****","310M300US39780","Red Bluff, CA Micro Area"
"178919","*****","310M300US39820","Redding, CA Metro Area"
"46138","*****","310M300US39860","Red Wing, MN Micro Area"
"449442","*****","310M300US39900","Reno, NV Metro Area"
"51130","*****","310M300US39940","Rexburg, ID Micro Area"
"66972","*****","310M300US39980","Richmond, IN Micro Area"
"1270158","*****","310M300US40060","Richmond, VA Metro Area"
"105191","*****","310M300US40080","Richmond-Berea, KY Micro Area"
"63420","*****","310M300US40100","Rio Grande City, TX Micro Area"
"4476222","*****","310M300US40140","Riverside-San Bernardino-Ontario, CA Metro Area"
"40354","*****","310M300US40180","Riverton, WY Micro Area"
"313069","*****","310M300US40220","Roanoke, VA Metro Area"
"72726","*****","310M300US40260","Roanoke Rapids, NC Micro Area"
"51619","*****","310M300US40300","Rochelle, IL Micro Area"
"214485","*****","310M300US40340","Rochester, MN Metro Area"
"1080653","*****","310M300US40380","Rochester, NY Metro Area"
"341150","*****","310M300US40420","Rockford, IL Metro Area"
"45447","*****","310M300US40460","Rockingham, NC Micro Area"
"44527","*****","310M300US40540","Rock Springs, WY Micro Area"
"148157","*****","310M300US40580","Rocky Mount, NC Metro Area"
"44873","*****","310M300US40620","Rolla, MO Micro Area"
"96471","*****","310M300US40660","Rome, GA Metro Area"
"107576","*****","310M300US40700","Roseburg, OR Micro Area"
"65454","*****","310M300US40740","Roswell, NM Micro Area"
"19497","*****","310M300US40760","Ruidoso, NM Micro Area"
"84973","*****","310M300US40780","Russellville, AR Micro Area"
"47536","*****","310M300US40820","Ruston, LA Micro Area"
"59676","*****","310M300US40860","Rutland, VT Micro Area"
"2268005","*****","310M300US40900","Sacramento--Roseville--Arden-Arcade, CA Metro Area"
"37700","*****","310M300US40940","Safford, AZ Micro Area"
"193803","*****","310M300US40980","Saginaw, MI Metro Area"
"194660","*****","310M300US41060","St. Cloud, MN Metro Area"
"155577","*****","310M300US41100","St. George, UT Metro Area"
"127137","*****","310M300US41140","St. Joseph, MO-KS Metro Area"
"2804998","*****","310M300US41180","St. Louis, MO-IL Metro Area"
"52252","*****","310M300US41220","St. Marys, GA Micro Area"
"30781","*****","310M300US41260","St. Marys, PA Micro Area"
"104584","*****","310M300US41400","Salem, OH Micro Area"
"410119","*****","310M300US41420","Salem, OR Metro Area"
"61291","*****","310M300US41460","Salina, KS Micro Area"
"433168","*****","310M300US41500","Salinas, CA Metro Area"
"394925","*****","310M300US41540","Salisbury, MD-DE Metro Area"
"1170057","*****","310M300US41620","Salt Lake City, UT Metro Area"
"118498","142","310M300US41660","San Angelo, TX Metro Area"
"2377507","*****","310M300US41700","San Antonio-New Braunfels, TX Metro Area"
"3283665","*****","310M300US41740","San Diego-Carlsbad, CA Metro Area"
"41855","*****","310M300US41760","Sandpoint, ID Micro Area"
"75369","*****","310M300US41780","Sandusky, OH Micro Area"
"59805","*****","310M300US41820","Sanford, NC Micro Area"
"4641820","*****","310M300US41860","San Francisco-Oakland-Hayward, CA Metro Area"
"130166","*****","310M300US41900","San Germán, PR Metro Area"
"1969897","*****","310M300US41940","San Jose-Sunnyvale-Santa Clara, CA Metro Area"
"2193264","*****","310M300US41980","San Juan-Carolina-Caguas, PR Metro Area"
"280119","*****","310M300US42020","San Luis Obispo-Paso Robles-Arroyo Grande, CA Metro Area"
"273263","*****","310M300US42100","Santa Cruz-Watsonville, CA Metro Area"
"147514","*****","310M300US42140","Santa Fe, NM Metro Area"
"22475","*****","310M300US42180","Santa Isabel, PR Micro Area"
"442996","*****","310M300US42200","Santa Maria-Santa Barbara, CA Metro Area"
"500943","*****","310M300US42220","Santa Rosa, CA Metro Area"
"38023","*****","310M300US42300","Sault Ste. Marie, MI Micro Area"
"377476","*****","310M300US42340","Savannah, GA Metro Area"
"61546","*****","310M300US42380","Sayre, PA Micro Area"
"38493","*****","310M300US42420","Scottsbluff, NE Micro Area"
"52326","*****","310M300US42460","Scottsboro, AL Micro Area"
"557942","*****","310M300US42540","Scranton--Wilkes-Barre--Hazleton, PA Metro Area"
"78706","*****","310M300US42620","Searcy, AR Micro Area"
"3735216","*****","310M300US42660","Seattle-Tacoma-Bellevue, WA Metro Area"
"147981","*****","310M300US42680","Sebastian-Vero Beach, FL Metro Area"
"100177","*****","310M300US42700","Sebring, FL Metro Area"
"42309","*****","310M300US42740","Sedalia, MO Micro Area"
"40570","*****","310M300US42780","Selinsgrove, PA Micro Area"
"40755","*****","310M300US42820","Selma, AL Micro Area"
"75926","*****","310M300US42860","Seneca, SC Micro Area"
"34843","*****","310M300US42900","Seneca Falls, NY Micro Area"
"95523","*****","310M300US42940","Sevierville, TN Micro Area"
"43779","*****","310M300US42980","Seymour, IN Micro Area"
"45642","*****","310M300US43020","Shawano, WI Micro Area"
"71614","*****","310M300US43060","Shawnee, OK Micro Area"
"115094","*****","310M300US43100","Sheboygan, WI Metro Area"
"97038","*****","310M300US43140","Shelby, NC Micro Area"
"46854","*****","310M300US43180","Shelbyville, TN Micro Area"
"61569","*****","310M300US43220","Shelton, WA Micro Area"
"29964","*****","310M300US43260","Sheridan, WY Micro Area"
"126146","*****","310M300US43300","Sherman-Denison, TX Metro Area"
"107902","*****","310M300US43320","Show Low, AZ Micro Area"
"443974","*****","310M300US43340","Shreveport-Bossier City, LA Metro Area"
"48902","*****","310M300US43380","Sidney, OH Micro Area"
"126516","*****","310M300US43420","Sierra Vista-Douglas, AZ Metro Area"
"38858","*****","310M300US43460","Sikeston, MO Micro Area"
"28382","*****","310M300US43500","Silver City, NM Micro Area"
"168647","*****","310M300US43580","Sioux City, IA-NE-SD Metro Area"
"250564","*****","310M300US43620","Sioux Falls, SD Metro Area"
"17346","*****","310M300US43660","Snyder, TX Micro Area"
"63974","*****","310M300US43700","Somerset, KY Micro Area"
"75619","*****","310M300US43740","Somerset, PA Micro Area"
"53899","*****","310M300US43760","Sonora, CA Micro Area"
"320010","*****","310M300US43780","South Bend-Mishawaka, IN-MI Metro Area"
"325504","*****","310M300US43900","Spartanburg, SC Metro Area"
"25018","*****","310M300US43940","Spearfish, SD Micro Area"
"16387","*****","310M300US43980","Spencer, IA Micro Area"
"17000","*****","310M300US44020","Spirit Lake, IA Micro Area"
"547688","*****","310M300US44060","Spokane-Spokane Valley, WA Metro Area"
"210550","*****","310M300US44100","Springfield, IL Metro Area"
"630385","*****","310M300US44140","Springfield, MA Metro Area"
"455133","*****","310M300US44180","Springfield, MO Metro Area"
"135520","*****","310M300US44220","Springfield, OH Metro Area"
"49392","*****","310M300US44260","Starkville, MS Micro Area"
"160646","*****","310M300US44300","State College, PA Metro Area"
"73742","*****","310M300US44340","Statesboro, GA Micro Area"
"120283","*****","310M300US44420","Staunton-Waynesboro, VA Metro Area"
"24359","*****","310M300US44460","Steamboat Springs, CO Micro Area"
"41016","*****","310M300US44500","Stephenville, TX Micro Area"
"21885","*****","310M300US44540","Sterling, CO Micro Area"
"56823","*****","310M300US44580","Sterling, IL Micro Area"
"70371","*****","310M300US44620","Stevens Point, WI Micro Area"
"80634","*****","310M300US44660","Stillwater, OK Micro Area"
"724153","*****","310M300US44700","Stockton-Lodi, CA Metro Area"
"20369","*****","310M300US44740","Storm Lake, IA Micro Area"
"60890","*****","310M300US44780","Sturgis, MI Micro Area"
"35929","*****","310M300US44860","Sulphur Springs, TX Micro Area"
"24880","*****","310M300US44900","Summerville, GA Micro Area"
"39731","*****","310M300US44920","Summit Park, UT Micro Area"
"107379","*****","310M300US44940","Sumter, SC Metro Area"
"93038","*****","310M300US44980","Sunbury, PA Micro Area"
"31470","*****","310M300US45000","Susanville, CA Micro Area"
"14990","*****","310M300US45020","Sweetwater, TX Micro Area"
"659262","*****","310M300US45060","Syracuse, NY Metro Area"
"48404","*****","310M300US45140","Tahlequah, OK Micro Area"
"91843","*****","310M300US45180","Talladega-Sylacauga, AL Micro Area"
"377674","*****","310M300US45220","Tallahassee, FL Metro Area"
"2978209","*****","310M300US45300","Tampa-St. Petersburg-Clearwater, FL Metro Area"
"32809","*****","310M300US45340","Taos, NM Micro Area"
"33562","*****","310M300US45380","Taylorville, IL Micro Area"
"170642","*****","310M300US45460","Terre Haute, IN Metro Area"
"149889","*****","310M300US45500","Texarkana, TX-AR Metro Area"
"25687","*****","310M300US45520","The Dalles, OR Micro Area"
"116754","*****","310M300US45540","The Villages, FL Metro Area"
"26241","*****","310M300US45580","Thomaston, GA Micro Area"
"44909","*****","310M300US45620","Thomasville, GA Micro Area"
"55549","*****","310M300US45660","Tiffin, OH Micro Area"
"40531","*****","310M300US45700","Tifton, GA Micro Area"
"25625","*****","310M300US45740","Toccoa, GA Micro Area"
"605204","*****","310M300US45780","Toledo, OH Metro Area"
"233382","*****","310M300US45820","Topeka, KS Metro Area"
"184454","*****","310M300US45860","Torrington, CT Micro Area"
"147606","*****","310M300US45900","Traverse City, MI Micro Area"
"373362","*****","310M300US45940","Trenton, NJ Metro Area"
"33287","*****","310M300US45980","Troy, AL Micro Area"
"98838","*****","310M300US46020","Truckee-Grass Valley, CA Micro Area"
"1007257","*****","310M300US46060","Tucson, AZ Metro Area"
"101773","*****","310M300US46100","Tullahoma-Manchester, TN Micro Area"
"977869","*****","310M300US46140","Tulsa, OK Metro Area"
"139354","*****","310M300US46180","Tupelo, MS Micro Area"
"239589","*****","310M300US46220","Tuscaloosa, AL Metro Area"
"105287","*****","310M300US46300","Twin Falls, ID Micro Area"
"222277","*****","310M300US46340","Tyler, TX Metro Area"
"87497","*****","310M300US46380","Ukiah, CA Micro Area"
"36918","*****","310M300US46460","Union City, TN-KY Micro Area"
"39005","*****","310M300US46500","Urbana, OH Micro Area"
"990060","*****","310M300US46520","Urban Honolulu, HI Metro Area"
"295267","*****","310M300US46540","Utica-Rome, NY Metro Area"
"27015","*****","310M300US46620","Uvalde, TX Micro Area"
"143969","*****","310M300US46660","Valdosta, GA Metro Area"
"434981","*****","310M300US46700","Vallejo-Fairfield, CA Metro Area"
"33895","*****","310M300US46740","Valley, AL Micro Area"
"28262","*****","310M300US46780","Van Wert, OH Micro Area"
"13907","*****","310M300US46820","Vermillion, SD Micro Area"
"36343","*****","310M300US46860","Vernal, UT Micro Area"
"12972","*****","310M300US46900","Vernon, TX Micro Area"
"56616","*****","310M300US46980","Vicksburg, MS Micro Area"
"99028","*****","310M300US47020","Victoria, TX Metro Area"
"36122","*****","310M300US47080","Vidalia, GA Micro Area"
"37763","*****","310M300US47180","Vincennes, IN Micro Area"
"154952","*****","310M300US47220","Vineland-Bridgeton, NJ Metro Area"
"17275","*****","310M300US47240","Vineyard Haven, MA Micro Area"
"1717708","*****","310M300US47260","Virginia Beach-Norfolk-Newport News, VA-NC Metro Area"
"458809","*****","310M300US47300","Visalia-Porterville, CA Metro Area"
"31848","*****","310M300US47340","Wabash, IN Micro Area"
"263009","*****","310M300US47380","Waco, TX Metro Area"
"22731","*****","310M300US47420","Wahpeton, ND-MN Micro Area"
"63861","*****","310M300US47460","Walla Walla, WA Metro Area"
"45778","*****","310M300US47540","Wapakoneta, OH Micro Area"
"188764","*****","310M300US47580","Warner Robins, GA Metro Area"
"40345","*****","310M300US47620","Warren, PA Micro Area"
"53941","*****","310M300US47660","Warrensburg, MO Micro Area"
"78720","*****","310M300US47700","Warsaw, IN Micro Area"
"32777","*****","310M300US47780","Washington, IN Micro Area"
"47316","*****","310M300US47820","Washington, NC Micro Area"
"6090196","*****","310M300US47900","Washington-Arlington-Alexandria, DC-VA-MD-WV Metro Area"
"28659","*****","310M300US47920","Washington Court House, OH Micro Area"
"170055","*****","310M300US47940","Waterloo-Cedar Falls, IA Metro Area"
"27963","*****","310M300US47980","Watertown, SD Micro Area"
"84586","*****","310M300US48020","Watertown-Fort Atkinson, WI Micro Area"
"116567","*****","310M300US48060","Watertown-Fort Drum, NY Metro Area"
"27326","*****","310M300US48100","Wauchula, FL Micro Area"
"135293","*****","310M300US48140","Wausau, WI Metro Area"
"54829","*****","310M300US48180","Waycross, GA Micro Area"
"29169","*****","310M300US48220","Weatherford, OK Micro Area"
"120337","*****","310M300US48260","Weirton-Steubenville, WV-OH Metro Area"
"115723","*****","310M300US48300","Wenatchee, WA Metro Area"
"40139","*****","310M300US48460","West Plains, MO Micro Area"
"19990","*****","310M300US48500","West Point, MS Micro Area"
"143801","*****","310M300US48540","Wheeling, WV-OH Metro Area"
"102917","*****","310M300US48580","Whitewater-Elkhorn, WI Micro Area"
"642339","*****","310M300US48620","Wichita, KS Metro Area"
"150940","*****","310M300US48660","Wichita Falls, TX Metro Area"
"115398","*****","310M300US48700","Williamsport, PA Metro Area"
"32916","*****","310M300US48780","Williston, ND Micro Area"
"42577","*****","310M300US48820","Willmar, MN Micro Area"
"277496","*****","310M300US48900","Wilmington, NC Metro Area"
"41869","*****","310M300US48940","Wilmington, OH Micro Area"
"81379","*****","310M300US48980","Wilson, NC Micro Area"
"134712","*****","310M300US49020","Winchester, VA-WV Metro Area"
"17088","*****","310M300US49080","Winnemucca, NV Micro Area"
"50992","*****","310M300US49100","Winona, MN Micro Area"
"658195","*****","310M300US49180","Winston-Salem, NC Metro Area"
"73427","*****","310M300US49220","Wisconsin Rapids-Marshfield, WI Micro Area"
"21140","*****","310M300US49260","Woodward, OK Micro Area"
"115915","*****","310M300US49300","Wooster, OH Micro Area"
"934923","*****","310M300US49340","Worcester, MA-CT Metro Area"
"21854","*****","310M300US49380","Worthington, MN Micro Area"
"248279","*****","310M300US49420","Yakima, WA Metro Area"
"22660","*****","310M300US49460","Yankton, SD Micro Area"
"442216","*****","310M300US49620","York-Hanover, PA Metro Area"
"548821","*****","310M300US49660","Youngstown-Warren-Boardman, OH-PA Metro Area"
"170227","*****","310M300US49700","Yuba City, CA Metro Area"
"204281","*****","310M300US49740","Yuma, AZ Metro Area"
"85933","*****","310M300US49780","Zanesville, OH Micro Area"
"14415","*****","310M300US49820","Zapata, TX Micro Area"
