"B01003_001E","B01003_001M","GEO_ID","NAME"
"Estimate!!Total","Margin of Error!!Total","id","Geographic Area Name"
"42078","*****","310M200US10100","Aberdeen, SD Micro Area"
"71419","*****","310M200US10140","Aberdeen, WA Micro Area"
"167945","*****","310M200US10180","Abilene, TX Metro Area"
"38055","*****","310M200US10220","Ada, OK Micro Area"
"18962","*****","310M200US10260","Adjuntas, PR Micro Area"
"98902","*****","310M200US10300","Adrian, MI Micro Area"
"325921","*****","310M200US10380","Aguadilla-Isabela, PR Metro Area"
"703744","*****","310M200US10420","Akron, OH Metro Area"
"65318","*****","310M200US10460","Alamogordo, NM Micro Area"
"155917","*****","310M200US10500","Albany, GA Metro Area"
"118971","*****","310M200US10540","Albany, OR Metro Area"
"877846","*****","310M200US10580","Albany-Schenectady-Troy, NY Metro Area"
"60586","*****","310M200US10620","Albemarle, NC Micro Area"
"30897","*****","310M200US10660","Albert Lea, MN Micro Area"
"94318","*****","310M200US10700","Albertville, AL Micro Area"
"902731","*****","310M200US10740","Albuquerque, NM Metro Area"
"154587","*****","310M200US10780","Alexandria, LA Metro Area"
"36620","*****","310M200US10820","Alexandria, MN Micro Area"
"41461","*****","310M200US10860","Alice, TX Micro Area"
"828232","*****","310M200US10900","Allentown-Bethlehem-Easton, PA-NJ Metro Area"
"41878","*****","310M200US10940","Alma, MI Micro Area"
"29068","*****","310M200US10980","Alpena, MI Micro Area"
"126448","*****","310M200US11020","Altoona, PA Metro Area"
"26056","*****","310M200US11060","Altus, OK Micro Area"
"259216","88","310M200US11100","Amarillo, TX Metro Area"
"36503","*****","310M200US11140","Americus, GA Micro Area"
"93586","*****","310M200US11180","Ames, IA Metro Area"
"49779","*****","310M200US11220","Amsterdam, NY Micro Area"
"395285","*****","310M200US11260","Anchorage, AK Metro Area"
"16775","*****","310M200US11380","Andrews, TX Micro Area"
"34267","*****","310M200US11420","Angola, IN Micro Area"
"354092","*****","310M200US11460","Ann Arbor, MI Metro Area"
"116648","*****","310M200US11500","Anniston-Oxford-Jacksonville, AL Metro Area"
"230108","*****","310M200US11540","Appleton, WI Metro Area"
"34957","*****","310M200US11580","Arcadia, FL Micro Area"
"48442","*****","310M200US11620","Ardmore, OK Micro Area"
"193243","*****","310M200US11640","Arecibo, PR Metro Area"
"22751","*****","310M200US11660","Arkadelphia, AR Micro Area"
"36079","*****","310M200US11680","Arkansas City-Winfield, KS Micro Area"
"437252","*****","310M200US11700","Asheville, NC Metro Area"
"53189","*****","310M200US11740","Ashland, OH Micro Area"
"99777","*****","310M200US11780","Ashtabula, OH Micro Area"
"37382","*****","310M200US11820","Astoria, OR Micro Area"
"16633","*****","310M200US11860","Atchison, KS Micro Area"
"64974","*****","310M200US11900","Athens, OH Micro Area"
"52506","*****","310M200US11940","Athens, TN Micro Area"
"79016","*****","310M200US11980","Athens, TX Micro Area"
"198225","*****","310M200US12020","Athens-Clarke County, GA Metro Area"
"5535837","*****","310M200US12060","Atlanta-Sandy Springs-Roswell, GA Metro Area"
"275376","*****","310M200US12100","Atlantic City-Hammonton, NJ Metro Area"
"42449","*****","310M200US12140","Auburn, IN Micro Area"
"79173","*****","310M200US12180","Auburn, NY Micro Area"
"150982","*****","310M200US12220","Auburn-Opelika, AL Metro Area"
"580178","*****","310M200US12260","Augusta-Richmond County, GA-SC Metro Area"
"121112","*****","310M200US12300","Augusta-Waterville, ME Micro Area"
"39227","*****","310M200US12380","Austin, MN Micro Area"
"1889094","*****","310M200US12420","Austin-Round Rock, TX Metro Area"
"27378","*****","310M200US12460","Bainbridge, GA Micro Area"
"865736","*****","310M200US12540","Bakersfield, CA Metro Area"
"2769818","*****","310M200US12580","Baltimore-Columbia-Towson, MD Metro Area"
"153437","*****","310M200US12620","Bangor, ME Metro Area"
"62992","*****","310M200US12660","Baraboo, WI Micro Area"
"44564","*****","310M200US12680","Bardstown, KY Micro Area"
"214766","*****","310M200US12700","Barnstable Town, MA Metro Area"
"59132","*****","310M200US12740","Barre, VT Micro Area"
"51760","*****","310M200US12780","Bartlesville, OK Micro Area"
"27012","*****","310M200US12820","Bastrop, LA Micro Area"
"59458","*****","310M200US12860","Batavia, NY Micro Area"
"36952","*****","310M200US12900","Batesville, AR Micro Area"
"819861","*****","310M200US12940","Baton Rouge, LA Metro Area"
"134790","*****","310M200US12980","Battle Creek, MI Metro Area"
"106698","*****","310M200US13020","Bay City, MI Metro Area"
"36598","*****","310M200US13060","Bay City, TX Micro Area"
"21818","*****","310M200US13100","Beatrice, NE Micro Area"
"405695","*****","310M200US13140","Beaumont-Port Arthur, TX Metro Area"
"88547","*****","310M200US13180","Beaver Dam, WI Micro Area"
"124027","*****","310M200US13220","Beckley, WV Metro Area"
"45814","*****","310M200US13260","Bedford, IN Micro Area"
"32659","*****","310M200US13300","Beeville, TX Micro Area"
"45484","*****","310M200US13340","Bellefontaine, OH Micro Area"
"207100","*****","310M200US13380","Bellingham, WA Metro Area"
"45434","*****","310M200US13420","Bemidji, MN Micro Area"
"166622","*****","310M200US13460","Bend-Redmond, OR Metro Area"
"27993","*****","310M200US13500","Bennettsville, SC Micro Area"
"36589","*****","310M200US13540","Bennington, VT Micro Area"
"38077","*****","310M200US13620","Berlin, NH-VT Micro Area"
"43301","*****","310M200US13660","Big Rapids, MI Micro Area"
"37285","114","310M200US13700","Big Spring, TX Micro Area"
"60000","*****","310M200US13720","Big Stone Gap, VA Micro Area"
"164716","110","310M200US13740","Billings, MT Metro Area"
"248292","*****","310M200US13780","Binghamton, NY Metro Area"
"1138476","*****","310M200US13820","Birmingham-Hoover, AL Metro Area"
"123407","86","310M200US13900","Bismarck, ND Metro Area"
"45407","*****","310M200US13940","Blackfoot, ID Micro Area"
"180482","*****","310M200US13980","Blacksburg-Christiansburg-Radford, VA Metro Area"
"189502","*****","310M200US14010","Bloomington, IL Metro Area"
"163596","*****","310M200US14020","Bloomington, IN Metro Area"
"85420","*****","310M200US14100","Bloomsburg-Berwick, PA Metro Area"
"105761","*****","310M200US14140","Bluefield, WV-VA Micro Area"
"44864","*****","310M200US14180","Blytheville, AR Micro Area"
"46556","*****","310M200US14220","Bogalusa, LA Micro Area"
"651402","*****","310M200US14260","Boise City, ID Metro Area"
"26401","*****","310M200US14340","Boone, IA Micro Area"
"52240","*****","310M200US14380","Boone, NC Micro Area"
"21858","*****","310M200US14420","Borger, TX Micro Area"
"4694565","*****","310M200US14460","Boston-Cambridge-Newton, MA-NH Metro Area"
"310032","*****","310M200US14500","Boulder, CO Metro Area"
"164245","*****","310M200US14540","Bowling Green, KY Metro Area"
"95323","*****","310M200US14580","Bozeman, MT Micro Area"
"42884","*****","310M200US14620","Bradford, PA Micro Area"
"91567","*****","310M200US14660","Brainerd, MN Micro Area"
"84930","*****","310M200US14700","Branson, MO Micro Area"
"28940","*****","310M200US14720","Breckenridge, CO Micro Area"
"255441","*****","310M200US14740","Bremerton-Silverdale, WA Metro Area"
"34236","*****","310M200US14780","Brenham, TX Micro Area"
"32928","*****","310M200US14820","Brevard, NC Micro Area"
"939983","*****","310M200US14860","Bridgeport-Stamford-Norwalk, CT Metro Area"
"34765","*****","310M200US15020","Brookhaven, MS Micro Area"
"22338","*****","310M200US15060","Brookings, OR Micro Area"
"33046","*****","310M200US15100","Brookings, SD Micro Area"
"417947","*****","310M200US15180","Brownsville-Harlingen, TX Metro Area"
"37833","*****","310M200US15220","Brownwood, TX Micro Area"
"114202","*****","310M200US15260","Brunswick, GA Metro Area"
"42725","*****","310M200US15340","Bucyrus, OH Micro Area"
"1135734","*****","310M200US15380","Buffalo-Cheektowaga-Niagara Falls, NY Metro Area"
"43648","*****","310M200US15420","Burley, ID Micro Area"
"47250","*****","310M200US15460","Burlington, IA-IL Micro Area"
"155258","*****","310M200US15500","Burlington, NC Metro Area"
"215081","*****","310M200US15540","Burlington-South Burlington, VT Metro Area"
"34549","*****","310M200US15580","Butte-Silver Bow, MT Micro Area"
"47739","*****","310M200US15620","Cadillac, MI Micro Area"
"55889","*****","310M200US15660","Calhoun, GA Micro Area"
"109614","*****","310M200US15680","California-Lexington Park, MD Metro Area"
"32534","*****","310M200US15700","Cambridge, MD Micro Area"
"39626","*****","310M200US15740","Cambridge, OH Micro Area"
"30289","*****","310M200US15780","Camden, AR Micro Area"
"24993","*****","310M200US15820","Campbellsville, KY Micro Area"
"46809","*****","310M200US15860","Cañon City, CO Micro Area"
"36323","*****","310M200US15900","Canton, IL Micro Area"
"403340","*****","310M200US15940","Canton-Massillon, OH Metro Area"
"663675","*****","310M200US15980","Cape Coral-Fort Myers, FL Metro Area"
"97326","*****","310M200US16020","Cape Girardeau, MO-IL Metro Area"
"126655","*****","310M200US16060","Carbondale-Marion, IL Metro Area"
"55641","*****","310M200US16100","Carlsbad-Artesia, NM Micro Area"
"54482","*****","310M200US16180","Carson City, NV Metro Area"
"80011","*****","310M200US16220","Casper, WY Metro Area"
"47139","*****","310M200US16260","Cedar City, UT Micro Area"
"263003","*****","310M200US16300","Cedar Rapids, IA Metro Area"
"41215","*****","310M200US16340","Cedartown, GA Micro Area"
"40863","*****","310M200US16380","Celina, OH Micro Area"
"38665","*****","310M200US16460","Centralia, IL Micro Area"
"75515","*****","310M200US16500","Centralia, WA Micro Area"
"152285","*****","310M200US16540","Chambersburg-Waynesboro, PA Metro Area"
"236096","*****","310M200US16580","Champaign-Urbana, IL Metro Area"
"223922","*****","310M200US16620","Charleston, WV Metro Area"
"63980","*****","310M200US16660","Charleston-Mattoon, IL Micro Area"
"712232","*****","310M200US16700","Charleston-North Charleston, SC Metro Area"
"2338792","*****","310M200US16740","Charlotte-Concord-Gastonia, NC-SC Metro Area"
"225070","*****","310M200US16820","Charlottesville, VA Metro Area"
"541124","*****","310M200US16860","Chattanooga, TN-GA Metro Area"
"95431","*****","310M200US16940","Cheyenne, WY Metro Area"
"9534008","*****","310M200US16980","Chicago-Naperville-Elgin, IL-IN-WI Metro Area"
"222564","*****","310M200US17020","Chico, CA Metro Area"
"77334","*****","310M200US17060","Chillicothe, OH Micro Area"
"2139466","*****","310M200US17140","Cincinnati, OH-KY-IN Metro Area"
"217555","*****","310M200US17200","Claremont-Lebanon, NH-VT Micro Area"
"94176","*****","310M200US17220","Clarksburg, WV Micro Area"
"25254","*****","310M200US17260","Clarksdale, MS Micro Area"
"274389","*****","310M200US17300","Clarksville, TN-KY Metro Area"
"64158","*****","310M200US17340","Clearlake, CA Micro Area"
"33803","*****","310M200US17380","Cleveland, MS Micro Area"
"118749","*****","310M200US17420","Cleveland, TN Metro Area"
"2064483","*****","310M200US17460","Cleveland-Elyria, OH Metro Area"
"38363","*****","310M200US17500","Clewiston, FL Micro Area"
"48365","*****","310M200US17540","Clinton, IA Micro Area"
"50497","*****","310M200US17580","Clovis, NM Micro Area"
"40293","*****","310M200US17620","Coamo, PR Micro Area"
"30114","*****","310M200US17640","Coco, PR Micro Area"
"145046","*****","310M200US17660","Coeur d'Alene, ID Metro Area"
"34184","*****","310M200US17700","Coffeyville, KS Micro Area"
"43706","*****","310M200US17740","Coldwater, MI Micro Area"
"239096","*****","310M200US17780","College Station-Bryan, TX Metro Area"
"678364","*****","310M200US17820","Colorado Springs, CO Metro Area"
"170770","*****","310M200US17860","Columbia, MO Metro Area"
"792530","*****","310M200US17900","Columbia, SC Metro Area"
"312016","*****","310M200US17980","Columbus, GA-AL Metro Area"
"79488","*****","310M200US18020","Columbus, IN Metro Area"
"59699","*****","310M200US18060","Columbus, MS Micro Area"
"32642","*****","310M200US18100","Columbus, NE Micro Area"
"1972375","*****","310M200US18140","Columbus, OH Metro Area"
"147262","*****","310M200US18180","Concord, NH Micro Area"
"23773","*****","310M200US18220","Connersville, IN Micro Area"
"107406","*****","310M200US18260","Cookeville, TN Micro Area"
"62775","*****","310M200US18300","Coos Bay, OR Micro Area"
"23314","*****","310M200US18380","Cordele, GA Micro Area"
"37319","*****","310M200US18420","Corinth, MS Micro Area"
"43527","*****","310M200US18460","Cornelia, GA Micro Area"
"98665","*****","310M200US18500","Corning, NY Micro Area"
"442422","*****","310M200US18580","Corpus Christi, TX Metro Area"
"48118","*****","310M200US18620","Corsicana, TX Micro Area"
"49043","*****","310M200US18660","Cortland, NY Micro Area"
"86495","*****","310M200US18700","Corvallis, OR Metro Area"
"36724","*****","310M200US18740","Coshocton, OH Micro Area"
"13117","*****","310M200US18780","Craig, CO Micro Area"
"38172","*****","310M200US18820","Crawfordsville, IN Micro Area"
"27788","*****","310M200US18860","Crescent City, CA Micro Area"
"251724","*****","310M200US18880","Crestview-Fort Walton Beach-Destin, FL Metro Area"
"57455","*****","310M200US18900","Crossville, TN Micro Area"
"80965","*****","310M200US18980","Cullman, AL Micro Area"
"40812","*****","310M200US19000","Cullowhee, NC Micro Area"
"101304","*****","310M200US19060","Cumberland, MD-WV Metro Area"
"6833420","*****","310M200US19100","Dallas-Fort Worth-Arlington, TX Metro Area"
"142857","*****","310M200US19140","Dalton, GA Metro Area"
"80368","*****","310M200US19180","Danville, IL Metro Area"
"53886","*****","310M200US19220","Danville, KY Micro Area"
"105244","*****","310M200US19260","Danville, VA Micro Area"
"195121","*****","310M200US19300","Daphne-Fairhope-Foley, AL Metro Area"
"383145","*****","310M200US19340","Davenport-Moline-Rock Island, IA-IL Metro Area"
"801472","*****","310M200US19380","Dayton, OH Metro Area"
"32394","*****","310M200US19420","Dayton, TN Micro Area"
"153372","*****","310M200US19460","Decatur, AL Metro Area"
"109193","*****","310M200US19500","Decatur, IL Metro Area"
"34642","*****","310M200US19540","Decatur, IN Micro Area"
"38669","*****","310M200US19580","Defiance, OH Micro Area"
"48980","*****","310M200US19620","Del Rio, TX Micro Area"
"604502","*****","310M200US19660","Deltona-Daytona Beach-Ormond Beach, FL Metro Area"
"24789","*****","310M200US19700","Deming, NM Micro Area"
"2703972","*****","310M200US19740","Denver-Aurora-Lakewood, CO Metro Area"
"36259","*****","310M200US19760","DeRidder, LA Micro Area"
"601187","*****","310M200US19780","Des Moines-West Des Moines, IA Metro Area"
"4296416","*****","310M200US19820","Detroit-Warren-Dearborn, MI Metro Area"
"28628","*****","310M200US19860","Dickinson, ND Micro Area"
"35027","*****","310M200US19940","Dixon, IL Micro Area"
"34714","*****","310M200US19980","Dodge City, KS Micro Area"
"147601","*****","310M200US20020","Dothan, AL Metro Area"
"43003","*****","310M200US20060","Douglas, GA Micro Area"
"169509","*****","310M200US20100","Dover, DE Metro Area"
"57680","*****","310M200US20140","Dublin, GA Micro Area"
"81343","*****","310M200US20180","DuBois, PA Micro Area"
"95906","*****","310M200US20220","Dubuque, IA Metro Area"
"279748","*****","310M200US20260","Duluth, MN-WI Metro Area"
"22281","*****","310M200US20300","Dumas, TX Micro Area"
"44806","*****","310M200US20340","Duncan, OK Micro Area"
"124320","*****","310M200US20380","Dunn, NC Micro Area"
"53182","*****","310M200US20420","Durango, CO Micro Area"
"44003","*****","310M200US20460","Durant, OK Micro Area"
"534154","*****","310M200US20500","Durham-Chapel Hill, NC Metro Area"
"38054","*****","310M200US20540","Dyersburg, TN Micro Area"
"56548","*****","310M200US20580","Eagle Pass, TX Micro Area"
"37799","*****","310M200US20660","Easton, MD Micro Area"
"167881","*****","310M200US20700","East Stroudsburg, PA Metro Area"
"164490","*****","310M200US20740","Eau Claire, WI Metro Area"
"52576","*****","310M200US20780","Edwards, CO Micro Area"
"34332","*****","310M200US20820","Effingham, IL Micro Area"
"41264","*****","310M200US20900","El Campo, TX Micro Area"
"178206","*****","310M200US20940","El Centro, CA Metro Area"
"40633","*****","310M200US20980","El Dorado, AR Micro Area"
"63677","*****","310M200US21020","Elizabeth City, NC Micro Area"
"150776","*****","310M200US21060","Elizabethtown-Fort Knox, KY Metro Area"
"23300","*****","310M200US21120","Elk City, OK Micro Area"
"200685","*****","310M200US21140","Elkhart-Goshen, IN Metro Area"
"29365","*****","310M200US21180","Elkins, WV Micro Area"
"53231","188","310M200US21220","Elko, NV Micro Area"
"42204","*****","310M200US21260","Ellensburg, WA Micro Area"
"88267","*****","310M200US21300","Elmira, NY Metro Area"
"834425","*****","310M200US21340","El Paso, TX Metro Area"
"33462","*****","310M200US21380","Emporia, KS Micro Area"
"62192","*****","310M200US21420","Enid, OK Micro Area"
"50884","*****","310M200US21460","Enterprise, AL Micro Area"
"279858","*****","310M200US21500","Erie, PA Metro Area"
"36712","*****","310M200US21540","Escanaba, MI Micro Area"
"39949","*****","310M200US21580","Española, NM Micro Area"
"357060","*****","310M200US21660","Eugene, OR Metro Area"
"135034","*****","310M200US21700","Eureka-Arcata-Fortuna, CA Micro Area"
"20930","*****","310M200US21740","Evanston, WY Micro Area"
"314263","*****","310M200US21780","Evansville, IN-KY Metro Area"
"99705","*****","310M200US21820","Fairbanks, AK Metro Area"
"17318","*****","310M200US21840","Fairfield, IA Micro Area"
"56790","*****","310M200US21900","Fairmont, WV Micro Area"
"24252","*****","310M200US21980","Fallon, NV Micro Area"
"223379","*****","310M200US22020","Fargo, ND-MN Metro Area"
"64886","*****","310M200US22060","Faribault-Northfield, MN Micro Area"
"66010","*****","310M200US22100","Farmington, MO Micro Area"
"125133","*****","310M200US22140","Farmington, NM Metro Area"
"375678","*****","310M200US22180","Fayetteville, NC Metro Area"
"493095","*****","310M200US22220","Fayetteville-Springdale-Rogers, AR-MO Metro Area"
"57511","*****","310M200US22260","Fergus Falls, MN Micro Area"
"51657","*****","310M200US22280","Fernley, NV Micro Area"
"75428","*****","310M200US22300","Findlay, OH Micro Area"
"17477","*****","310M200US22340","Fitzgerald, GA Micro Area"
"136701","*****","310M200US22380","Flagstaff, AZ Metro Area"
"415874","*****","310M200US22420","Flint, MI Metro Area"
"206252","*****","310M200US22500","Florence, SC Metro Area"
"147181","*****","310M200US22520","Florence-Muscle Shoals, AL Metro Area"
"101920","*****","310M200US22540","Fond du Lac, WI Metro Area"
"66865","*****","310M200US22580","Forest City, NC Micro Area"
"27345","*****","310M200US22620","Forrest City, AR Micro Area"
"318227","*****","310M200US22660","Fort Collins, CO Metro Area"
"37295","*****","310M200US22700","Fort Dodge, IA Micro Area"
"53443","*****","310M200US22780","Fort Leonard Wood, MO Micro Area"
"61026","*****","310M200US22800","Fort Madison-Keokuk, IA-IL-MO Micro Area"
"28359","*****","310M200US22820","Fort Morgan, CO Micro Area"
"52476","*****","310M200US22860","Fort Polk South, LA Micro Area"
"280384","*****","310M200US22900","Fort Smith, AR-OK Metro Area"
"424579","*****","310M200US23060","Fort Wayne, IN Metro Area"
"32835","*****","310M200US23140","Frankfort, IN Micro Area"
"71539","*****","310M200US23180","Frankfort, KY Micro Area"
"25398","*****","310M200US23240","Fredericksburg, TX Micro Area"
"46625","*****","310M200US23300","Freeport, IL Micro Area"
"36725","*****","310M200US23340","Fremont, NE Micro Area"
"60187","*****","310M200US23380","Fremont, OH Micro Area"
"956749","*****","310M200US23420","Fresno, CA Metro Area"
"103766","*****","310M200US23460","Gadsden, AL Metro Area"
"55863","*****","310M200US23500","Gaffney, SC Micro Area"
"271210","*****","310M200US23540","Gainesville, FL Metro Area"
"187916","*****","310M200US23580","Gainesville, GA Metro Area"
"38761","*****","310M200US23620","Gainesville, TX Micro Area"
"52112","*****","310M200US23660","Galesburg, IL Micro Area"
"73998","*****","310M200US23700","Gallup, NM Micro Area"
"41085","*****","310M200US23780","Garden City, KS Micro Area"
"47259","*****","310M200US23820","Gardnerville Ranchos, NV Micro Area"
"60572","*****","310M200US23860","Georgetown, SC Micro Area"
"101767","*****","310M200US23900","Gettysburg, PA Metro Area"
"48013","*****","310M200US23940","Gillette, WY Micro Area"
"52910","*****","310M200US23980","Glasgow, KY Micro Area"
"127880","*****","310M200US24020","Glens Falls, NY Metro Area"
"74496","*****","310M200US24060","Glenwood Springs, CO Micro Area"
"54606","*****","310M200US24100","Gloversville, NY Micro Area"
"124355","*****","310M200US24140","Goldsboro, NC Metro Area"
"100526","*****","310M200US24220","Grand Forks, ND-MN Metro Area"
"84015","*****","310M200US24260","Grand Island, NE Metro Area"
"147834","*****","310M200US24300","Grand Junction, CO Metro Area"
"1017877","*****","310M200US24340","Grand Rapids-Wyoming, MI Metro Area"
"27382","*****","310M200US24380","Grants, NM Micro Area"
"83409","*****","310M200US24420","Grants Pass, OR Metro Area"
"27399","*****","310M200US24460","Great Bend, KS Micro Area"
"82090","*****","310M200US24500","Great Falls, MT Metro Area"
"270948","*****","310M200US24540","Greeley, CO Metro Area"
"312676","*****","310M200US24580","Green Bay, WI Metro Area"
"68576","*****","310M200US24620","Greeneville, TN Micro Area"
"71144","*****","310M200US24640","Greenfield Town, MA Micro Area"
"741433","*****","310M200US24660","Greensboro-High Point, NC Metro Area"
"26240","*****","310M200US24700","Greensburg, IN Micro Area"
"49499","*****","310M200US24740","Greenville, MS Micro Area"
"173798","*****","310M200US24780","Greenville, NC Metro Area"
"52356","*****","310M200US24820","Greenville, OH Micro Area"
"852631","*****","310M200US24860","Greenville-Anderson-Mauldin, SC Metro Area"
"41854","*****","310M200US24900","Greenwood, MS Micro Area"
"94768","*****","310M200US24940","Greenwood, SC Micro Area"
"21591","*****","310M200US24980","Grenada, MS Micro Area"
"81159","*****","310M200US25020","Guayama, PR Metro Area"
"382571","*****","310M200US25060","Gulfport-Biloxi-Pascagoula, MS Metro Area"
"21588","*****","310M200US25100","Guymon, OK Micro Area"
"257994","*****","310M200US25180","Hagerstown-Martinsburg, MD-WV Metro Area"
"27621","119","310M200US25200","Hailey, ID Micro Area"
"125486","*****","310M200US25220","Hammond, LA Metro Area"
"150998","*****","310M200US25260","Hanford-Corcoran, CA Metro Area"
"39083","*****","310M200US25300","Hannibal, MO Micro Area"
"558198","*****","310M200US25420","Harrisburg-Carlisle, PA Metro Area"
"45279","*****","310M200US25460","Harrison, AR Micro Area"
"129173","*****","310M200US25500","Harrisonburg, VA Metro Area"
"1214056","*****","310M200US25540","Hartford-West Hartford-East Hartford, CT Metro Area"
"31442","*****","310M200US25580","Hastings, NE Micro Area"
"147339","*****","310M200US25620","Hattiesburg, MS Metro Area"
"28993","*****","310M200US25700","Hays, KS Micro Area"
"26661","*****","310M200US25720","Heber, UT Micro Area"
"76859","*****","310M200US25740","Helena, MT Micro Area"
"20391","*****","310M200US25760","Helena-West Helena, AR Micro Area"
"44829","*****","310M200US25780","Henderson, NC Micro Area"
"19245","*****","310M200US25820","Hereford, TX Micro Area"
"87942","*****","310M200US25840","Hermiston-Pendleton, OR Micro Area"
"363074","*****","310M200US25860","Hickory-Lenoir-Morganton, NC Metro Area"
"46178","*****","310M200US25880","Hillsdale, MI Micro Area"
"191482","*****","310M200US25900","Hilo, HI Micro Area"
"197969","*****","310M200US25940","Hilton Head Island-Bluffton-Beaufort, SC Metro Area"
"81015","*****","310M200US25980","Hinesville, GA Metro Area"
"68149","*****","310M200US26020","Hobbs, NM Micro Area"
"112837","*****","310M200US26090","Holland, MI Micro Area"
"139654","*****","310M200US26140","Homosassa Springs, FL Metro Area"
"22749","*****","310M200US26220","Hood River, OR Micro Area"
"96954","*****","310M200US26300","Hot Springs, AR Metro Area"
"38858","*****","310M200US26340","Houghton, MI Micro Area"
"210216","*****","310M200US26380","Houma-Thibodaux, LA Metro Area"
"6346653","*****","310M200US26420","Houston-The Woodlands-Sugar Land, TX Metro Area"
"62195","*****","310M200US26460","Hudson, NY Micro Area"
"45906","*****","310M200US26500","Huntingdon, PA Micro Area"
"36863","*****","310M200US26540","Huntington, IN Micro Area"
"363700","*****","310M200US26580","Huntington-Ashland, WV-KY-OH Metro Area"
"435243","*****","310M200US26620","Huntsville, AL Metro Area"
"83735","*****","310M200US26660","Huntsville, TX Micro Area"
"18168","*****","310M200US26700","Huron, SD Micro Area"
"64058","*****","310M200US26740","Hutchinson, KS Micro Area"
"36046","*****","310M200US26780","Hutchinson, MN Micro Area"
"137233","*****","310M200US26820","Idaho Falls, ID Metro Area"
"87895","*****","310M200US26860","Indiana, PA Micro Area"
"1950674","*****","310M200US26900","Indianapolis-Carmel-Anderson, IN Metro Area"
"27911","*****","310M200US26940","Indianola, MS Micro Area"
"64064","*****","310M200US26960","Ionia, MI Micro Area"
"161453","*****","310M200US26980","Iowa City, IA Metro Area"
"30488","*****","310M200US27020","Iron Mountain, MI-WI Micro Area"
"103855","*****","310M200US27060","Ithaca, NY Metro Area"
"159759","*****","310M200US27100","Jackson, MI Metro Area"
"577070","*****","310M200US27140","Jackson, MS Metro Area"
"32854","*****","310M200US27160","Jackson, OH Micro Area"
"130108","*****","310M200US27180","Jackson, TN Metro Area"
"32596","*****","310M200US27220","Jackson, WY-ID Micro Area"
"1401600","*****","310M200US27260","Jacksonville, FL Metro Area"
"40327","*****","310M200US27300","Jacksonville, IL Micro Area"
"183753","*****","310M200US27340","Jacksonville, NC Metro Area"
"51167","*****","310M200US27380","Jacksonville, TX Micro Area"
"21076","*****","310M200US27420","Jamestown, ND Micro Area"
"132646","*****","310M200US27460","Jamestown-Dunkirk-Fredonia, NY Micro Area"
"160727","*****","310M200US27500","Janesville-Beloit, WI Metro Area"
"54978","*****","310M200US27540","Jasper, IN Micro Area"
"15890","*****","310M200US27580","Jayuya, PR Micro Area"
"61420","*****","310M200US27600","Jefferson, GA Micro Area"
"150658","*****","310M200US27620","Jefferson City, MO Metro Area"
"30046","*****","310M200US27700","Jesup, GA Micro Area"
"200327","*****","310M200US27740","Johnson City, TN Metro Area"
"139381","*****","310M200US27780","Johnstown, PA Metro Area"
"125619","*****","310M200US27860","Jonesboro, AR Metro Area"
"175961","*****","310M200US27900","Joplin, MO Metro Area"
"36787","*****","310M200US27920","Junction City, KS Micro Area"
"32531","*****","310M200US27940","Juneau, AK Micro Area"
"160948","*****","310M200US27980","Kahului-Wailuku-Lahaina, HI Metro Area"
"332103","*****","310M200US28020","Kalamazoo-Portage, MI Metro Area"
"93333","*****","310M200US28060","Kalispell, MT Micro Area"
"112221","*****","310M200US28100","Kankakee, IL Metro Area"
"2055675","*****","310M200US28140","Kansas City, MO-KS Metro Area"
"69691","*****","310M200US28180","Kapaa, HI Micro Area"
"54507","*****","310M200US28260","Kearney, NE Micro Area"
"76430","*****","310M200US28300","Keene, NH Micro Area"
"47546","*****","310M200US28340","Kendallville, IN Micro Area"
"31562","*****","310M200US28380","Kennett, MO Micro Area"
"271373","*****","310M200US28420","Kennewick-Richland, WA Metro Area"
"50149","*****","310M200US28500","Kerrville, TX Micro Area"
"13699","*****","310M200US28540","Ketchikan, AK Micro Area"
"75901","*****","310M200US28580","Key West, FL Micro Area"
"39015","*****","310M200US28620","Kill Devil Hills, NC Micro Area"
"422388","*****","310M200US28660","Killeen-Temple, TX Metro Area"
"308200","*****","310M200US28700","Kingsport-Bristol-Bristol, TN-VA Metro Area"
"181300","*****","310M200US28740","Kingston, NY Metro Area"
"32594","208","310M200US28780","Kingsville, TX Micro Area"
"58782","*****","310M200US28820","Kinston, NC Micro Area"
"29955","*****","310M200US28860","Kirksville, MO Micro Area"
"65972","*****","310M200US28900","Klamath Falls, OR Micro Area"
"852159","*****","310M200US28940","Knoxville, TN Metro Area"
"82765","*****","310M200US29020","Kokomo, IN Metro Area"
"60399","*****","310M200US29060","Laconia, NH Micro Area"
"135860","*****","310M200US29100","La Crosse-Onalaska, WI-MN Metro Area"
"480148","*****","310M200US29180","Lafayette, LA Metro Area"
"209718","*****","310M200US29200","Lafayette-West Lafayette, IN Metro Area"
"25745","*****","310M200US29260","La Grande, OR Micro Area"
"68867","*****","310M200US29300","LaGrange, GA Micro Area"
"202593","*****","310M200US29340","Lake Charles, LA Metro Area"
"67806","*****","310M200US29380","Lake City, FL Micro Area"
"203362","*****","310M200US29420","Lake Havasu City-Kingman, AZ Metro Area"
"626676","*****","310M200US29460","Lakeland-Winter Haven, FL Metro Area"
"13542","*****","310M200US29500","Lamesa, TX Micro Area"
"530216","*****","310M200US29540","Lancaster, PA Metro Area"
"468737","*****","310M200US29620","Lansing-East Lansing, MI Metro Area"
"37565","*****","310M200US29660","Laramie, WY Micro Area"
"263251","*****","310M200US29700","Laredo, TX Metro Area"
"213963","*****","310M200US29740","Las Cruces, NM Metro Area"
"28668","*****","310M200US29780","Las Vegas, NM Micro Area"
"2035572","*****","310M200US29820","Las Vegas-Henderson-Paradise, NV Metro Area"
"84864","*****","310M200US29860","Laurel, MS Micro Area"
"35932","*****","310M200US29900","Laurinburg, NC Micro Area"
"114967","*****","310M200US29940","Lawrence, KS Metro Area"
"42226","*****","310M200US29980","Lawrenceburg, TN Micro Area"
"131643","*****","310M200US30020","Lawton, OK Metro Area"
"35514","*****","310M200US30060","Lebanon, MO Micro Area"
"135776","*****","310M200US30140","Lebanon, PA Metro Area"
"23322","*****","310M200US30220","Levelland, TX Micro Area"
"44958","*****","310M200US30260","Lewisburg, PA Micro Area"
"31159","*****","310M200US30280","Lewisburg, TN Micro Area"
"61819","*****","310M200US30300","Lewiston, ID-WA Metro Area"
"107393","*****","310M200US30340","Lewiston-Auburn, ME Metro Area"
"46675","*****","310M200US30380","Lewistown, PA Micro Area"
"26045","*****","310M200US30420","Lexington, NE Micro Area"
"489799","*****","310M200US30460","Lexington-Fayette, KY Metro Area"
"23274","*****","310M200US30580","Liberal, KS Micro Area"
"105196","*****","310M200US30620","Lima, OH Metro Area"
"29956","*****","310M200US30660","Lincoln, IL Micro Area"
"315078","*****","310M200US30700","Lincoln, NE Metro Area"
"722684","*****","310M200US30780","Little Rock-North Little Rock-Conway, AR Metro Area"
"39614","*****","310M200US30820","Lock Haven, PA Micro Area"
"130363","*****","310M200US30860","Logan, UT-ID Metro Area"
"35760","*****","310M200US30880","Logan, WV Micro Area"
"38476","*****","310M200US30900","Logansport, IN Micro Area"
"127354","*****","310M200US30940","London, KY Micro Area"
"216731","*****","310M200US30980","Longview, TX Metro Area"
"102338","*****","310M200US31020","Longview, WA Metro Area"
"17939","*****","310M200US31060","Los Alamos, NM Micro Area"
"13154457","*****","310M200US31080","Los Angeles-Long Beach-Anaheim, CA Metro Area"
"1261936","*****","310M200US31140","Louisville/Jefferson County, KY-IN Metro Area"
"302553","*****","310M200US31180","Lubbock, TX Metro Area"
"28711","*****","310M200US31220","Ludington, MI Micro Area"
"87748","*****","310M200US31260","Lufkin, TX Micro Area"
"134871","*****","310M200US31300","Lumberton, NC Micro Area"
"256989","*****","310M200US31340","Lynchburg, VA Metro Area"
"32009","*****","310M200US31380","Macomb, IL Micro Area"
"231517","*****","310M200US31420","Macon, GA Metro Area"
"153187","*****","310M200US31460","Madera, CA Metro Area"
"32453","*****","310M200US31500","Madison, IN Micro Area"
"627618","*****","310M200US31540","Madison, WI Metro Area"
"46518","*****","310M200US31580","Madisonville, KY Micro Area"
"24327","*****","310M200US31620","Magnolia, AR Micro Area"
"51280","*****","310M200US31660","Malone, NY Micro Area"
"33316","*****","310M200US31680","Malvern, AR Micro Area"
"403972","*****","310M200US31700","Manchester-Nashua, NH Metro Area"
"97647","*****","310M200US31740","Manhattan, KS Metro Area"
"80521","*****","310M200US31820","Manitowoc, WI Micro Area"
"98211","*****","310M200US31860","Mankato-North Mankato, MN Metro Area"
"122312","*****","310M200US31900","Mansfield, OH Metro Area"
"61351","*****","310M200US31930","Marietta, OH Micro Area"
"65004","*****","310M200US31940","Marinette, WI-MI Micro Area"
"68896","*****","310M200US31980","Marion, IN Micro Area"
"44961","*****","310M200US32000","Marion, NC Micro Area"
"65943","*****","310M200US32020","Marion, OH Micro Area"
"67582","*****","310M200US32100","Marquette, MI Micro Area"
"25699","*****","310M200US32140","Marshall, MN Micro Area"
"23334","*****","310M200US32180","Marshall, MO Micro Area"
"66417","*****","310M200US32220","Marshall, TX Micro Area"
"40962","*****","310M200US32260","Marshalltown, IA Micro Area"
"34415","*****","310M200US32280","Martin, TN Micro Area"
"66204","*****","310M200US32300","Martinsville, VA Micro Area"
"23186","*****","310M200US32340","Maryville, MO Micro Area"
"51044","*****","310M200US32380","Mason City, IA Micro Area"
"100263","*****","310M200US32420","Mayagüez, PR Metro Area"
"37502","*****","310M200US32460","Mayfield, KY Micro Area"
"17296","*****","310M200US32500","Maysville, KY Micro Area"
"44961","*****","310M200US32540","McAlester, OK Micro Area"
"819217","*****","310M200US32580","McAllen-Edinburg-Mission, TX Metro Area"
"52915","*****","310M200US32620","McComb, MS Micro Area"
"40015","*****","310M200US32660","McMinnville, TN Micro Area"
"29252","*****","310M200US32700","McPherson, KS Micro Area"
"87343","*****","310M200US32740","Meadville, PA Micro Area"
"208363","*****","310M200US32780","Medford, OR Metro Area"
"1340336","*****","310M200US32820","Memphis, TN-MS-AR Metro Area"
"44159","*****","310M200US32860","Menomonie, WI Micro Area"
"263885","*****","310M200US32900","Merced, CA Metro Area"
"106405","*****","310M200US32940","Meridian, MS Micro Area"
"28286","*****","310M200US32980","Merrill, WI Micro Area"
"25783","*****","310M200US33020","Mexico, MO Micro Area"
"32085","*****","310M200US33060","Miami, OK Micro Area"
"5861000","*****","310M200US33100","Miami-Fort Lauderdale-West Palm Beach, FL Metro Area"
"111280","*****","310M200US33140","Michigan City-La Porte, IN Metro Area"
"27950","*****","310M200US33180","Middlesborough, KY Micro Area"
"83624","*****","310M200US33220","Midland, MI Metro Area"
"156542","*****","310M200US33260","Midland, TX Metro Area"
"54676","*****","310M200US33300","Milledgeville, GA Micro Area"
"1570006","*****","310M200US33340","Milwaukee-Waukesha-West Allis, WI Metro Area"
"27921","*****","310M200US33420","Mineral Wells, TX Micro Area"
"3458790","*****","310M200US33460","Minneapolis-St. Paul-Bloomington, MN-WI Metro Area"
"76115","*****","310M200US33500","Minot, ND Micro Area"
"111966","*****","310M200US33540","Missoula, MT Metro Area"
"23173","*****","310M200US33580","Mitchell, SD Micro Area"
"25135","*****","310M200US33620","Moberly, MO Micro Area"
"414251","*****","310M200US33660","Mobile, AL Metro Area"
"527367","*****","310M200US33700","Modesto, CA Metro Area"
"178302","*****","310M200US33740","Monroe, LA Metro Area"
"150436","*****","310M200US33780","Monroe, MI Metro Area"
"374864","*****","310M200US33860","Montgomery, AL Metro Area"
"40815","*****","310M200US33940","Montrose, CO Micro Area"
"68228","*****","310M200US33980","Morehead City, NC Micro Area"
"53441","*****","310M200US34020","Morgan City, LA Micro Area"
"135477","*****","310M200US34060","Morgantown, WV Metro Area"
"115489","*****","310M200US34100","Morristown, TN Metro Area"
"38339","*****","310M200US34140","Moscow, ID Micro Area"
"92070","*****","310M200US34180","Moses Lake, WA Micro Area"
"46024","*****","310M200US34220","Moultrie, GA Micro Area"
"41040","*****","310M200US34260","Mountain Home, AR Micro Area"
"26175","*****","310M200US34300","Mountain Home, ID Micro Area"
"73170","*****","310M200US34340","Mount Airy, NC Micro Area"
"70669","*****","310M200US34380","Mount Pleasant, MI Micro Area"
"32553","*****","310M200US34420","Mount Pleasant, TX Micro Area"
"45488","*****","310M200US34460","Mount Sterling, KY Micro Area"
"38578","*****","310M200US34500","Mount Vernon, IL Micro Area"
"61004","*****","310M200US34540","Mount Vernon, OH Micro Area"
"119343","*****","310M200US34580","Mount Vernon-Anacortes, WA Metro Area"
"117335","*****","310M200US34620","Muncie, IN Metro Area"
"38106","*****","310M200US34660","Murray, KY Micro Area"
"42913","*****","310M200US34700","Muscatine, IA Micro Area"
"171483","*****","310M200US34740","Muskegon, MI Metro Area"
"70224","*****","310M200US34780","Muskogee, OK Micro Area"
"406656","*****","310M200US34820","Myrtle Beach-Conway-North Myrtle Beach, SC-NC Metro Area"
"65531","*****","310M200US34860","Nacogdoches, TX Micro Area"
"140295","*****","310M200US34900","Napa, CA Metro Area"
"341091","*****","310M200US34940","Naples-Immokalee-Marco Island, FL Metro Area"
"1761848","*****","310M200US34980","Nashville-Davidson--Murfreesboro--Franklin, TN Metro Area"
"52428","*****","310M200US35020","Natchez, MS-LA Micro Area"
"39330","*****","310M200US35060","Natchitoches, LA Micro Area"
"127598","*****","310M200US35100","New Bern, NC Metro Area"
"37690","*****","310M200US35140","Newberry, SC Micro Area"
"49146","*****","310M200US35220","New Castle, IN Micro Area"
"89162","*****","310M200US35260","New Castle, PA Micro Area"
"862224","*****","310M200US35300","New Haven-Milford, CT Metro Area"
"1239697","*****","310M200US35380","New Orleans-Metairie, LA Metro Area"
"92697","*****","310M200US35420","New Philadelphia-Dover, OH Micro Area"
"46347","*****","310M200US35440","Newport, OR Micro Area"
"35321","*****","310M200US35460","Newport, TN Micro Area"
"36726","*****","310M200US35500","Newton, IA Micro Area"
"25391","*****","310M200US35580","New Ulm, MN Micro Area"
"19979950","*****","310M200US35620","New York-Newark-Jersey City, NY-NJ-PA Metro Area"
"155565","*****","310M200US35660","Niles-Benton Harbor, MI Metro Area"
"47073","*****","310M200US35700","Nogales, AZ Micro Area"
"48376","*****","310M200US35740","Norfolk, NE Micro Area"
"37180","93","310M200US35820","North Platte, NE Micro Area"
"735767","*****","310M200US35840","North Port-Sarasota-Bradenton, FL Metro Area"
"28113","*****","310M200US35860","North Vernon, IN Micro Area"
"68946","*****","310M200US35900","North Wilkesboro, NC Micro Area"
"58937","*****","310M200US35940","Norwalk, OH Micro Area"
"273185","*****","310M200US35980","Norwich-New London, CT Metro Area"
"79329","*****","310M200US36020","Oak Harbor, WA Micro Area"
"336811","*****","310M200US36100","Ocala, FL Metro Area"
"95805","*****","310M200US36140","Ocean City, NJ Metro Area"
"149557","*****","310M200US36220","Odessa, TX Metro Area"
"623323","*****","310M200US36260","Ogden-Clearfield, UT Metro Area"
"112011","*****","310M200US36300","Ogdensburg-Massena, NY Micro Area"
"53906","*****","310M200US36340","Oil City, PA Micro Area"
"39255","*****","310M200US36380","Okeechobee, FL Micro Area"
"1318408","*****","310M200US36420","Oklahoma City, OK Metro Area"
"78962","*****","310M200US36460","Olean, NY Micro Area"
"262723","*****","310M200US36500","Olympia-Tumwater, WA Metro Area"
"895919","*****","310M200US36540","Omaha-Council Bluffs, NE-IA Metro Area"
"61399","*****","310M200US36580","Oneonta, NY Micro Area"
"53251","*****","310M200US36620","Ontario, OR-ID Micro Area"
"83613","*****","310M200US36660","Opelousas, LA Micro Area"
"90575","*****","310M200US36700","Orangeburg, SC Micro Area"
"2277816","*****","310M200US36740","Orlando-Kissimmee-Sanford, FL Metro Area"
"169004","*****","310M200US36780","Oshkosh-Neenah, WI Metro Area"
"22396","*****","310M200US36820","Oskaloosa, IA Micro Area"
"19081","*****","310M200US36830","Othello, WA Micro Area"
"25753","*****","310M200US36840","Ottawa, KS Micro Area"
"152516","*****","310M200US36860","Ottawa-Peru, IL Micro Area"
"44057","*****","310M200US36900","Ottumwa, IA Micro Area"
"36523","*****","310M200US36940","Owatonna, MN Micro Area"
"116342","*****","310M200US36980","Owensboro, KY Metro Area"
"69113","*****","310M200US37020","Owosso, MI Micro Area"
"51169","*****","310M200US37060","Oxford, MS Micro Area"
"58109","*****","310M200US37080","Oxford, NC Micro Area"
"840833","*****","310M200US37100","Oxnard-Thousand Oaks-Ventura, CA Metro Area"
"49866","*****","310M200US37120","Ozark, AL Micro Area"
"98074","*****","310M200US37140","Paducah, KY-IL Micro Area"
"42625","*****","310M200US37220","Pahrump, NV Micro Area"
"72696","*****","310M200US37260","Palatka, FL Micro Area"
"57915","*****","310M200US37300","Palestine, TX Micro Area"
"553591","*****","310M200US37340","Palm Bay-Melbourne-Titusville, FL Metro Area"
"22983","*****","310M200US37420","Pampa, TX Micro Area"
"191138","*****","310M200US37460","Panama City, FL Metro Area"
"43382","*****","310M200US37500","Paragould, AR Micro Area"
"32269","*****","310M200US37540","Paris, TN Micro Area"
"49566","*****","310M200US37580","Paris, TX Micro Area"
"92400","*****","310M200US37620","Parkersburg-Vienna, WV Metro Area"
"21048","*****","310M200US37660","Parsons, KS Micro Area"
"53165","*****","310M200US37740","Payson, AZ Micro Area"
"14179","*****","310M200US37780","Pecos, TX Micro Area"
"467348","*****","310M200US37860","Pensacola-Ferry Pass-Brent, FL Metro Area"
"379947","*****","310M200US37900","Peoria, IL Metro Area"
"36211","*****","310M200US37940","Peru, IN Micro Area"
"6035680","*****","310M200US37980","Philadelphia-Camden-Wilmington, PA-NJ-DE-MD Metro Area"
"4407915","*****","310M200US38060","Phoenix-Mesa-Scottsdale, AZ Metro Area"
"55196","*****","310M200US38100","Picayune, MS Micro Area"
"21897","87","310M200US38180","Pierre, SD Micro Area"
"96120","*****","310M200US38220","Pine Bluff, AR Metro Area"
"91743","*****","310M200US38240","Pinehurst-Southern Pines, NC Micro Area"
"39304","*****","310M200US38260","Pittsburg, KS Micro Area"
"2358926","*****","310M200US38300","Pittsburgh, PA Metro Area"
"129288","*****","310M200US38340","Pittsfield, MA Metro Area"
"35504","*****","310M200US38380","Plainview, TX Micro Area"
"51489","*****","310M200US38420","Platteville, WI Micro Area"
"81685","*****","310M200US38460","Plattsburgh, NY Micro Area"
"46962","*****","310M200US38500","Plymouth, IN Micro Area"
"83604","*****","310M200US38540","Pocatello, ID Metro Area"
"57742","*****","310M200US38580","Point Pleasant, WV-OH Micro Area"
"45587","*****","310M200US38620","Ponca City, OK Micro Area"
"330891","*****","310M200US38660","Ponce, PR Metro Area"
"37689","*****","310M200US38700","Pontiac, IL Micro Area"
"42951","*****","310M200US38740","Poplar Bluff, MO Micro Area"
"19908","*****","310M200US38780","Portales, NM Micro Area"
"72397","*****","310M200US38820","Port Angeles, WA Micro Area"
"41162","*****","310M200US38840","Port Clinton, OH Micro Area"
"520893","*****","310M200US38860","Portland-South Portland, ME Metro Area"
"2320323","*****","310M200US38900","Portland-Vancouver-Hillsboro, OR-WA Metro Area"
"21666","*****","310M200US38920","Port Lavaca, TX Micro Area"
"439592","*****","310M200US38940","Port St. Lucie, FL Metro Area"
"78017","*****","310M200US39020","Portsmouth, OH Micro Area"
"146360","*****","310M200US39060","Pottsville, PA Micro Area"
"215996","*****","310M200US39140","Prescott, AZ Metro Area"
"20927","*****","310M200US39220","Price, UT Micro Area"
"20956","*****","310M200US39260","Prineville, OR Micro Area"
"1606424","*****","310M200US39300","Providence-Warwick, RI-MA Metro Area"
"562357","*****","310M200US39340","Provo-Orem, UT Metro Area"
"161519","*****","310M200US39380","Pueblo, CO Metro Area"
"46737","*****","310M200US39420","Pullman, WA Micro Area"
"165783","*****","310M200US39460","Punta Gorda, FL Metro Area"
"77253","*****","310M200US39500","Quincy, IL-MO Micro Area"
"194895","*****","310M200US39540","Racine, WI Metro Area"
"1216711","*****","310M200US39580","Raleigh, NC Metro Area"
"140860","*****","310M200US39660","Rapid City, SD Metro Area"
"22002","*****","310M200US39700","Raymondville, TX Micro Area"
"413965","*****","310M200US39740","Reading, PA Metro Area"
"63152","*****","310M200US39780","Red Bluff, CA Micro Area"
"178942","*****","310M200US39820","Redding, CA Metro Area"
"46377","*****","310M200US39860","Red Wing, MN Micro Area"
"438948","*****","310M200US39900","Reno, NV Metro Area"
"50861","*****","310M200US39940","Rexburg, ID Micro Area"
"67866","*****","310M200US39980","Richmond, IN Micro Area"
"1246215","*****","310M200US40060","Richmond, VA Metro Area"
"102780","*****","310M200US40080","Richmond-Berea, KY Micro Area"
"62648","*****","310M200US40100","Rio Grande City, TX Micro Area"
"4392801","*****","310M200US40140","Riverside-San Bernardino-Ontario, CA Metro Area"
"40755","*****","310M200US40180","Riverton, WY Micro Area"
"312216","*****","310M200US40220","Roanoke, VA Metro Area"
"74418","*****","310M200US40260","Roanoke Rapids, NC Micro Area"
"52397","*****","310M200US40300","Rochelle, IL Micro Area"
"211250","*****","310M200US40340","Rochester, MN Metro Area"
"1083156","*****","310M200US40380","Rochester, NY Metro Area"
"344290","*****","310M200US40420","Rockford, IL Metro Area"
"46046","*****","310M200US40460","Rockingham, NC Micro Area"
"44772","*****","310M200US40540","Rock Springs, WY Micro Area"
"150002","*****","310M200US40580","Rocky Mount, NC Metro Area"
"45029","*****","310M200US40620","Rolla, MO Micro Area"
"96169","*****","310M200US40660","Rome, GA Metro Area"
"107194","*****","310M200US40700","Roseburg, OR Micro Area"
"65811","*****","310M200US40740","Roswell, NM Micro Area"
"84665","*****","310M200US40780","Russellville, AR Micro Area"
"47349","*****","310M200US40820","Ruston, LA Micro Area"
"60530","*****","310M200US40860","Rutland, VT Micro Area"
"2221525","*****","310M200US40900","Sacramento--Roseville--Arden-Arcade, CA Metro Area"
"37407","*****","310M200US40940","Safford, AZ Micro Area"
"196479","*****","310M200US40980","Saginaw, MI Metro Area"
"191816","*****","310M200US41060","St. Cloud, MN Metro Area"
"148244","*****","310M200US41100","St. George, UT Metro Area"
"127530","*****","310M200US41140","St. Joseph, MO-KS Metro Area"
"2801914","*****","310M200US41180","St. Louis, MO-IL Metro Area"
"51445","*****","310M200US41220","St. Marys, GA Micro Area"
"105987","*****","310M200US41400","Salem, OH Micro Area"
"400523","*****","310M200US41420","Salem, OR Metro Area"
"61783","*****","310M200US41460","Salina, KS Micro Area"
"428441","*****","310M200US41500","Salinas, CA Metro Area"
"385983","*****","310M200US41540","Salisbury, MD-DE Metro Area"
"1139851","*****","310M200US41620","Salt Lake City, UT Metro Area"
"116700","119","310M200US41660","San Angelo, TX Metro Area"
"2286702","*****","310M200US41700","San Antonio-New Braunfels, TX Metro Area"
"3223096","*****","310M200US41740","San Diego-Carlsbad, CA Metro Area"
"41066","*****","310M200US41760","Sandpoint, ID Micro Area"
"76141","*****","310M200US41780","Sandusky, OH Micro Area"
"59418","*****","310M200US41820","Sanford, NC Micro Area"
"4528894","*****","310M200US41860","San Francisco-Oakland-Hayward, CA Metro Area"
"133534","*****","310M200US41900","San Germán, PR Metro Area"
"1925706","*****","310M200US41940","San Jose-Sunnyvale-Santa Clara, CA Metro Area"
"2263582","*****","310M200US41980","San Juan-Carolina-Caguas, PR Metro Area"
"276517","*****","310M200US42020","San Luis Obispo-Paso Robles-Arroyo Grande, CA Metro Area"
"269278","*****","310M200US42100","Santa Cruz-Watsonville, CA Metro Area"
"147108","*****","310M200US42140","Santa Fe, NM Metro Area"
"22913","*****","310M200US42180","Santa Isabel, PR Micro Area"
"435850","*****","310M200US42200","Santa Maria-Santa Barbara, CA Metro Area"
"495078","*****","310M200US42220","Santa Rosa, CA Metro Area"
"38586","*****","310M200US42300","Sault Ste. Marie, MI Micro Area"
"367071","*****","310M200US42340","Savannah, GA Metro Area"
"62228","*****","310M200US42380","Sayre, PA Micro Area"
"38753","*****","310M200US42420","Scottsbluff, NE Micro Area"
"52860","*****","310M200US42460","Scottsboro, AL Micro Area"
"561701","*****","310M200US42540","Scranton--Wilkes-Barre--Hazleton, PA Metro Area"
"78660","*****","310M200US42620","Searcy, AR Micro Area"
"3614361","*****","310M200US42660","Seattle-Tacoma-Bellevue, WA Metro Area"
"142866","*****","310M200US42680","Sebastian-Vero Beach, FL Metro Area"
"98328","*****","310M200US42700","Sebring, FL Metro Area"
"42215","*****","310M200US42740","Sedalia, MO Micro Area"
"40046","*****","310M200US42780","Selinsgrove, PA Micro Area"
"42154","*****","310M200US42820","Selma, AL Micro Area"
"74949","*****","310M200US42860","Seneca, SC Micro Area"
"35144","*****","310M200US42900","Seneca Falls, NY Micro Area"
"93617","*****","310M200US42940","Sevierville, TN Micro Area"
"43471","*****","310M200US42980","Seymour, IN Micro Area"
"46014","*****","310M200US43020","Shawano, WI Micro Area"
"71136","*****","310M200US43060","Shawnee, OK Micro Area"
"115226","*****","310M200US43100","Sheboygan, WI Metro Area"
"97178","*****","310M200US43140","Shelby, NC Micro Area"
"45986","*****","310M200US43180","Shelbyville, TN Micro Area"
"60791","*****","310M200US43220","Shelton, WA Micro Area"
"29738","*****","310M200US43260","Sheridan, WY Micro Area"
"122780","*****","310M200US43300","Sherman-Denison, TX Metro Area"
"107656","*****","310M200US43320","Show Low, AZ Micro Area"
"445727","*****","310M200US43340","Shreveport-Bossier City, LA Metro Area"
"49067","*****","310M200US43380","Sidney, OH Micro Area"
"129647","*****","310M200US43420","Sierra Vista-Douglas, AZ Metro Area"
"39061","*****","310M200US43460","Sikeston, MO Micro Area"
"29119","*****","310M200US43500","Silver City, NM Micro Area"
"168889","*****","310M200US43580","Sioux City, IA-NE-SD Metro Area"
"242731","*****","310M200US43620","Sioux Falls, SD Metro Area"
"17238","*****","310M200US43660","Snyder, TX Micro Area"
"63635","*****","310M200US43700","Somerset, KY Micro Area"
"76617","*****","310M200US43740","Somerset, PA Micro Area"
"54079","*****","310M200US43760","Sonora, CA Micro Area"
"319198","*****","310M200US43780","South Bend-Mishawaka, IN-MI Metro Area"
"319365","*****","310M200US43900","Spartanburg, SC Metro Area"
"24645","*****","310M200US43940","Spearfish, SD Micro Area"
"16537","*****","310M200US43980","Spencer, IA Micro Area"
"16967","*****","310M200US44020","Spirit Lake, IA Micro Area"
"537348","*****","310M200US44060","Spokane-Spokane Valley, WA Metro Area"
"211627","*****","310M200US44100","Springfield, IL Metro Area"
"628800","*****","310M200US44140","Springfield, MA Metro Area"
"448471","*****","310M200US44180","Springfield, MO Metro Area"
"136827","*****","310M200US44220","Springfield, OH Metro Area"
"49048","*****","310M200US44260","Starkville, MS Micro Area"
"157823","*****","310M200US44300","State College, PA Metro Area"
"72386","*****","310M200US44340","Statesboro, GA Micro Area"
"119396","*****","310M200US44420","Staunton-Waynesboro, VA Metro Area"
"23606","*****","310M200US44460","Steamboat Springs, CO Micro Area"
"40039","*****","310M200US44500","Stephenville, TX Micro Area"
"21928","*****","310M200US44540","Sterling, CO Micro Area"
"57525","*****","310M200US44580","Sterling, IL Micro Area"
"70432","*****","310M200US44620","Stevens Point, WI Micro Area"
"79423","*****","310M200US44660","Stillwater, OK Micro Area"
"708554","*****","310M200US44700","Stockton-Lodi, CA Metro Area"
"20507","*****","310M200US44740","Storm Lake, IA Micro Area"
"61022","*****","310M200US44780","Sturgis, MI Micro Area"
"35645","*****","310M200US44860","Sulphur Springs, TX Micro Area"
"25241","*****","310M200US44900","Summerville, GA Micro Area"
"38521","*****","310M200US44920","Summit Park, UT Micro Area"
"107777","*****","310M200US44940","Sumter, SC Metro Area"
"94006","*****","310M200US44980","Sunbury, PA Micro Area"
"32645","*****","310M200US45000","Susanville, CA Micro Area"
"15061","*****","310M200US45020","Sweetwater, TX Micro Area"
"661914","*****","310M200US45060","Syracuse, NY Metro Area"
"48097","*****","310M200US45140","Tahlequah, OK Micro Area"
"92464","*****","310M200US45180","Talladega-Sylacauga, AL Micro Area"
"374690","*****","310M200US45220","Tallahassee, FL Metro Area"
"2888458","*****","310M200US45300","Tampa-St. Petersburg-Clearwater, FL Metro Area"
"32943","*****","310M200US45340","Taos, NM Micro Area"
"34200","*****","310M200US45380","Taylorville, IL Micro Area"
"171925","*****","310M200US45460","Terre Haute, IN Metro Area"
"149527","*****","310M200US45500","Texarkana, TX-AR Metro Area"
"25492","*****","310M200US45520","The Dalles, OR Micro Area"
"108501","*****","310M200US45540","The Villages, FL Metro Area"
"26528","*****","310M200US45580","Thomaston, GA Micro Area"
"44824","*****","310M200US45620","Thomasville, GA Micro Area"
"55929","*****","310M200US45660","Tiffin, OH Micro Area"
"40787","*****","310M200US45700","Tifton, GA Micro Area"
"25620","*****","310M200US45740","Toccoa, GA Micro Area"
"607631","*****","310M200US45780","Toledo, OH Metro Area"
"234167","*****","310M200US45820","Topeka, KS Metro Area"
"186304","*****","310M200US45860","Torrington, CT Micro Area"
"146346","*****","310M200US45900","Traverse City, MI Micro Area"
"370212","*****","310M200US45940","Trenton, NJ Metro Area"
"33155","*****","310M200US45980","Troy, AL Micro Area"
"98570","*****","310M200US46020","Truckee-Grass Valley, CA Micro Area"
"998537","*****","310M200US46060","Tucson, AZ Metro Area"
"100937","*****","310M200US46100","Tullahoma-Manchester, TN Micro Area"
"962676","*****","310M200US46140","Tulsa, OK Metro Area"
"139004","*****","310M200US46180","Tupelo, MS Micro Area"
"235570","*****","310M200US46220","Tuscaloosa, AL Metro Area"
"102657","*****","310M200US46300","Twin Falls, ID Micro Area"
"217552","*****","310M200US46340","Tyler, TX Metro Area"
"87544","*****","310M200US46380","Ukiah, CA Micro Area"
"37551","*****","310M200US46460","Union City, TN-KY Micro Area"
"39393","*****","310M200US46500","Urbana, OH Micro Area"
"984178","*****","310M200US46520","Urban Honolulu, HI Metro Area"
"297592","*****","310M200US46540","Utica-Rome, NY Metro Area"
"26952","*****","310M200US46620","Uvalde, TX Micro Area"
"143291","*****","310M200US46660","Valdosta, GA Metro Area"
"425753","*****","310M200US46700","Vallejo-Fairfield, CA Metro Area"
"34079","*****","310M200US46740","Valley, AL Micro Area"
"28576","*****","310M200US46780","Van Wert, OH Micro Area"
"14011","*****","310M200US46820","Vermillion, SD Micro Area"
"35721","*****","310M200US46860","Vernal, UT Micro Area"
"13158","*****","310M200US46900","Vernon, TX Micro Area"
"57350","*****","310M200US46980","Vicksburg, MS Micro Area"
"97509","*****","310M200US47020","Victoria, TX Metro Area"
"36178","*****","310M200US47080","Vidalia, GA Micro Area"
"38062","*****","310M200US47180","Vincennes, IN Micro Area"
"157035","*****","310M200US47220","Vineland-Bridgeton, NJ Metro Area"
"17048","*****","310M200US47240","Vineyard Haven, MA Micro Area"
"1706878","*****","310M200US47260","Virginia Beach-Norfolk-Newport News, VA-NC Metro Area"
"454033","*****","310M200US47300","Visalia-Porterville, CA Metro Area"
"32358","*****","310M200US47340","Wabash, IN Micro Area"
"258915","*****","310M200US47380","Waco, TX Metro Area"
"22843","*****","310M200US47420","Wahpeton, ND-MN Micro Area"
"63715","*****","310M200US47460","Walla Walla, WA Metro Area"
"45873","*****","310M200US47540","Wapakoneta, OH Micro Area"
"186246","*****","310M200US47580","Warner Robins, GA Metro Area"
"40962","*****","310M200US47620","Warren, PA Micro Area"
"54155","*****","310M200US47660","Warrensburg, MO Micro Area"
"77983","*****","310M200US47700","Warsaw, IN Micro Area"
"32411","*****","310M200US47780","Washington, IN Micro Area"
"47561","*****","310M200US47820","Washington, NC Micro Area"
"5949403","*****","310M200US47900","Washington-Arlington-Alexandria, DC-VA-MD-WV Metro Area"
"28769","*****","310M200US47920","Washington Court House, OH Micro Area"
"169442","*****","310M200US47940","Waterloo-Cedar Falls, IA Metro Area"
"27750","*****","310M200US47980","Watertown, SD Micro Area"
"84345","*****","310M200US48020","Watertown-Fort Atkinson, WI Micro Area"
"118947","*****","310M200US48060","Watertown-Fort Drum, NY Metro Area"
"27468","*****","310M200US48100","Wauchula, FL Micro Area"
"135177","*****","310M200US48140","Wausau, WI Metro Area"
"54657","*****","310M200US48180","Waycross, GA Micro Area"
"28978","*****","310M200US48220","Weatherford, OK Micro Area"
"121919","*****","310M200US48260","Weirton-Steubenville, WV-OH Metro Area"
"113866","*****","310M200US48300","Wenatchee, WA Metro Area"
"40326","*****","310M200US48460","West Plains, MO Micro Area"
"145677","*****","310M200US48540","Wheeling, WV-OH Metro Area"
"103039","*****","310M200US48580","Whitewater-Elkhorn, WI Micro Area"
"638884","*****","310M200US48620","Wichita, KS Metro Area"
"151215","*****","310M200US48660","Wichita Falls, TX Metro Area"
"116656","*****","310M200US48700","Williamsport, PA Metro Area"
"29619","*****","310M200US48780","Williston, ND Micro Area"
"42444","*****","310M200US48820","Willmar, MN Micro Area"
"268257","*****","310M200US48900","Wilmington, NC Metro Area"
"41892","*****","310M200US48940","Wilmington, OH Micro Area"
"81581","*****","310M200US48980","Wilson, NC Micro Area"
"132050","*****","310M200US49020","Winchester, VA-WV Metro Area"
"17067","*****","310M200US49080","Winnemucca, NV Micro Area"
"51213","*****","310M200US49100","Winona, MN Micro Area"
"651630","*****","310M200US49180","Winston-Salem, NC Metro Area"
"74012","*****","310M200US49220","Wisconsin Rapids-Marshfield, WI Micro Area"
"20986","*****","310M200US49260","Woodward, OK Micro Area"
"115371","*****","310M200US49300","Wooster, OH Micro Area"
"928405","*****","310M200US49340","Worcester, MA-CT Metro Area"
"21687","*****","310M200US49380","Worthington, MN Micro Area"
"247408","*****","310M200US49420","Yakima, WA Metro Area"
"22636","*****","310M200US49460","Yankton, SD Micro Area"
"439660","*****","310M200US49620","York-Hanover, PA Metro Area"
"556243","*****","310M200US49660","Youngstown-Warren-Boardman, OH-PA Metro Area"
"168684","*****","310M200US49700","Yuba City, CA Metro Area"
"202987","*****","310M200US49740","Yuma, AZ Metro Area"
"86016","*****","310M200US49780","Zanesville, OH Micro Area"
"14308","*****","310M200US49820","Zapata, TX Micro Area"
