"B01003_001E","B01003_001M","GEO_ID","NAME"
"Estimate!!Total","Margin of Error!!Total","id","Geographic Area Name"
"42780","*****","310M400US10100","Aberdeen, SD Micro Area"
"71967","*****","310M400US10140","Aberdeen, WA Micro Area"
"170009","*****","310M400US10180","Abilene, TX Metro Area"
"38358","*****","310M400US10220","Ada, OK Micro Area"
"18181","*****","310M400US10260","Adjuntas, PR Micro Area"
"98474","*****","310M400US10300","Adrian, MI Micro Area"
"307555","*****","310M400US10380","Aguadilla-Isabela, PR Metro Area"
"704454","*****","310M400US10420","Akron, OH Metro Area"
"65745","*****","310M400US10460","Alamogordo, NM Micro Area"
"153101","*****","310M400US10500","Albany, GA Metro Area"
"122870","*****","310M400US10540","Albany, OR Metro Area"
"880481","*****","310M400US10580","Albany-Schenectady-Troy, NY Metro Area"
"61114","*****","310M400US10620","Albemarle, NC Micro Area"
"30526","*****","310M400US10660","Albert Lea, MN Micro Area"
"95145","*****","310M400US10700","Albertville, AL Micro Area"
"910012","*****","310M400US10740","Albuquerque, NM Metro Area"
"40636","*****","310M400US10760","Alexander City, AL Micro Area"
"153894","*****","310M400US10780","Alexandria, LA Metro Area"
"37203","*****","310M400US10820","Alexandria, MN Micro Area"
"41192","*****","310M400US10860","Alice, TX Micro Area"
"834615","*****","310M400US10900","Allentown-Bethlehem-Easton, PA-NJ Metro Area"
"41067","*****","310M400US10940","Alma, MI Micro Area"
"28612","*****","310M400US10980","Alpena, MI Micro Area"
"123842","*****","310M400US11020","Altoona, PA Metro Area"
"25384","*****","310M400US11060","Altus, OK Micro Area"
"263412","125","310M400US11100","Amarillo, TX Metro Area"
"35563","*****","310M400US11140","Americus, GA Micro Area"
"96922","*****","310M400US11180","Ames, IA Metro Area"
"49426","*****","310M400US11220","Amsterdam, NY Micro Area"
"399576","*****","310M400US11260","Anchorage, AK Metro Area"
"17818","*****","310M400US11380","Andrews, TX Micro Area"
"34474","*****","310M400US11420","Angola, IN Micro Area"
"365961","*****","310M400US11460","Ann Arbor, MI Metro Area"
"115098","*****","310M400US11500","Anniston-Oxford-Jacksonville, AL Metro Area"
"234561","*****","310M400US11540","Appleton, WI Metro Area"
"36399","*****","310M400US11580","Arcadia, FL Micro Area"
"48406","*****","310M400US11620","Ardmore, OK Micro Area"
"183890","*****","310M400US11640","Arecibo, PR Metro Area"
"22385","*****","310M400US11660","Arkadelphia, AR Micro Area"
"35591","*****","310M400US11680","Arkansas City-Winfield, KS Micro Area"
"449937","*****","310M400US11700","Asheville, NC Metro Area"
"53477","*****","310M400US11740","Ashland, OH Micro Area"
"98136","*****","310M400US11780","Ashtabula, OH Micro Area"
"38562","*****","310M400US11820","Astoria, OR Micro Area"
"16363","*****","310M400US11860","Atchison, KS Micro Area"
"65936","*****","310M400US11900","Athens, OH Micro Area"
"52773","*****","310M400US11940","Athens, TN Micro Area"
"80460","*****","310M400US11980","Athens, TX Micro Area"
"205303","*****","310M400US12020","Athens-Clarke County, GA Metro Area"
"5779463","*****","310M400US12060","Atlanta-Sandy Springs-Roswell, GA Metro Area"
"268539","*****","310M400US12100","Atlantic City-Hammonton, NJ Metro Area"
"37328","*****","310M400US12120","Atmore, AL Micro Area"
"42704","*****","310M400US12140","Auburn, IN Micro Area"
"77868","*****","310M400US12180","Auburn, NY Micro Area"
"159287","*****","310M400US12220","Auburn-Opelika, AL Metro Area"
"594300","*****","310M400US12260","Augusta-Richmond County, GA-SC Metro Area"
"121545","*****","310M400US12300","Augusta-Waterville, ME Micro Area"
"39602","*****","310M400US12380","Austin, MN Micro Area"
"2058351","*****","310M400US12420","Austin-Round Rock, TX Metro Area"
"26833","*****","310M400US12460","Bainbridge, GA Micro Area"
"883053","*****","310M400US12540","Bakersfield, CA Metro Area"
"2793250","*****","310M400US12580","Baltimore-Columbia-Towson, MD Metro Area"
"151748","*****","310M400US12620","Bangor, ME Metro Area"
"63596","*****","310M400US12660","Baraboo, WI Micro Area"
"45388","*****","310M400US12680","Bardstown, KY Micro Area"
"213690","*****","310M400US12700","Barnstable Town, MA Metro Area"
"58477","*****","310M400US12740","Barre, VT Micro Area"
"52001","*****","310M400US12780","Bartlesville, OK Micro Area"
"25992","*****","310M400US12820","Bastrop, LA Micro Area"
"58112","*****","310M400US12860","Batavia, NY Micro Area"
"37264","*****","310M400US12900","Batesville, AR Micro Area"
"829642","*****","310M400US12940","Baton Rouge, LA Metro Area"
"134473","*****","310M400US12980","Battle Creek, MI Metro Area"
"104786","*****","310M400US13020","Bay City, MI Metro Area"
"36743","*****","310M400US13060","Bay City, TX Micro Area"
"21595","*****","310M400US13100","Beatrice, NE Micro Area"
"409693","*****","310M400US13140","Beaumont-Port Arthur, TX Metro Area"
"87776","*****","310M400US13180","Beaver Dam, WI Micro Area"
"120358","*****","310M400US13220","Beckley, WV Metro Area"
"45619","*****","310M400US13260","Bedford, IN Micro Area"
"32691","*****","310M400US13300","Beeville, TX Micro Area"
"45307","*****","310M400US13340","Bellefontaine, OH Micro Area"
"216812","*****","310M400US13380","Bellingham, WA Metro Area"
"46117","*****","310M400US13420","Bemidji, MN Micro Area"
"180640","*****","310M400US13460","Bend-Redmond, OR Metro Area"
"27131","*****","310M400US13500","Bennettsville, SC Micro Area"
"35920","*****","310M400US13540","Bennington, VT Micro Area"
"38246","*****","310M400US13620","Berlin, NH-VT Micro Area"
"43264","*****","310M400US13660","Big Rapids, MI Micro Area"
"38097","146","310M400US13700","Big Spring, TX Micro Area"
"57975","*****","310M400US13720","Big Stone Gap, VA Micro Area"
"169086","100","310M400US13740","Billings, MT Metro Area"
"243447","*****","310M400US13780","Binghamton, NY Metro Area"
"1147054","*****","310M400US13820","Birmingham-Hoover, AL Metro Area"
"130531","92","310M400US13900","Bismarck, ND Metro Area"
"45551","*****","310M400US13940","Blackfoot, ID Micro Area"
"182341","*****","310M400US13980","Blacksburg-Christiansburg-Radford, VA Metro Area"
"189261","*****","310M400US14010","Bloomington, IL Metro Area"
"166281","*****","310M400US14020","Bloomington, IN Metro Area"
"84514","*****","310M400US14100","Bloomsburg-Berwick, PA Metro Area"
"102566","*****","310M400US14140","Bluefield, WV-VA Micro Area"
"42831","*****","310M400US14180","Blytheville, AR Micro Area"
"46457","*****","310M400US14220","Bogalusa, LA Micro Area"
"693952","*****","310M400US14260","Boise City, ID Metro Area"
"34175","*****","310M400US14300","Bonham, TX Micro Area"
"26399","*****","310M400US14340","Boone, IA Micro Area"
"54117","*****","310M400US14380","Boone, NC Micro Area"
"21571","*****","310M400US14420","Borger, TX Micro Area"
"4811732","*****","310M400US14460","Boston-Cambridge-Newton, MA-NH Metro Area"
"321030","*****","310M400US14500","Boulder, CO Metro Area"
"172088","*****","310M400US14540","Bowling Green, KY Metro Area"
"104729","*****","310M400US14580","Bozeman, MT Micro Area"
"41806","*****","310M400US14620","Bradford, PA Micro Area"
"92877","*****","310M400US14660","Brainerd, MN Micro Area"
"86247","*****","310M400US14700","Branson, MO Micro Area"
"30429","*****","310M400US14720","Breckenridge, CO Micro Area"
"262475","*****","310M400US14740","Bremerton-Silverdale, WA Metro Area"
"34796","*****","310M400US14780","Brenham, TX Micro Area"
"33513","*****","310M400US14820","Brevard, NC Micro Area"
"944348","*****","310M400US14860","Bridgeport-Stamford-Norwalk, CT Metro Area"
"34432","*****","310M400US15020","Brookhaven, MS Micro Area"
"22507","*****","310M400US15060","Brookings, OR Micro Area"
"34239","*****","310M400US15100","Brookings, SD Micro Area"
"17779","*****","310M400US15140","Brownsville, TN Micro Area"
"421750","*****","310M400US15180","Brownsville-Harlingen, TX Metro Area"
"37834","*****","310M400US15220","Brownwood, TX Micro Area"
"116655","*****","310M400US15260","Brunswick, GA Metro Area"
"42021","*****","310M400US15340","Bucyrus, OH Micro Area"
"1131570","*****","310M400US15380","Buffalo-Cheektowaga-Niagara Falls, NY Metro Area"
"44230","*****","310M400US15420","Burley, ID Micro Area"
"46484","*****","310M400US15460","Burlington, IA-IL Micro Area"
"160576","*****","310M400US15500","Burlington, NC Metro Area"
"218042","*****","310M400US15540","Burlington-South Burlington, VT Metro Area"
"34814","*****","310M400US15580","Butte-Silver Bow, MT Micro Area"
"48117","*****","310M400US15620","Cadillac, MI Micro Area"
"56790","*****","310M400US15660","Calhoun, GA Micro Area"
"111531","*****","310M400US15680","California-Lexington Park, MD Metro Area"
"32261","*****","310M400US15700","Cambridge, MD Micro Area"
"39274","*****","310M400US15740","Cambridge, OH Micro Area"
"29308","*****","310M400US15780","Camden, AR Micro Area"
"25500","*****","310M400US15820","Campbellsville, KY Micro Area"
"47002","*****","310M400US15860","Cañon City, CO Micro Area"
"35418","*****","310M400US15900","Canton, IL Micro Area"
"401053","*****","310M400US15940","Canton-Massillon, OH Metro Area"
"718679","*****","310M400US15980","Cape Coral-Fort Myers, FL Metro Area"
"97137","*****","310M400US16020","Cape Girardeau, MO-IL Metro Area"
"125850","*****","310M400US16060","Carbondale-Marion, IL Metro Area"
"57437","*****","310M400US16100","Carlsbad-Artesia, NM Micro Area"
"20344","*****","310M400US16140","Carroll, IA Micro Area"
"54467","*****","310M400US16180","Carson City, NV Metro Area"
"80610","*****","310M400US16220","Casper, WY Metro Area"
"49691","*****","310M400US16260","Cedar City, UT Micro Area"
"268315","*****","310M400US16300","Cedar Rapids, IA Metro Area"
"41621","*****","310M400US16340","Cedartown, GA Micro Area"
"40806","*****","310M400US16380","Celina, OH Micro Area"
"31081","*****","310M400US16420","Central City, KY Micro Area"
"38084","*****","310M400US16460","Centralia, IL Micro Area"
"76947","*****","310M400US16500","Centralia, WA Micro Area"
"153751","*****","310M400US16540","Chambersburg-Waynesboro, PA Metro Area"
"239273","*****","310M400US16580","Champaign-Urbana, IL Metro Area"
"217312","*****","310M400US16620","Charleston, WV Metro Area"
"62601","*****","310M400US16660","Charleston-Mattoon, IL Micro Area"
"759247","*****","310M400US16700","Charleston-North Charleston, SC Metro Area"
"2473125","*****","310M400US16740","Charlotte-Concord-Gastonia, NC-SC Metro Area"
"230905","*****","310M400US16820","Charlottesville, VA Metro Area"
"552043","*****","310M400US16860","Chattanooga, TN-GA Metro Area"
"97692","*****","310M400US16940","Cheyenne, WY Metro Area"
"9536428","*****","310M400US16980","Chicago-Naperville-Elgin, IL-IN-WI Metro Area"
"227075","*****","310M400US17020","Chico, CA Metro Area"
"77051","*****","310M400US17060","Chillicothe, OH Micro Area"
"2168825","*****","310M400US17140","Cincinnati, OH-KY-IN Metro Area"
"217300","*****","310M400US17200","Claremont-Lebanon, NH-VT Micro Area"
"93696","*****","310M400US17220","Clarksburg, WV Micro Area"
"23802","*****","310M400US17260","Clarksdale, MS Micro Area"
"282994","*****","310M400US17300","Clarksville, TN-KY Metro Area"
"64148","*****","310M400US17340","Clearlake, CA Micro Area"
"32592","*****","310M400US17380","Cleveland, MS Micro Area"
"121339","*****","310M400US17420","Cleveland, TN Metro Area"
"2061766","*****","310M400US17460","Cleveland-Elyria, OH Metro Area"
"40127","*****","310M400US17500","Clewiston, FL Micro Area"
"47218","*****","310M400US17540","Clinton, IA Micro Area"
"50199","*****","310M400US17580","Clovis, NM Micro Area"
"39265","*****","310M400US17620","Coamo, PR Micro Area"
"28633","*****","310M400US17640","Coco, PR Micro Area"
"153605","*****","310M400US17660","Coeur d'Alene, ID Metro Area"
"32970","*****","310M400US17700","Coffeyville, KS Micro Area"
"43584","*****","310M400US17740","Coldwater, MI Micro Area"
"253946","*****","310M400US17780","College Station-Bryan, TX Metro Area"
"712266","*****","310M400US17820","Colorado Springs, CO Metro Area"
"176515","*****","310M400US17860","Columbia, MO Metro Area"
"816664","*****","310M400US17900","Columbia, SC Metro Area"
"307724","*****","310M400US17980","Columbus, GA-AL Metro Area"
"81893","*****","310M400US18020","Columbus, IN Metro Area"
"59437","*****","310M400US18060","Columbus, MS Micro Area"
"33063","*****","310M400US18100","Columbus, NE Micro Area"
"2054062","*****","310M400US18140","Columbus, OH Metro Area"
"149452","*****","310M400US18180","Concord, NH Micro Area"
"23259","*****","310M400US18220","Connersville, IN Micro Area"
"110059","*****","310M400US18260","Cookeville, TN Micro Area"
"63308","*****","310M400US18300","Coos Bay, OR Micro Area"
"22846","*****","310M400US18380","Cordele, GA Micro Area"
"37180","*****","310M400US18420","Corinth, MS Micro Area"
"44289","*****","310M400US18460","Cornelia, GA Micro Area"
"96927","*****","310M400US18500","Corning, NY Micro Area"
"452295","*****","310M400US18580","Corpus Christi, TX Metro Area"
"48583","*****","310M400US18620","Corsicana, TX Micro Area"
"48123","*****","310M400US18660","Cortland, NY Micro Area"
"89780","*****","310M400US18700","Corvallis, OR Metro Area"
"36574","*****","310M400US18740","Coshocton, OH Micro Area"
"13060","*****","310M400US18780","Craig, CO Micro Area"
"38276","*****","310M400US18820","Crawfordsville, IN Micro Area"
"27424","*****","310M400US18860","Crescent City, CA Micro Area"
"266595","*****","310M400US18880","Crestview-Fort Walton Beach-Destin, FL Metro Area"
"58634","*****","310M400US18900","Crossville, TN Micro Area"
"82313","*****","310M400US18980","Cullman, AL Micro Area"
"42256","*****","310M400US19000","Cullowhee, NC Micro Area"
"99255","*****","310M400US19060","Cumberland, MD-WV Metro Area"
"7255028","*****","310M400US19100","Dallas-Fort Worth-Arlington, TX Metro Area"
"143406","*****","310M400US19140","Dalton, GA Metro Area"
"78407","*****","310M400US19180","Danville, IL Metro Area"
"54371","*****","310M400US19220","Danville, KY Micro Area"
"103188","*****","310M400US19260","Danville, VA Micro Area"
"208107","*****","310M400US19300","Daphne-Fairhope-Foley, AL Metro Area"
"382720","*****","310M400US19340","Davenport-Moline-Rock Island, IA-IL Metro Area"
"802645","*****","310M400US19380","Dayton, OH Metro Area"
"32628","*****","310M400US19420","Dayton, TN Micro Area"
"152293","*****","310M400US19460","Decatur, AL Metro Area"
"106512","*****","310M400US19500","Decatur, IL Metro Area"
"35195","*****","310M400US19540","Decatur, IN Micro Area"
"38279","*****","310M400US19580","Defiance, OH Micro Area"
"49027","*****","310M400US19620","Del Rio, TX Micro Area"
"634773","*****","310M400US19660","Deltona-Daytona Beach-Ormond Beach, FL Metro Area"
"24264","*****","310M400US19700","Deming, NM Micro Area"
"2850221","*****","310M400US19740","Denver-Aurora-Lakewood, CO Metro Area"
"36769","*****","310M400US19760","DeRidder, LA Micro Area"
"634201","*****","310M400US19780","Des Moines-West Des Moines, IA Metro Area"
"4317179","*****","310M400US19820","Detroit-Warren-Dearborn, MI Metro Area"
"30876","*****","310M400US19860","Dickinson, ND Micro Area"
"34527","*****","310M400US19940","Dixon, IL Micro Area"
"34484","*****","310M400US19980","Dodge City, KS Micro Area"
"147967","*****","310M400US20020","Dothan, AL Metro Area"
"42961","*****","310M400US20060","Douglas, GA Micro Area"
"174822","*****","310M400US20100","Dover, DE Metro Area"
"57148","*****","310M400US20140","Dublin, GA Micro Area"
"80216","*****","310M400US20180","DuBois, PA Micro Area"
"96802","*****","310M400US20220","Dubuque, IA Metro Area"
"279022","*****","310M400US20260","Duluth, MN-WI Metro Area"
"21801","*****","310M400US20300","Dumas, TX Micro Area"
"43983","*****","310M400US20340","Duncan, OK Micro Area"
"130361","*****","310M400US20380","Dunn, NC Micro Area"
"55101","*****","310M400US20420","Durango, CO Micro Area"
"45759","*****","310M400US20460","Durant, OK Micro Area"
"558491","*****","310M400US20500","Durham-Chapel Hill, NC Metro Area"
"37576","*****","310M400US20540","Dyersburg, TN Micro Area"
"57970","*****","310M400US20580","Eagle Pass, TX Micro Area"
"37211","*****","310M400US20660","Easton, MD Micro Area"
"167586","*****","310M400US20700","East Stroudsburg, PA Metro Area"
"166626","*****","310M400US20740","Eau Claire, WI Metro Area"
"54357","*****","310M400US20780","Edwards, CO Micro Area"
"34174","*****","310M400US20820","Effingham, IL Micro Area"
"41551","*****","310M400US20900","El Campo, TX Micro Area"
"180216","*****","310M400US20940","El Centro, CA Metro Area"
"39732","*****","310M400US20980","El Dorado, AR Micro Area"
"63385","*****","310M400US21020","Elizabeth City, NC Micro Area"
"150577","*****","310M400US21060","Elizabethtown-Fort Knox, KY Metro Area"
"22621","*****","310M400US21120","Elk City, OK Micro Area"
"203604","*****","310M400US21140","Elkhart-Goshen, IN Metro Area"
"29065","*****","310M400US21180","Elkins, WV Micro Area"
"54082","167","310M400US21220","Elko, NV Micro Area"
"44825","*****","310M400US21260","Ellensburg, WA Micro Area"
"85740","*****","310M400US21300","Elmira, NY Metro Area"
"841752","*****","310M400US21340","El Paso, TX Metro Area"
"33299","*****","310M400US21380","Emporia, KS Micro Area"
"62190","*****","310M400US21420","Enid, OK Metro Area"
"51288","*****","310M400US21460","Enterprise, AL Micro Area"
"275972","*****","310M400US21500","Erie, PA Metro Area"
"36190","*****","310M400US21540","Escanaba, MI Micro Area"
"39307","*****","310M400US21580","Española, NM Micro Area"
"28058","152","310M400US21640","Eufaula, AL-GA Micro Area"
"368882","*****","310M400US21660","Eugene, OR Metro Area"
"135768","*****","310M400US21700","Eureka-Arcata-Fortuna, CA Micro Area"
"20609","*****","310M400US21740","Evanston, WY Micro Area"
"314967","*****","310M400US21780","Evansville, IN-KY Metro Area"
"99653","*****","310M400US21820","Fairbanks, AK Metro Area"
"18077","*****","310M400US21840","Fairfield, IA Micro Area"
"19964","*****","310M400US21860","Fairmont, MN Micro Area"
"56497","*****","310M400US21900","Fairmont, WV Micro Area"
"24010","*****","310M400US21980","Fallon, NV Micro Area"
"237003","*****","310M400US22020","Fargo, ND-MN Metro Area"
"65765","*****","310M400US22060","Faribault-Northfield, MN Micro Area"
"66342","*****","310M400US22100","Farmington, MO Micro Area"
"127455","*****","310M400US22140","Farmington, NM Metro Area"
"385345","*****","310M400US22180","Fayetteville, NC Metro Area"
"526412","*****","310M400US22220","Fayetteville-Springdale-Rogers, AR-MO Metro Area"
"57992","*****","310M400US22260","Fergus Falls, MN Micro Area"
"53155","*****","310M400US22280","Fernley, NV Micro Area"
"75690","*****","310M400US22300","Findlay, OH Micro Area"
"17154","*****","310M400US22340","Fitzgerald, GA Micro Area"
"140217","*****","310M400US22380","Flagstaff, AZ Metro Area"
"409361","*****","310M400US22420","Flint, MI Metro Area"
"205814","*****","310M400US22500","Florence, SC Metro Area"
"147080","*****","310M400US22520","Florence-Muscle Shoals, AL Metro Area"
"102315","*****","310M400US22540","Fond du Lac, WI Metro Area"
"66532","*****","310M400US22580","Forest City, NC Micro Area"
"26294","*****","310M400US22620","Forrest City, AR Micro Area"
"338161","*****","310M400US22660","Fort Collins, CO Metro Area"
"36757","*****","310M400US22700","Fort Dodge, IA Micro Area"
"52591","*****","310M400US22780","Fort Leonard Wood, MO Micro Area"
"59453","*****","310M400US22800","Fort Madison-Keokuk, IA-IL-MO Micro Area"
"28257","*****","310M400US22820","Fort Morgan, CO Micro Area"
"71200","*****","310M400US22840","Fort Payne, AL Micro Area"
"51007","*****","310M400US22860","Fort Polk South, LA Micro Area"
"281201","*****","310M400US22900","Fort Smith, AR-OK Metro Area"
"431612","*****","310M400US23060","Fort Wayne, IN Metro Area"
"32301","*****","310M400US23140","Frankfort, IN Micro Area"
"72510","*****","310M400US23180","Frankfort, KY Micro Area"
"26208","*****","310M400US23240","Fredericksburg, TX Micro Area"
"45433","*****","310M400US23300","Freeport, IL Micro Area"
"36683","*****","310M400US23340","Fremont, NE Micro Area"
"59299","*****","310M400US23380","Fremont, OH Micro Area"
"978130","*****","310M400US23420","Fresno, CA Metro Area"
"102939","*****","310M400US23460","Gadsden, AL Metro Area"
"56711","*****","310M400US23500","Gaffney, SC Micro Area"
"280763","*****","310M400US23540","Gainesville, FL Metro Area"
"195961","*****","310M400US23580","Gainesville, GA Metro Area"
"39571","*****","310M400US23620","Gainesville, TX Micro Area"
"50999","*****","310M400US23660","Galesburg, IL Micro Area"
"72849","*****","310M400US23700","Gallup, NM Micro Area"
"40889","*****","310M400US23780","Garden City, KS Micro Area"
"47828","*****","310M400US23820","Gardnerville Ranchos, NV Micro Area"
"61605","*****","310M400US23860","Georgetown, SC Micro Area"
"102023","*****","310M400US23900","Gettysburg, PA Metro Area"
"47708","*****","310M400US23940","Gillette, WY Micro Area"
"53684","*****","310M400US23980","Glasgow, KY Micro Area"
"126308","*****","310M400US24020","Glens Falls, NY Metro Area"
"76447","*****","310M400US24060","Glenwood Springs, CO Micro Area"
"53743","*****","310M400US24100","Gloversville, NY Micro Area"
"124002","*****","310M400US24140","Goldsboro, NC Metro Area"
"101991","*****","310M400US24220","Grand Forks, ND-MN Metro Area"
"84729","*****","310M400US24260","Grand Island, NE Metro Area"
"149998","*****","310M400US24300","Grand Junction, CO Metro Area"
"45203","*****","310M400US24330","Grand Rapids, MN Micro Area"
"1050440","*****","310M400US24340","Grand Rapids-Wyoming, MI Metro Area"
"26978","*****","310M400US24380","Grants, NM Micro Area"
"85481","*****","310M400US24420","Grants Pass, OR Metro Area"
"26791","*****","310M400US24460","Great Bend, KS Micro Area"
"81746","*****","310M400US24500","Great Falls, MT Metro Area"
"295123","*****","310M400US24540","Greeley, CO Metro Area"
"317702","*****","310M400US24580","Green Bay, WI Metro Area"
"68669","*****","310M400US24620","Greeneville, TN Micro Area"
"70935","*****","310M400US24640","Greenfield Town, MA Micro Area"
"757810","*****","310M400US24660","Greensboro-High Point, NC Metro Area"
"26552","*****","310M400US24700","Greensburg, IN Micro Area"
"47086","*****","310M400US24740","Greenville, MS Micro Area"
"177372","*****","310M400US24780","Greenville, NC Metro Area"
"51734","*****","310M400US24820","Greenville, OH Micro Area"
"883853","*****","310M400US24860","Greenville-Anderson-Mauldin, SC Metro Area"
"39933","*****","310M400US24900","Greenwood, MS Micro Area"
"94921","*****","310M400US24940","Greenwood, SC Micro Area"
"21278","*****","310M400US24980","Grenada, MS Micro Area"
"77151","*****","310M400US25020","Guayama, PR Metro Area"
"391293","*****","310M400US25060","Gulfport-Biloxi-Pascagoula, MS Metro Area"
"21121","*****","310M400US25100","Guymon, OK Micro Area"
"263306","*****","310M400US25180","Hagerstown-Martinsburg, MD-WV Metro Area"
"28201","105","310M400US25200","Hailey, ID Micro Area"
"130504","*****","310M400US25220","Hammond, LA Metro Area"
"150075","*****","310M400US25260","Hanford-Corcoran, CA Metro Area"
"38889","*****","310M400US25300","Hannibal, MO Micro Area"
"567872","*****","310M400US25420","Harrisburg-Carlisle, PA Metro Area"
"45136","*****","310M400US25460","Harrison, AR Micro Area"
"132835","*****","310M400US25500","Harrisonburg, VA Metro Area"
"1209367","*****","310M400US25540","Hartford-West Hartford-East Hartford, CT Metro Area"
"31583","*****","310M400US25580","Hastings, NE Micro Area"
"148768","*****","310M400US25620","Hattiesburg, MS Metro Area"
"28878","*****","310M400US25700","Hays, KS Micro Area"
"30523","*****","310M400US25720","Heber, UT Micro Area"
"78855","*****","310M400US25740","Helena, MT Micro Area"
"19034","*****","310M400US25760","Helena-West Helena, AR Micro Area"
"44482","*****","310M400US25780","Henderson, NC Micro Area"
"18899","*****","310M400US25820","Hereford, TX Micro Area"
"88113","*****","310M400US25840","Hermiston-Pendleton, OR Micro Area"
"365339","*****","310M400US25860","Hickory-Lenoir-Morganton, NC Metro Area"
"45830","*****","310M400US25880","Hillsdale, MI Micro Area"
"197658","*****","310M400US25900","Hilo, HI Micro Area"
"210558","*****","310M400US25940","Hilton Head Island-Bluffton-Beaufort, SC Metro Area"
"80264","*****","310M400US25980","Hinesville, GA Metro Area"
"70126","*****","310M400US26020","Hobbs, NM Micro Area"
"115250","*****","310M400US26090","Holland, MI Micro Area"
"143087","*****","310M400US26140","Homosassa Springs, FL Metro Area"
"23131","*****","310M400US26220","Hood River, OR Micro Area"
"30458","*****","310M400US26260","Hope, AR Micro Area"
"98296","*****","310M400US26300","Hot Springs, AR Metro Area"
"38490","*****","310M400US26340","Houghton, MI Micro Area"
"210801","*****","310M400US26380","Houma-Thibodaux, LA Metro Area"
"6779104","*****","310M400US26420","Houston-The Woodlands-Sugar Land, TX Metro Area"
"60919","*****","310M400US26460","Hudson, NY Micro Area"
"45421","*****","310M400US26500","Huntingdon, PA Micro Area"
"36378","*****","310M400US26540","Huntington, IN Micro Area"
"358234","*****","310M400US26580","Huntington-Ashland, WV-KY-OH Metro Area"
"450612","*****","310M400US26620","Huntsville, AL Metro Area"
"86108","*****","310M400US26660","Huntsville, TX Micro Area"
"18374","*****","310M400US26700","Huron, SD Micro Area"
"63101","*****","310M400US26740","Hutchinson, KS Micro Area"
"35825","*****","310M400US26780","Hutchinson, MN Micro Area"
"142968","*****","310M400US26820","Idaho Falls, ID Metro Area"
"85755","*****","310M400US26860","Indiana, PA Micro Area"
"2007497","*****","310M400US26900","Indianapolis-Carmel-Anderson, IN Metro Area"
"26532","*****","310M400US26940","Indianola, MS Micro Area"
"64176","*****","310M400US26960","Ionia, MI Micro Area"
"169144","*****","310M400US26980","Iowa City, IA Metro Area"
"29907","*****","310M400US27020","Iron Mountain, MI-WI Micro Area"
"102962","*****","310M400US27060","Ithaca, NY Metro Area"
"158913","*****","310M400US27100","Jackson, MI Metro Area"
"580280","*****","310M400US27140","Jackson, MS Metro Area"
"32524","*****","310M400US27160","Jackson, OH Micro Area"
"129331","*****","310M400US27180","Jackson, TN Metro Area"
"34139","*****","310M400US27220","Jackson, WY-ID Micro Area"
"1475386","*****","310M400US27260","Jacksonville, FL Metro Area"
"39473","*****","310M400US27300","Jacksonville, IL Micro Area"
"193912","*****","310M400US27340","Jacksonville, NC Metro Area"
"51903","*****","310M400US27380","Jacksonville, TX Micro Area"
"21064","*****","310M400US27420","Jamestown, ND Micro Area"
"129656","*****","310M400US27460","Jamestown-Dunkirk-Fredonia, NY Micro Area"
"161769","*****","310M400US27500","Janesville-Beloit, WI Metro Area"
"54829","*****","310M400US27540","Jasper, IN Micro Area"
"14906","*****","310M400US27580","Jayuya, PR Micro Area"
"65755","*****","310M400US27600","Jefferson, GA Micro Area"
"151157","*****","310M400US27620","Jefferson City, MO Metro Area"
"31467","*****","310M400US27660","Jennings, LA Micro Area"
"29767","*****","310M400US27700","Jesup, GA Micro Area"
"201226","*****","310M400US27740","Johnson City, TN Metro Area"
"134550","*****","310M400US27780","Johnstown, PA Metro Area"
"129755","*****","310M400US27860","Jonesboro, AR Metro Area"
"177440","*****","310M400US27900","Joplin, MO Metro Area"
"34895","*****","310M400US27920","Junction City, KS Micro Area"
"32330","*****","310M400US27940","Juneau, AK Micro Area"
"165356","*****","310M400US27980","Kahului-Wailuku-Lahaina, HI Metro Area"
"336845","*****","310M400US28020","Kalamazoo-Portage, MI Metro Area"
"98082","*****","310M400US28060","Kalispell, MT Micro Area"
"111061","*****","310M400US28100","Kankakee, IL Metro Area"
"2106632","*****","310M400US28140","Kansas City, MO-KS Metro Area"
"71377","*****","310M400US28180","Kapaa, HI Micro Area"
"55582","*****","310M400US28260","Kearney, NE Micro Area"
"76263","*****","310M400US28300","Keene, NH Micro Area"
"47451","*****","310M400US28340","Kendallville, IN Micro Area"
"30428","*****","310M400US28380","Kennett, MO Micro Area"
"284828","*****","310M400US28420","Kennewick-Richland, WA Metro Area"
"51365","*****","310M400US28500","Kerrville, TX Micro Area"
"13804","*****","310M400US28540","Ketchikan, AK Micro Area"
"76325","*****","310M400US28580","Key West, FL Micro Area"
"39860","*****","310M400US28620","Kill Devil Hills, NC Micro Area"
"438265","*****","310M400US28660","Killeen-Temple, TX Metro Area"
"306394","*****","310M400US28700","Kingsport-Bristol-Bristol, TN-VA Metro Area"
"179303","*****","310M400US28740","Kingston, NY Metro Area"
"32020","181","310M400US28780","Kingsville, TX Micro Area"
"57227","*****","310M400US28820","Kinston, NC Micro Area"
"29827","*****","310M400US28860","Kirksville, MO Micro Area"
"66310","*****","310M400US28900","Klamath Falls, OR Micro Area"
"868499","*****","310M400US28940","Knoxville, TN Metro Area"
"82387","*****","310M400US29020","Kokomo, IN Metro Area"
"60640","*****","310M400US29060","Laconia, NH Micro Area"
"136513","*****","310M400US29100","La Crosse-Onalaska, WI-MN Metro Area"
"488969","*****","310M400US29180","Lafayette, LA Metro Area"
"217955","*****","310M400US29200","Lafayette-West Lafayette, IN Metro Area"
"26028","*****","310M400US29260","La Grande, OR Micro Area"
"69774","*****","310M400US29300","LaGrange, GA Micro Area"
"207050","*****","310M400US29340","Lake Charles, LA Metro Area"
"69105","*****","310M400US29380","Lake City, FL Micro Area"
"206064","*****","310M400US29420","Lake Havasu City-Kingman, AZ Metro Area"
"668671","*****","310M400US29460","Lakeland-Winter Haven, FL Metro Area"
"12964","*****","310M400US29500","Lamesa, TX Micro Area"
"538347","*****","310M400US29540","Lancaster, PA Metro Area"
"476615","*****","310M400US29620","Lansing-East Lansing, MI Metro Area"
"38102","*****","310M400US29660","Laramie, WY Micro Area"
"272053","*****","310M400US29700","Laredo, TX Metro Area"
"215338","*****","310M400US29740","Las Cruces, NM Metro Area"
"28034","*****","310M400US29780","Las Vegas, NM Micro Area"
"2141574","*****","310M400US29820","Las Vegas-Henderson-Paradise, NV Metro Area"
"84983","*****","310M400US29860","Laurel, MS Micro Area"
"35262","*****","310M400US29900","Laurinburg, NC Micro Area"
"119319","*****","310M400US29940","Lawrence, KS Metro Area"
"42937","*****","310M400US29980","Lawrenceburg, TN Micro Area"
"128490","*****","310M400US30020","Lawton, OK Metro Area"
"35507","*****","310M400US30060","Lebanon, MO Micro Area"
"138674","*****","310M400US30140","Lebanon, PA Metro Area"
"23162","*****","310M400US30220","Levelland, TX Micro Area"
"45114","*****","310M400US30260","Lewisburg, PA Micro Area"
"32269","*****","310M400US30280","Lewisburg, TN Micro Area"
"62492","*****","310M400US30300","Lewiston, ID-WA Metro Area"
"107444","*****","310M400US30340","Lewiston-Auburn, ME Metro Area"
"46362","*****","310M400US30380","Lewistown, PA Micro Area"
"25819","*****","310M400US30420","Lexington, NE Micro Area"
"506786","*****","310M400US30460","Lexington-Fayette, KY Metro Area"
"22692","*****","310M400US30580","Liberal, KS Micro Area"
"103642","*****","310M400US30620","Lima, OH Metro Area"
"29207","*****","310M400US30660","Lincoln, IL Micro Area"
"327221","*****","310M400US30700","Lincoln, NE Metro Area"
"734502","*****","310M400US30780","Little Rock-North Little Rock-Conway, AR Metro Area"
"39074","*****","310M400US30820","Lock Haven, PA Micro Area"
"135615","*****","310M400US30860","Logan, UT-ID Metro Area"
"33801","*****","310M400US30880","Logan, WV Micro Area"
"38084","*****","310M400US30900","Logansport, IN Micro Area"
"127736","*****","310M400US30940","London, KY Micro Area"
"217858","*****","310M400US30980","Longview, TX Metro Area"
"105112","*****","310M400US31020","Longview, WA Metro Area"
"18356","*****","310M400US31060","Los Alamos, NM Micro Area"
"13262234","*****","310M400US31080","Los Angeles-Long Beach-Anaheim, CA Metro Area"
"1285270","*****","310M400US31140","Louisville/Jefferson County, KY-IN Metro Area"
"313123","*****","310M400US31180","Lubbock, TX Metro Area"
"28884","*****","310M400US31220","Ludington, MI Micro Area"
"87607","*****","310M400US31260","Lufkin, TX Micro Area"
"133442","*****","310M400US31300","Lumberton, NC Micro Area"
"260668","*****","310M400US31340","Lynchburg, VA Metro Area"
"30875","*****","310M400US31380","Macomb, IL Micro Area"
"229676","*****","310M400US31420","Macon-Bibb County, GA Metro Area"
"155013","*****","310M400US31460","Madera, CA Metro Area"
"32237","*****","310M400US31500","Madison, IN Micro Area"
"647281","*****","310M400US31540","Madison, WI Metro Area"
"45664","*****","310M400US31580","Madisonville, KY Micro Area"
"23892","*****","310M400US31620","Magnolia, AR Micro Area"
"50692","*****","310M400US31660","Malone, NY Micro Area"
"33520","*****","310M400US31680","Malvern, AR Micro Area"
"411087","*****","310M400US31700","Manchester-Nashua, NH Metro Area"
"98841","*****","310M400US31740","Manhattan, KS Metro Area"
"79407","*****","310M400US31820","Manitowoc, WI Micro Area"
"100105","*****","310M400US31860","Mankato-North Mankato, MN Metro Area"
"121324","*****","310M400US31900","Mansfield, OH Metro Area"
"60671","*****","310M400US31930","Marietta, OH Micro Area"
"63771","*****","310M400US31940","Marinette, WI-MI Micro Area"
"66944","*****","310M400US31980","Marion, IN Micro Area"
"45109","*****","310M400US32000","Marion, NC Micro Area"
"65344","*****","310M400US32020","Marion, OH Micro Area"
"66939","*****","310M400US32100","Marquette, MI Micro Area"
"25839","*****","310M400US32140","Marshall, MN Micro Area"
"23102","*****","310M400US32180","Marshall, MO Micro Area"
"66645","*****","310M400US32220","Marshall, TX Micro Area"
"40271","*****","310M400US32260","Marshalltown, IA Micro Area"
"33626","*****","310M400US32280","Martin, TN Micro Area"
"64689","*****","310M400US32300","Martinsville, VA Micro Area"
"22547","*****","310M400US32340","Maryville, MO Micro Area"
"50473","*****","310M400US32380","Mason City, IA Micro Area"
"93435","*****","310M400US32420","Mayagüez, PR Metro Area"
"37294","*****","310M400US32460","Mayfield, KY Micro Area"
"17153","*****","310M400US32500","Maysville, KY Micro Area"
"44382","*****","310M400US32540","McAlester, OK Micro Area"
"849389","*****","310M400US32580","McAllen-Edinburg-Mission, TX Metro Area"
"52205","*****","310M400US32620","McComb, MS Micro Area"
"40454","*****","310M400US32660","McMinnville, TN Micro Area"
"28630","*****","310M400US32700","McPherson, KS Micro Area"
"86164","*****","310M400US32740","Meadville, PA Micro Area"
"214267","*****","310M400US32780","Medford, OR Metro Area"
"1345991","*****","310M400US32820","Memphis, TN-MS-AR Metro Area"
"44498","*****","310M400US32860","Menomonie, WI Micro Area"
"269075","*****","310M400US32900","Merced, CA Metro Area"
"103358","*****","310M400US32940","Meridian, MS Micro Area"
"27848","*****","310M400US32980","Merrill, WI Micro Area"
"25735","*****","310M400US33020","Mexico, MO Micro Area"
"31566","*****","310M400US33060","Miami, OK Micro Area"
"6070944","*****","310M400US33100","Miami-Fort Lauderdale-West Palm Beach, FL Metro Area"
"110552","*****","310M400US33140","Michigan City-La Porte, IN Metro Area"
"27188","*****","310M400US33180","Middlesborough, KY Micro Area"
"83389","*****","310M400US33220","Midland, MI Metro Area"
"169808","*****","310M400US33260","Midland, TX Metro Area"
"53821","*****","310M400US33300","Milledgeville, GA Micro Area"
"1575907","*****","310M400US33340","Milwaukee-Waukesha-West Allis, WI Metro Area"
"28317","*****","310M400US33420","Mineral Wells, TX Micro Area"
"3557528","*****","310M400US33460","Minneapolis-St. Paul-Bloomington, MN-WI Metro Area"
"77456","*****","310M400US33500","Minot, ND Micro Area"
"115983","*****","310M400US33540","Missoula, MT Metro Area"
"23298","*****","310M400US33580","Mitchell, SD Micro Area"
"24945","*****","310M400US33620","Moberly, MO Micro Area"
"414659","*****","310M400US33660","Mobile, AL Metro Area"
"539301","*****","310M400US33700","Modesto, CA Metro Area"
"178550","*****","310M400US33740","Monroe, LA Metro Area"
"149699","*****","310M400US33780","Monroe, MI Metro Area"
"373589","*****","310M400US33860","Montgomery, AL Metro Area"
"41268","*****","310M400US33940","Montrose, CO Micro Area"
"68920","*****","310M400US33980","Morehead City, NC Micro Area"
"51734","*****","310M400US34020","Morgan City, LA Micro Area"
"139089","*****","310M400US34060","Morgantown, WV Metro Area"
"116987","*****","310M400US34100","Morristown, TN Metro Area"
"39239","*****","310M400US34140","Moscow, ID Micro Area"
"94860","*****","310M400US34180","Moses Lake, WA Micro Area"
"45606","*****","310M400US34220","Moultrie, GA Micro Area"
"41219","*****","310M400US34260","Mountain Home, AR Micro Area"
"26433","*****","310M400US34300","Mountain Home, ID Micro Area"
"72099","*****","310M400US34340","Mount Airy, NC Micro Area"
"70775","*****","310M400US34380","Mount Pleasant, MI Micro Area"
"32730","*****","310M400US34420","Mount Pleasant, TX Micro Area"
"46432","*****","310M400US34460","Mount Sterling, KY Micro Area"
"38169","*****","310M400US34500","Mount Vernon, IL Micro Area"
"61215","*****","310M400US34540","Mount Vernon, OH Micro Area"
"123907","*****","310M400US34580","Mount Vernon-Anacortes, WA Metro Area"
"115616","*****","310M400US34620","Muncie, IN Metro Area"
"38776","*****","310M400US34660","Murray, KY Micro Area"
"42950","*****","310M400US34700","Muscatine, IA Micro Area"
"173043","*****","310M400US34740","Muskegon, MI Metro Area"
"69084","*****","310M400US34780","Muskogee, OK Micro Area"
"447775","*****","310M400US34820","Myrtle Beach-Conway-North Myrtle Beach, SC-NC Metro Area"
"65558","*****","310M400US34860","Nacogdoches, TX Micro Area"
"140530","*****","310M400US34900","Napa, CA Metro Area"
"363922","*****","310M400US34940","Naples-Immokalee-Marco Island, FL Metro Area"
"1864138","*****","310M400US34980","Nashville-Davidson--Murfreesboro--Franklin, TN Metro Area"
"51568","*****","310M400US35020","Natchez, MS-LA Micro Area"
"38963","*****","310M400US35060","Natchitoches, LA Micro Area"
"125519","*****","310M400US35100","New Bern, NC Metro Area"
"38068","*****","310M400US35140","Newberry, SC Micro Area"
"48483","*****","310M400US35220","New Castle, IN Micro Area"
"87382","*****","310M400US35260","New Castle, PA Micro Area"
"859339","*****","310M400US35300","New Haven-Milford, CT Metro Area"
"1263635","*****","310M400US35380","New Orleans-Metairie, LA Metro Area"
"92526","*****","310M400US35420","New Philadelphia-Dover, OH Micro Area"
"47881","*****","310M400US35440","Newport, OR Micro Area"
"35336","*****","310M400US35460","Newport, TN Micro Area"
"36891","*****","310M400US35500","Newton, IA Micro Area"
"25211","*****","310M400US35580","New Ulm, MN Micro Area"
"19990592","*****","310M400US35620","New York-Newark-Jersey City, NY-NJ-PA Metro Area"
"154807","*****","310M400US35660","Niles-Benton Harbor, MI Metro Area"
"46584","*****","310M400US35700","Nogales, AZ Micro Area"
"48313","*****","310M400US35740","Norfolk, NE Micro Area"
"36773","91","310M400US35820","North Platte, NE Micro Area"
"785997","*****","310M400US35840","North Port-Sarasota-Bradenton, FL Metro Area"
"27727","*****","310M400US35860","North Vernon, IN Micro Area"
"68460","*****","310M400US35900","North Wilkesboro, NC Micro Area"
"58457","*****","310M400US35940","Norwalk, OH Micro Area"
"268881","*****","310M400US35980","Norwich-New London, CT Metro Area"
"81636","*****","310M400US36020","Oak Harbor, WA Micro Area"
"348371","*****","310M400US36100","Ocala, FL Metro Area"
"93705","*****","310M400US36140","Ocean City, NJ Metro Area"
"158342","*****","310M400US36220","Odessa, TX Metro Area"
"652744","*****","310M400US36260","Ogden-Clearfield, UT Metro Area"
"109558","*****","310M400US36300","Ogdensburg-Massena, NY Micro Area"
"52376","*****","310M400US36340","Oil City, PA Micro Area"
"40572","*****","310M400US36380","Okeechobee, FL Micro Area"
"1369759","*****","310M400US36420","Oklahoma City, OK Metro Area"
"77686","*****","310M400US36460","Olean, NY Micro Area"
"274684","*****","310M400US36500","Olympia-Tumwater, WA Metro Area"
"922891","*****","310M400US36540","Omaha-Council Bluffs, NE-IA Metro Area"
"60244","*****","310M400US36580","Oneonta, NY Micro Area"
"53472","*****","310M400US36620","Ontario, OR-ID Micro Area"
"83449","*****","310M400US36660","Opelousas, LA Micro Area"
"88454","*****","310M400US36700","Orangeburg, SC Micro Area"
"2450261","*****","310M400US36740","Orlando-Kissimmee-Sanford, FL Metro Area"
"169926","*****","310M400US36780","Oshkosh-Neenah, WI Metro Area"
"22208","*****","310M400US36820","Oskaloosa, IA Micro Area"
"19452","*****","310M400US36830","Othello, WA Micro Area"
"25563","*****","310M400US36840","Ottawa, KS Micro Area"
"149528","*****","310M400US36860","Ottawa-Peru, IL Micro Area"
"44200","*****","310M400US36900","Ottumwa, IA Micro Area"
"36676","*****","310M400US36940","Owatonna, MN Micro Area"
"117987","*****","310M400US36980","Owensboro, KY Metro Area"
"68493","*****","310M400US37020","Owosso, MI Micro Area"
"53459","*****","310M400US37060","Oxford, MS Micro Area"
"58874","*****","310M400US37080","Oxford, NC Micro Area"
"848112","*****","310M400US37100","Oxnard-Thousand Oaks-Ventura, CA Metro Area"
"49255","*****","310M400US37120","Ozark, AL Micro Area"
"97067","*****","310M400US37140","Paducah, KY-IL Micro Area"
"43705","*****","310M400US37220","Pahrump, NV Micro Area"
"72766","*****","310M400US37260","Palatka, FL Micro Area"
"57863","*****","310M400US37300","Palestine, TX Micro Area"
"576808","*****","310M400US37340","Palm Bay-Melbourne-Titusville, FL Metro Area"
"22685","*****","310M400US37420","Pampa, TX Micro Area"
"198537","*****","310M400US37460","Panama City, FL Metro Area"
"44623","*****","310M400US37500","Paragould, AR Micro Area"
"32279","*****","310M400US37540","Paris, TN Micro Area"
"49532","*****","310M400US37580","Paris, TX Micro Area"
"91353","*****","310M400US37620","Parkersburg-Vienna, WV Metro Area"
"20367","*****","310M400US37660","Parsons, KS Micro Area"
"53400","*****","310M400US37740","Payson, AZ Micro Area"
"15125","*****","310M400US37780","Pecos, TX Micro Area"
"33207","*****","310M400US37800","Pella, IA Micro Area"
"481964","*****","310M400US37860","Pensacola-Ferry Pass-Brent, FL Metro Area"
"374426","*****","310M400US37900","Peoria, IL Metro Area"
"35901","*****","310M400US37940","Peru, IN Micro Area"
"6069448","*****","310M400US37980","Philadelphia-Camden-Wilmington, PA-NJ-DE-MD Metro Area"
"4673634","*****","310M400US38060","Phoenix-Mesa-Scottsdale, AZ Metro Area"
"55149","*****","310M400US38100","Picayune, MS Micro Area"
"21945","104","310M400US38180","Pierre, SD Micro Area"
"92345","*****","310M400US38220","Pine Bluff, AR Metro Area"
"95629","*****","310M400US38240","Pinehurst-Southern Pines, NC Micro Area"
"39108","*****","310M400US38260","Pittsburg, KS Micro Area"
"2339941","*****","310M400US38300","Pittsburgh, PA Metro Area"
"127328","*****","310M400US38340","Pittsfield, MA Metro Area"
"34113","*****","310M400US38380","Plainview, TX Micro Area"
"51828","*****","310M400US38420","Platteville, WI Micro Area"
"80794","*****","310M400US38460","Plattsburgh, NY Micro Area"
"46595","*****","310M400US38500","Plymouth, IN Micro Area"
"85065","*****","310M400US38540","Pocatello, ID Metro Area"
"57134","*****","310M400US38580","Point Pleasant, WV-OH Micro Area"
"44880","*****","310M400US38620","Ponca City, OK Micro Area"
"307093","*****","310M400US38660","Ponce, PR Metro Area"
"36324","*****","310M400US38700","Pontiac, IL Micro Area"
"42733","*****","310M400US38740","Poplar Bluff, MO Micro Area"
"19117","*****","310M400US38780","Portales, NM Micro Area"
"74487","*****","310M400US38820","Port Angeles, WA Micro Area"
"40709","*****","310M400US38840","Port Clinton, OH Micro Area"
"529323","*****","310M400US38860","Portland-South Portland, ME Metro Area"
"2417931","*****","310M400US38900","Portland-Vancouver-Hillsboro, OR-WA Metro Area"
"21807","*****","310M400US38920","Port Lavaca, TX Micro Area"
"463172","*****","310M400US38940","Port St. Lucie, FL Metro Area"
"76377","*****","310M400US39020","Portsmouth, OH Micro Area"
"143555","*****","310M400US39060","Pottsville, PA Micro Area"
"224645","*****","310M400US39140","Prescott, AZ Metro Area"
"20356","*****","310M400US39220","Price, UT Micro Area"
"22337","*****","310M400US39260","Prineville, OR Micro Area"
"1615516","*****","310M400US39300","Providence-Warwick, RI-MA Metro Area"
"601388","*****","310M400US39340","Provo-Orem, UT Metro Area"
"164685","*****","310M400US39380","Pueblo, CO Metro Area"
"48593","*****","310M400US39420","Pullman, WA Micro Area"
"176954","*****","310M400US39460","Punta Gorda, FL Metro Area"
"76454","*****","310M400US39500","Quincy, IL-MO Micro Area"
"195398","*****","310M400US39540","Racine, WI Metro Area"
"1302632","*****","310M400US39580","Raleigh, NC Metro Area"
"145291","*****","310M400US39660","Rapid City, SD Metro Area"
"21754","*****","310M400US39700","Raymondville, TX Micro Area"
"416642","*****","310M400US39740","Reading, PA Metro Area"
"63373","*****","310M400US39780","Red Bluff, CA Micro Area"
"179085","*****","310M400US39820","Redding, CA Metro Area"
"46217","*****","310M400US39860","Red Wing, MN Micro Area"
"454427","*****","310M400US39900","Reno, NV Metro Area"
"51670","*****","310M400US39940","Rexburg, ID Micro Area"
"66613","*****","310M400US39980","Richmond, IN Micro Area"
"1281530","*****","310M400US40060","Richmond, VA Metro Area"
"106527","*****","310M400US40080","Richmond-Berea, KY Micro Area"
"63894","*****","310M400US40100","Rio Grande City, TX Micro Area"
"4518699","*****","310M400US40140","Riverside-San Bernardino-Ontario, CA Metro Area"
"40076","*****","310M400US40180","Riverton, WY Micro Area"
"313291","*****","310M400US40220","Roanoke, VA Metro Area"
"71923","*****","310M400US40260","Roanoke Rapids, NC Micro Area"
"51328","*****","310M400US40300","Rochelle, IL Micro Area"
"216035","*****","310M400US40340","Rochester, MN Metro Area"
"1074667","*****","310M400US40380","Rochester, NY Metro Area"
"339780","*****","310M400US40420","Rockford, IL Metro Area"
"45189","*****","310M400US40460","Rockingham, NC Micro Area"
"44117","*****","310M400US40540","Rock Springs, WY Micro Area"
"147335","*****","310M400US40580","Rocky Mount, NC Metro Area"
"44789","*****","310M400US40620","Rolla, MO Micro Area"
"96824","*****","310M400US40660","Rome, GA Metro Area"
"108323","*****","310M400US40700","Roseburg, OR Micro Area"
"65459","*****","310M400US40740","Roswell, NM Micro Area"
"19482","*****","310M400US40760","Ruidoso, NM Micro Area"
"85217","*****","310M400US40780","Russellville, AR Micro Area"
"47356","*****","310M400US40820","Ruston, LA Micro Area"
"59273","*****","310M400US40860","Rutland, VT Micro Area"
"2291738","*****","310M400US40900","Sacramento--Roseville--Arden-Arcade, CA Metro Area"
"37879","*****","310M400US40940","Safford, AZ Micro Area"
"192778","*****","310M400US40980","Saginaw, MI Metro Area"
"196598","*****","310M400US41060","St. Cloud, MN Metro Area"
"160537","*****","310M400US41100","St. George, UT Metro Area"
"126779","*****","310M400US41140","St. Joseph, MO-KS Metro Area"
"2805551","*****","310M400US41180","St. Louis, MO-IL Metro Area"
"52714","*****","310M400US41220","St. Marys, GA Micro Area"
"30608","*****","310M400US41260","St. Marys, PA Micro Area"
"104003","*****","310M400US41400","Salem, OH Micro Area"
"416980","*****","310M400US41420","Salem, OR Metro Area"
"60879","*****","310M400US41460","Salina, KS Micro Area"
"433212","*****","310M400US41500","Salinas, CA Metro Area"
"399013","*****","310M400US41540","Salisbury, MD-DE Metro Area"
"1185990","*****","310M400US41620","Salt Lake City, UT Metro Area"
"118990","153","310M400US41660","San Angelo, TX Metro Area"
"2426204","*****","310M400US41700","San Antonio-New Braunfels, TX Metro Area"
"3302833","*****","310M400US41740","San Diego-Carlsbad, CA Metro Area"
"42711","*****","310M400US41760","Sandpoint, ID Micro Area"
"75136","*****","310M400US41780","Sandusky, OH Micro Area"
"60125","*****","310M400US41820","Sanford, NC Micro Area"
"4673221","*****","310M400US41860","San Francisco-Oakland-Hayward, CA Metro Area"
"127488","*****","310M400US41900","San Germán, PR Metro Area"
"1981616","*****","310M400US41940","San Jose-Sunnyvale-Santa Clara, CA Metro Area"
"2142392","*****","310M400US41980","San Juan-Carolina-Caguas, PR Metro Area"
"281455","*****","310M400US42020","San Luis Obispo-Paso Robles-Arroyo Grande, CA Metro Area"
"273765","*****","310M400US42100","Santa Cruz-Watsonville, CA Metro Area"
"148917","*****","310M400US42140","Santa Fe, NM Metro Area"
"22066","*****","310M400US42180","Santa Isabel, PR Micro Area"
"443738","*****","310M400US42200","Santa Maria-Santa Barbara, CA Metro Area"
"501317","*****","310M400US42220","Santa Rosa, CA Metro Area"
"37834","*****","310M400US42300","Sault Ste. Marie, MI Micro Area"
"381623","*****","310M400US42340","Savannah, GA Metro Area"
"61304","*****","310M400US42380","Sayre, PA Micro Area"
"38217","*****","310M400US42420","Scottsbluff, NE Micro Area"
"52094","*****","310M400US42460","Scottsboro, AL Micro Area"
"556926","*****","310M400US42540","Scranton--Wilkes-Barre--Hazleton, PA Metro Area"
"78804","*****","310M400US42620","Searcy, AR Micro Area"
"3809717","*****","310M400US42660","Seattle-Tacoma-Bellevue, WA Metro Area"
"150984","*****","310M400US42680","Sebastian-Vero Beach, FL Metro Area"
"102101","*****","310M400US42700","Sebring, FL Metro Area"
"42371","*****","310M400US42740","Sedalia, MO Micro Area"
"40466","*****","310M400US42780","Selinsgrove, PA Micro Area"
"40029","*****","310M400US42820","Selma, AL Micro Area"
"76696","*****","310M400US42860","Seneca, SC Micro Area"
"34612","*****","310M400US42900","Seneca Falls, NY Micro Area"
"96287","*****","310M400US42940","Sevierville, TN Micro Area"
"43938","*****","310M400US42980","Seymour, IN Micro Area"
"45588","*****","310M400US43020","Shawano, WI Micro Area"
"72000","*****","310M400US43060","Shawnee, OK Micro Area"
"115205","*****","310M400US43100","Sheboygan, WI Metro Area"
"97159","*****","310M400US43140","Shelby, NC Micro Area"
"47558","*****","310M400US43180","Shelbyville, TN Micro Area"
"62627","*****","310M400US43220","Shelton, WA Micro Area"
"30012","*****","310M400US43260","Sheridan, WY Micro Area"
"128560","*****","310M400US43300","Sherman-Denison, TX Metro Area"
"108705","*****","310M400US43320","Show Low, AZ Micro Area"
"441339","*****","310M400US43340","Shreveport-Bossier City, LA Metro Area"
"48797","*****","310M400US43380","Sidney, OH Micro Area"
"126279","*****","310M400US43420","Sierra Vista-Douglas, AZ Metro Area"
"38729","*****","310M400US43460","Sikeston, MO Micro Area"
"28061","*****","310M400US43500","Silver City, NM Micro Area"
"168677","*****","310M400US43580","Sioux City, IA-NE-SD Metro Area"
"255438","*****","310M400US43620","Sioux Falls, SD Metro Area"
"17239","*****","310M400US43660","Snyder, TX Micro Area"
"64145","*****","310M400US43700","Somerset, KY Micro Area"
"74949","*****","310M400US43740","Somerset, PA Micro Area"
"53932","*****","310M400US43760","Sonora, CA Micro Area"
"320700","*****","310M400US43780","South Bend-Mishawaka, IN-MI Metro Area"
"329839","*****","310M400US43900","Spartanburg, SC Metro Area"
"25234","*****","310M400US43940","Spearfish, SD Micro Area"
"16313","*****","310M400US43980","Spencer, IA Micro Area"
"17056","*****","310M400US44020","Spirit Lake, IA Micro Area"
"555308","*****","310M400US44060","Spokane-Spokane Valley, WA Metro Area"
"210028","*****","310M400US44100","Springfield, IL Metro Area"
"630275","*****","310M400US44140","Springfield, MA Metro Area"
"458834","*****","310M400US44180","Springfield, MO Metro Area"
"135198","*****","310M400US44220","Springfield, OH Metro Area"
"49481","*****","310M400US44260","Starkville, MS Micro Area"
"161443","*****","310M400US44300","State College, PA Metro Area"
"74782","*****","310M400US44340","Statesboro, GA Micro Area"
"121079","*****","310M400US44420","Staunton-Waynesboro, VA Metro Area"
"24874","*****","310M400US44460","Steamboat Springs, CO Micro Area"
"41482","*****","310M400US44500","Stephenville, TX Micro Area"
"21689","*****","310M400US44540","Sterling, CO Micro Area"
"56396","*****","310M400US44580","Sterling, IL Micro Area"
"70599","*****","310M400US44620","Stevens Point, WI Micro Area"
"81512","*****","310M400US44660","Stillwater, OK Micro Area"
"732212","*****","310M400US44700","Stockton-Lodi, CA Metro Area"
"20260","*****","310M400US44740","Storm Lake, IA Micro Area"
"60897","*****","310M400US44780","Sturgis, MI Micro Area"
"36240","*****","310M400US44860","Sulphur Springs, TX Micro Area"
"24817","*****","310M400US44900","Summerville, GA Micro Area"
"40511","*****","310M400US44920","Summit Park, UT Micro Area"
"106995","*****","310M400US44940","Sumter, SC Metro Area"
"92325","*****","310M400US44980","Sunbury, PA Micro Area"
"31185","*****","310M400US45000","Susanville, CA Micro Area"
"14966","*****","310M400US45020","Sweetwater, TX Micro Area"
"654705","*****","310M400US45060","Syracuse, NY Metro Area"
"48599","*****","310M400US45140","Tahlequah, OK Micro Area"
"91420","*****","310M400US45180","Talladega-Sylacauga, AL Micro Area"
"380101","*****","310M400US45220","Tallahassee, FL Metro Area"
"3030047","*****","310M400US45300","Tampa-St. Petersburg-Clearwater, FL Metro Area"
"32888","*****","310M400US45340","Taos, NM Micro Area"
"33231","*****","310M400US45380","Taylorville, IL Micro Area"
"170313","*****","310M400US45460","Terre Haute, IN Metro Area"
"150034","*****","310M400US45500","Texarkana, TX-AR Metro Area"
"25866","*****","310M400US45520","The Dalles, OR Micro Area"
"120999","*****","310M400US45540","The Villages, FL Metro Area"
"26216","*****","310M400US45580","Thomaston, GA Micro Area"
"44730","*****","310M400US45620","Thomasville, GA Micro Area"
"55475","*****","310M400US45660","Tiffin, OH Micro Area"
"40510","*****","310M400US45700","Tifton, GA Micro Area"
"25676","*****","310M400US45740","Toccoa, GA Micro Area"
"604620","*****","310M400US45780","Toledo, OH Metro Area"
"233260","*****","310M400US45820","Topeka, KS Metro Area"
"183031","*****","310M400US45860","Torrington, CT Micro Area"
"148400","*****","310M400US45900","Traverse City, MI Micro Area"
"368762","*****","310M400US45940","Trenton, NJ Metro Area"
"33403","*****","310M400US45980","Troy, AL Micro Area"
"99092","*****","310M400US46020","Truckee-Grass Valley, CA Micro Area"
"1019722","*****","310M400US46060","Tucson, AZ Metro Area"
"102365","*****","310M400US46100","Tullahoma-Manchester, TN Micro Area"
"985233","*****","310M400US46140","Tulsa, OK Metro Area"
"139710","*****","310M400US46180","Tupelo, MS Micro Area"
"241398","*****","310M400US46220","Tuscaloosa, AL Metro Area"
"107097","*****","310M400US46300","Twin Falls, ID Metro Area"
"225015","*****","310M400US46340","Tyler, TX Metro Area"
"87422","*****","310M400US46380","Ukiah, CA Micro Area"
"36730","*****","310M400US46460","Union City, TN-KY Micro Area"
"38864","*****","310M400US46500","Urbana, OH Micro Area"
"987638","*****","310M400US46520","Urban Honolulu, HI Metro Area"
"293287","*****","310M400US46540","Utica-Rome, NY Metro Area"
"27009","*****","310M400US46620","Uvalde, TX Micro Area"
"144564","*****","310M400US46660","Valdosta, GA Metro Area"
"438530","*****","310M400US46700","Vallejo-Fairfield, CA Metro Area"
"33826","*****","310M400US46740","Valley, AL Micro Area"
"28281","*****","310M400US46780","Van Wert, OH Micro Area"
"13925","*****","310M400US46820","Vermillion, SD Micro Area"
"36323","*****","310M400US46860","Vernal, UT Micro Area"
"12906","*****","310M400US46900","Vernon, TX Micro Area"
"56195","*****","310M400US46980","Vicksburg, MS Micro Area"
"99501","*****","310M400US47020","Victoria, TX Metro Area"
"36084","*****","310M400US47080","Vidalia, GA Micro Area"
"37409","*****","310M400US47180","Vincennes, IN Micro Area"
"153400","*****","310M400US47220","Vineland-Bridgeton, NJ Metro Area"
"17313","*****","310M400US47240","Vineyard Haven, MA Micro Area"
"1722001","*****","310M400US47260","Virginia Beach-Norfolk-Newport News, VA-NC Metro Area"
"460477","*****","310M400US47300","Visalia-Porterville, CA Metro Area"
"31631","*****","310M400US47340","Wabash, IN Micro Area"
"265728","*****","310M400US47380","Waco, TX Metro Area"
"22631","*****","310M400US47420","Wahpeton, ND-MN Micro Area"
"64237","*****","310M400US47460","Walla Walla, WA Metro Area"
"45784","*****","310M400US47540","Wapakoneta, OH Micro Area"
"189943","*****","310M400US47580","Warner Robins, GA Metro Area"
"40035","*****","310M400US47620","Warren, PA Micro Area"
"53689","*****","310M400US47660","Warrensburg, MO Micro Area"
"78806","*****","310M400US47700","Warsaw, IN Micro Area"
"32937","*****","310M400US47780","Washington, IN Micro Area"
"47243","*****","310M400US47820","Washington, NC Micro Area"
"6138382","*****","310M400US47900","Washington-Arlington-Alexandria, DC-VA-MD-WV Metro Area"
"28645","*****","310M400US47920","Washington Court House, OH Micro Area"
"170132","*****","310M400US47940","Waterloo-Cedar Falls, IA Metro Area"
"27993","*****","310M400US47980","Watertown, SD Micro Area"
"84652","*****","310M400US48020","Watertown-Fort Atkinson, WI Micro Area"
"114448","*****","310M400US48060","Watertown-Fort Drum, NY Metro Area"
"27228","*****","310M400US48100","Wauchula, FL Micro Area"
"135264","*****","310M400US48140","Wausau, WI Metro Area"
"54763","*****","310M400US48180","Waycross, GA Micro Area"
"29209","*****","310M400US48220","Weatherford, OK Micro Area"
"119338","*****","310M400US48260","Weirton-Steubenville, WV-OH Metro Area"
"117128","*****","310M400US48300","Wenatchee, WA Metro Area"
"40102","*****","310M400US48460","West Plains, MO Micro Area"
"19808","*****","310M400US48500","West Point, MS Micro Area"
"142664","*****","310M400US48540","Wheeling, WV-OH Metro Area"
"103013","*****","310M400US48580","Whitewater-Elkhorn, WI Micro Area"
"643765","*****","310M400US48620","Wichita, KS Metro Area"
"150994","*****","310M400US48660","Wichita Falls, TX Metro Area"
"114859","*****","310M400US48700","Williamsport, PA Metro Area"
"34061","*****","310M400US48780","Williston, ND Micro Area"
"42658","*****","310M400US48820","Willmar, MN Micro Area"
"283251","*****","310M400US48900","Wilmington, NC Metro Area"
"41896","*****","310M400US48940","Wilmington, OH Micro Area"
"81336","*****","310M400US48980","Wilson, NC Micro Area"
"136305","*****","310M400US49020","Winchester, VA-WV Metro Area"
"16904","*****","310M400US49080","Winnemucca, NV Micro Area"
"50847","*****","310M400US49100","Winona, MN Micro Area"
"661798","*****","310M400US49180","Winston-Salem, NC Metro Area"
"73274","*****","310M400US49220","Wisconsin Rapids-Marshfield, WI Micro Area"
"20967","*****","310M400US49260","Woodward, OK Micro Area"
"116208","*****","310M400US49300","Wooster, OH Micro Area"
"938818","*****","310M400US49340","Worcester, MA-CT Metro Area"
"21839","*****","310M400US49380","Worthington, MN Micro Area"
"249325","*****","310M400US49420","Yakima, WA Metro Area"
"22717","*****","310M400US49460","Yankton, SD Micro Area"
"444014","*****","310M400US49620","York-Hanover, PA Metro Area"
"545488","*****","310M400US49660","Youngstown-Warren-Boardman, OH-PA Metro Area"
"171365","*****","310M400US49700","Yuba City, CA Metro Area"
"207829","*****","310M400US49740","Yuma, AZ Metro Area"
"86076","*****","310M400US49780","Zanesville, OH Micro Area"
"14369","*****","310M400US49820","Zapata, TX Micro Area"
