"B01003_001E","B01003_001M","GEO_ID","NAME"
"Estimate!!Total","Margin of Error!!Total","id","Geographic Area Name"
"42430","*****","310M300US10100","Aberdeen, SD Micro Area"
"71233","*****","310M300US10140","Aberdeen, WA Micro Area"
"168774","*****","310M300US10180","Abilene, TX Metro Area"
"38213","*****","310M300US10220","Ada, OK Micro Area"
"18760","*****","310M300US10260","Adjuntas, PR Micro Area"
"98673","*****","310M300US10300","Adrian, MI Micro Area"
"320810","*****","310M300US10380","Aguadilla-Isabela, PR Metro Area"
"703168","*****","310M300US10420","Akron, OH Metro Area"
"65333","*****","310M300US10460","Alamogordo, NM Micro Area"
"154830","*****","310M300US10500","Albany, GA Metro Area"
"119862","*****","310M300US10540","Albany, OR Metro Area"
"879291","*****","310M300US10580","Albany-Schenectady-Troy, NY Metro Area"
"60610","*****","310M300US10620","Albemarle, NC Micro Area"
"30751","*****","310M300US10660","Albert Lea, MN Micro Area"
"94534","*****","310M300US10700","Albertville, AL Micro Area"
"904486","*****","310M300US10740","Albuquerque, NM Metro Area"
"40958","*****","310M300US10760","Alexander City, AL Micro Area"
"154745","*****","310M300US10780","Alexandria, LA Metro Area"
"36862","*****","310M300US10820","Alexandria, MN Micro Area"
"41486","*****","310M300US10860","Alice, TX Micro Area"
"830737","*****","310M300US10900","Allentown-Bethlehem-Easton, PA-NJ Metro Area"
"41676","*****","310M300US10940","Alma, MI Micro Area"
"28929","*****","310M300US10980","Alpena, MI Micro Area"
"125917","*****","310M300US11020","Altoona, PA Metro Area"
"25864","*****","310M300US11060","Altus, OK Micro Area"
"260495","102","310M300US11100","Amarillo, TX Metro Area"
"36159","*****","310M300US11140","Americus, GA Micro Area"
"94834","*****","310M300US11180","Ames, IA Metro Area"
"49667","*****","310M300US11220","Amsterdam, NY Micro Area"
"398000","*****","310M300US11260","Anchorage, AK Metro Area"
"17215","*****","310M300US11380","Andrews, TX Micro Area"
"34279","*****","310M300US11420","Angola, IN Micro Area"
"358082","*****","310M300US11460","Ann Arbor, MI Metro Area"
"115883","*****","310M300US11500","Anniston-Oxford-Jacksonville, AL Metro Area"
"231452","*****","310M300US11540","Appleton, WI Metro Area"
"35134","*****","310M300US11580","Arcadia, FL Micro Area"
"48530","*****","310M300US11620","Ardmore, OK Micro Area"
"190808","*****","310M300US11640","Arecibo, PR Metro Area"
"22684","*****","310M300US11660","Arkadelphia, AR Micro Area"
"35977","*****","310M300US11680","Arkansas City-Winfield, KS Micro Area"
"441724","*****","310M300US11700","Asheville, NC Metro Area"
"53343","*****","310M300US11740","Ashland, OH Micro Area"
"99175","*****","310M300US11780","Ashtabula, OH Micro Area"
"37660","*****","310M300US11820","Astoria, OR Micro Area"
"16557","*****","310M300US11860","Atchison, KS Micro Area"
"65103","*****","310M300US11900","Athens, OH Micro Area"
"52606","*****","310M300US11940","Athens, TN Micro Area"
"79213","*****","310M300US11980","Athens, TX Micro Area"
"200213","*****","310M300US12020","Athens-Clarke County, GA Metro Area"
"5612777","*****","310M300US12060","Atlanta-Sandy Springs-Roswell, GA Metro Area"
"274026","*****","310M300US12100","Atlantic City-Hammonton, NJ Metro Area"
"37875","*****","310M300US12120","Atmore, AL Micro Area"
"42489","*****","310M300US12140","Auburn, IN Micro Area"
"78783","*****","310M300US12180","Auburn, NY Micro Area"
"153947","*****","310M300US12220","Auburn-Opelika, AL Metro Area"
"584964","*****","310M300US12260","Augusta-Richmond County, GA-SC Metro Area"
"120953","*****","310M300US12300","Augusta-Waterville, ME Micro Area"
"39248","*****","310M300US12380","Austin, MN Micro Area"
"1942615","*****","310M300US12420","Austin-Round Rock, TX Metro Area"
"27237","*****","310M300US12460","Bainbridge, GA Micro Area"
"871337","*****","310M300US12540","Bakersfield, CA Metro Area"
"2780873","*****","310M300US12580","Baltimore-Columbia-Towson, MD Metro Area"
"152978","*****","310M300US12620","Bangor, ME Metro Area"
"63317","*****","310M300US12660","Baraboo, WI Micro Area"
"44875","*****","310M300US12680","Bardstown, KY Micro Area"
"214703","*****","310M300US12700","Barnstable Town, MA Metro Area"
"58963","*****","310M300US12740","Barre, VT Micro Area"
"51892","*****","310M300US12780","Bartlesville, OK Micro Area"
"26739","*****","310M300US12820","Bastrop, LA Micro Area"
"59053","*****","310M300US12860","Batavia, NY Micro Area"
"37030","*****","310M300US12900","Batesville, AR Micro Area"
"824667","*****","310M300US12940","Baton Rouge, LA Metro Area"
"134691","*****","310M300US12980","Battle Creek, MI Metro Area"
"106107","*****","310M300US13020","Bay City, MI Metro Area"
"36719","*****","310M300US13060","Bay City, TX Micro Area"
"21778","*****","310M300US13100","Beatrice, NE Micro Area"
"406506","*****","310M300US13140","Beaumont-Port Arthur, TX Metro Area"
"88404","*****","310M300US13180","Beaver Dam, WI Micro Area"
"123243","*****","310M300US13220","Beckley, WV Metro Area"
"45696","*****","310M300US13260","Bedford, IN Micro Area"
"32706","*****","310M300US13300","Beeville, TX Micro Area"
"45388","*****","310M300US13340","Bellefontaine, OH Micro Area"
"209729","*****","310M300US13380","Bellingham, WA Metro Area"
"45644","*****","310M300US13420","Bemidji, MN Micro Area"
"170813","*****","310M300US13460","Bend-Redmond, OR Metro Area"
"27702","*****","310M300US13500","Bennettsville, SC Micro Area"
"36503","*****","310M300US13540","Bennington, VT Micro Area"
"38392","*****","310M300US13620","Berlin, NH-VT Micro Area"
"43259","*****","310M300US13660","Big Rapids, MI Micro Area"
"37676","104","310M300US13700","Big Spring, TX Micro Area"
"59356","*****","310M300US13720","Big Stone Gap, VA Micro Area"
"166414","100","310M300US13740","Billings, MT Metro Area"
"247030","*****","310M300US13780","Binghamton, NY Metro Area"
"1141309","*****","310M300US13820","Birmingham-Hoover, AL Metro Area"
"126392","81","310M300US13900","Bismarck, ND Metro Area"
"45261","*****","310M300US13940","Blackfoot, ID Micro Area"
"181288","*****","310M300US13980","Blacksburg-Christiansburg-Radford, VA Metro Area"
"189576","*****","310M300US14010","Bloomington, IL Metro Area"
"164330","*****","310M300US14020","Bloomington, IN Metro Area"
"85176","*****","310M300US14100","Bloomsburg-Berwick, PA Metro Area"
"104843","*****","310M300US14140","Bluefield, WV-VA Micro Area"
"44199","*****","310M300US14180","Blytheville, AR Micro Area"
"46367","*****","310M300US14220","Bogalusa, LA Micro Area"
"663680","*****","310M300US14260","Boise City, ID Metro Area"
"33757","*****","310M300US14300","Bonham, TX Micro Area"
"26411","*****","310M300US14340","Boone, IA Micro Area"
"52745","*****","310M300US14380","Boone, NC Micro Area"
"21782","*****","310M300US14420","Borger, TX Micro Area"
"4728844","*****","310M300US14460","Boston-Cambridge-Newton, MA-NH Metro Area"
"313961","*****","310M300US14500","Boulder, CO Metro Area"
"166401","*****","310M300US14540","Bowling Green, KY Metro Area"
"97958","*****","310M300US14580","Bozeman, MT Micro Area"
"42609","*****","310M300US14620","Bradford, PA Micro Area"
"91954","*****","310M300US14660","Brainerd, MN Micro Area"
"85050","*****","310M300US14700","Branson, MO Micro Area"
"29269","*****","310M300US14720","Breckenridge, CO Micro Area"
"257488","*****","310M300US14740","Bremerton-Silverdale, WA Metro Area"
"34544","*****","310M300US14780","Brenham, TX Micro Area"
"33062","*****","310M300US14820","Brevard, NC Micro Area"
"941618","*****","310M300US14860","Bridgeport-Stamford-Norwalk, CT Metro Area"
"34691","*****","310M300US15020","Brookhaven, MS Micro Area"
"22364","*****","310M300US15060","Brookings, OR Micro Area"
"33435","*****","310M300US15100","Brookings, SD Micro Area"
"18129","*****","310M300US15140","Brownsville, TN Micro Area"
"418785","*****","310M300US15180","Brownsville-Harlingen, TX Metro Area"
"37935","*****","310M300US15220","Brownwood, TX Micro Area"
"114967","*****","310M300US15260","Brunswick, GA Metro Area"
"42485","*****","310M300US15340","Bucyrus, OH Micro Area"
"1135503","*****","310M300US15380","Buffalo-Cheektowaga-Niagara Falls, NY Metro Area"
"43772","*****","310M300US15420","Burley, ID Micro Area"
"47080","*****","310M300US15460","Burlington, IA-IL Micro Area"
"156372","*****","310M300US15500","Burlington, NC Metro Area"
"216080","*****","310M300US15540","Burlington-South Burlington, VT Metro Area"
"34560","*****","310M300US15580","Butte-Silver Bow, MT Micro Area"
"47861","*****","310M300US15620","Cadillac, MI Micro Area"
"56079","*****","310M300US15660","Calhoun, GA Micro Area"
"110675","*****","310M300US15680","California-Lexington Park, MD Metro Area"
"32451","*****","310M300US15700","Cambridge, MD Micro Area"
"39478","*****","310M300US15740","Cambridge, OH Micro Area"
"29938","*****","310M300US15780","Camden, AR Micro Area"
"25315","*****","310M300US15820","Campbellsville, KY Micro Area"
"46835","*****","310M300US15860","Cañon City, CO Micro Area"
"36047","*****","310M300US15900","Canton, IL Micro Area"
"402870","*****","310M300US15940","Canton-Massillon, OH Metro Area"
"680970","*****","310M300US15980","Cape Coral-Fort Myers, FL Metro Area"
"97422","*****","310M300US16020","Cape Girardeau, MO-IL Metro Area"
"126524","*****","310M300US16060","Carbondale-Marion, IL Metro Area"
"56369","*****","310M300US16100","Carlsbad-Artesia, NM Micro Area"
"20555","*****","310M300US16140","Carroll, IA Micro Area"
"54412","*****","310M300US16180","Carson City, NV Metro Area"
"80871","*****","310M300US16220","Casper, WY Metro Area"
"47751","*****","310M300US16260","Cedar City, UT Micro Area"
"264277","*****","310M300US16300","Cedar Rapids, IA Metro Area"
"41263","*****","310M300US16340","Cedartown, GA Micro Area"
"40886","*****","310M300US16380","Celina, OH Micro Area"
"31216","*****","310M300US16420","Central City, KY Micro Area"
"38503","*****","310M300US16460","Centralia, IL Micro Area"
"75724","*****","310M300US16500","Centralia, WA Micro Area"
"152707","*****","310M300US16540","Chambersburg-Waynesboro, PA Metro Area"
"236647","*****","310M300US16580","Champaign-Urbana, IL Metro Area"
"222314","*****","310M300US16620","Charleston, WV Metro Area"
"63692","*****","310M300US16660","Charleston-Mattoon, IL Micro Area"
"728271","*****","310M300US16700","Charleston-North Charleston, SC Metro Area"
"2381152","*****","310M300US16740","Charlotte-Concord-Gastonia, NC-SC Metro Area"
"226817","*****","310M300US16820","Charlottesville, VA Metro Area"
"544522","*****","310M300US16860","Chattanooga, TN-GA Metro Area"
"96459","*****","310M300US16940","Cheyenne, WY Metro Area"
"9528396","*****","310M300US16980","Chicago-Naperville-Elgin, IL-IN-WI Metro Area"
"223877","*****","310M300US17020","Chico, CA Metro Area"
"77193","*****","310M300US17060","Chillicothe, OH Micro Area"
"2146410","*****","310M300US17140","Cincinnati, OH-KY-IN Metro Area"
"217006","*****","310M300US17200","Claremont-Lebanon, NH-VT Micro Area"
"94087","*****","310M300US17220","Clarksburg, WV Micro Area"
"24804","*****","310M300US17260","Clarksdale, MS Micro Area"
"277912","*****","310M300US17300","Clarksville, TN-KY Metro Area"
"64076","*****","310M300US17340","Clearlake, CA Micro Area"
"33615","*****","310M300US17380","Cleveland, MS Micro Area"
"119557","*****","310M300US17420","Cleveland, TN Metro Area"
"2061630","*****","310M300US17460","Cleveland-Elyria, OH Metro Area"
"38376","*****","310M300US17500","Clewiston, FL Micro Area"
"47972","*****","310M300US17540","Clinton, IA Micro Area"
"50544","*****","310M300US17580","Clovis, NM Micro Area"
"40090","*****","310M300US17620","Coamo, PR Micro Area"
"29722","*****","310M300US17640","Coco, PR Micro Area"
"147716","*****","310M300US17660","Coeur d'Alene, ID Metro Area"
"33765","*****","310M300US17700","Coffeyville, KS Micro Area"
"43603","*****","310M300US17740","Coldwater, MI Micro Area"
"243850","*****","310M300US17780","College Station-Bryan, TX Metro Area"
"688643","*****","310M300US17820","Colorado Springs, CO Metro Area"
"172773","*****","310M300US17860","Columbia, MO Metro Area"
"800559","*****","310M300US17900","Columbia, SC Metro Area"
"312459","*****","310M300US17980","Columbus, GA-AL Metro Area"
"80203","*****","310M300US18020","Columbus, IN Metro Area"
"59785","*****","310M300US18060","Columbus, MS Micro Area"
"32703","*****","310M300US18100","Columbus, NE Micro Area"
"1995004","*****","310M300US18140","Columbus, OH Metro Area"
"147715","*****","310M300US18180","Concord, NH Micro Area"
"23608","*****","310M300US18220","Connersville, IN Micro Area"
"108268","*****","310M300US18260","Cookeville, TN Micro Area"
"62944","*****","310M300US18300","Coos Bay, OR Micro Area"
"23061","*****","310M300US18380","Cordele, GA Micro Area"
"37309","*****","310M300US18420","Corinth, MS Micro Area"
"43724","*****","310M300US18460","Cornelia, GA Micro Area"
"98151","*****","310M300US18500","Corning, NY Micro Area"
"447102","*****","310M300US18580","Corpus Christi, TX Metro Area"
"48177","*****","310M300US18620","Corsicana, TX Micro Area"
"48713","*****","310M300US18660","Cortland, NY Micro Area"
"87455","*****","310M300US18700","Corvallis, OR Metro Area"
"36665","*****","310M300US18740","Coshocton, OH Micro Area"
"13034","*****","310M300US18780","Craig, CO Micro Area"
"38108","*****","310M300US18820","Crawfordsville, IN Micro Area"
"27628","*****","310M300US18860","Crescent City, CA Micro Area"
"257326","*****","310M300US18880","Crestview-Fort Walton Beach-Destin, FL Metro Area"
"57895","*****","310M300US18900","Crossville, TN Micro Area"
"81316","*****","310M300US18980","Cullman, AL Micro Area"
"41227","*****","310M300US19000","Cullowhee, NC Micro Area"
"100666","*****","310M300US19060","Cumberland, MD-WV Metro Area"
"6957123","*****","310M300US19100","Dallas-Fort Worth-Arlington, TX Metro Area"
"143011","*****","310M300US19140","Dalton, GA Metro Area"
"79613","*****","310M300US19180","Danville, IL Metro Area"
"54074","*****","310M300US19220","Danville, KY Micro Area"
"104752","*****","310M300US19260","Danville, VA Micro Area"
"199510","*****","310M300US19300","Daphne-Fairhope-Foley, AL Metro Area"
"383304","*****","310M300US19340","Davenport-Moline-Rock Island, IA-IL Metro Area"
"800950","*****","310M300US19380","Dayton, OH Metro Area"
"32461","*****","310M300US19420","Dayton, TN Micro Area"
"152988","*****","310M300US19460","Decatur, AL Metro Area"
"108404","*****","310M300US19500","Decatur, IL Metro Area"
"34813","*****","310M300US19540","Decatur, IN Micro Area"
"38488","*****","310M300US19580","Defiance, OH Micro Area"
"48862","*****","310M300US19620","Del Rio, TX Micro Area"
"613723","*****","310M300US19660","Deltona-Daytona Beach-Ormond Beach, FL Metro Area"
"24627","*****","310M300US19700","Deming, NM Micro Area"
"2752056","*****","310M300US19740","Denver-Aurora-Lakewood, CO Metro Area"
"36435","*****","310M300US19760","DeRidder, LA Micro Area"
"611755","*****","310M300US19780","Des Moines-West Des Moines, IA Metro Area"
"4296731","*****","310M300US19820","Detroit-Warren-Dearborn, MI Metro Area"
"29837","*****","310M300US19860","Dickinson, ND Micro Area"
"34718","*****","310M300US19940","Dixon, IL Micro Area"
"34492","*****","310M300US19980","Dodge City, KS Micro Area"
"147843","*****","310M300US20020","Dothan, AL Metro Area"
"43042","*****","310M300US20060","Douglas, GA Micro Area"
"171474","*****","310M300US20100","Dover, DE Metro Area"
"57496","*****","310M300US20140","Dublin, GA Micro Area"
"81170","*****","310M300US20180","DuBois, PA Micro Area"
"96359","*****","310M300US20220","Dubuque, IA Metro Area"
"279540","*****","310M300US20260","Duluth, MN-WI Metro Area"
"22186","*****","310M300US20300","Dumas, TX Micro Area"
"44631","*****","310M300US20340","Duncan, OK Micro Area"
"126620","*****","310M300US20380","Dunn, NC Micro Area"
"53994","*****","310M300US20420","Durango, CO Micro Area"
"44529","*****","310M300US20460","Durant, OK Micro Area"
"542399","*****","310M300US20500","Durham-Chapel Hill, NC Metro Area"
"37970","*****","310M300US20540","Dyersburg, TN Micro Area"
"56830","*****","310M300US20580","Eagle Pass, TX Micro Area"
"37668","*****","310M300US20660","Easton, MD Micro Area"
"167126","*****","310M300US20700","East Stroudsburg, PA Metro Area"
"165262","*****","310M300US20740","Eau Claire, WI Metro Area"
"52894","*****","310M300US20780","Edwards, CO Micro Area"
"34356","*****","310M300US20820","Effingham, IL Micro Area"
"41377","*****","310M300US20900","El Campo, TX Micro Area"
"178807","*****","310M300US20940","El Centro, CA Metro Area"
"40334","*****","310M300US20980","El Dorado, AR Micro Area"
"63607","*****","310M300US21020","Elizabeth City, NC Micro Area"
"150451","*****","310M300US21060","Elizabethtown-Fort Knox, KY Metro Area"
"23290","*****","310M300US21120","Elk City, OK Micro Area"
"201640","*****","310M300US21140","Elkhart-Goshen, IN Metro Area"
"29287","*****","310M300US21180","Elkins, WV Micro Area"
"53759","171","310M300US21220","Elko, NV Micro Area"
"42785","*****","310M300US21260","Ellensburg, WA Micro Area"
"87742","*****","310M300US21300","Elmira, NY Metro Area"
"837073","*****","310M300US21340","El Paso, TX Metro Area"
"33401","*****","310M300US21380","Emporia, KS Micro Area"
"62481","*****","310M300US21420","Enid, OK Metro Area"
"50991","*****","310M300US21460","Enterprise, AL Micro Area"
"279133","*****","310M300US21500","Erie, PA Metro Area"
"36570","*****","310M300US21540","Escanaba, MI Micro Area"
"39924","*****","310M300US21580","Española, NM Micro Area"
"28709","161","310M300US21640","Eufaula, AL-GA Micro Area"
"360273","*****","310M300US21660","Eugene, OR Metro Area"
"135182","*****","310M300US21700","Eureka-Arcata-Fortuna, CA Micro Area"
"20893","*****","310M300US21740","Evanston, WY Micro Area"
"315008","*****","310M300US21780","Evansville, IN-KY Metro Area"
"100150","*****","310M300US21820","Fairbanks, AK Metro Area"
"17662","*****","310M300US21840","Fairfield, IA Micro Area"
"20193","*****","310M300US21860","Fairmont, MN Micro Area"
"56716","*****","310M300US21900","Fairmont, WV Micro Area"
"24148","*****","310M300US21980","Fallon, NV Micro Area"
"228254","*****","310M300US22020","Fargo, ND-MN Metro Area"
"65116","*****","310M300US22060","Faribault-Northfield, MN Micro Area"
"66230","*****","310M300US22100","Farmington, MO Micro Area"
"122537","*****","310M300US22140","Farmington, NM Metro Area"
"377694","*****","310M300US22180","Fayetteville, NC Metro Area"
"503642","*****","310M300US22220","Fayetteville-Springdale-Rogers, AR-MO Metro Area"
"57694","*****","310M300US22260","Fergus Falls, MN Micro Area"
"51897","*****","310M300US22280","Fernley, NV Micro Area"
"75672","*****","310M300US22300","Findlay, OH Micro Area"
"17405","*****","310M300US22340","Fitzgerald, GA Micro Area"
"138064","*****","310M300US22380","Flagstaff, AZ Metro Area"
"413090","*****","310M300US22420","Flint, MI Metro Area"
"206264","*****","310M300US22500","Florence, SC Metro Area"
"147018","*****","310M300US22520","Florence-Muscle Shoals, AL Metro Area"
"101968","*****","310M300US22540","Fond du Lac, WI Metro Area"
"66701","*****","310M300US22580","Forest City, NC Micro Area"
"27023","*****","310M300US22620","Forrest City, AR Micro Area"
"325228","*****","310M300US22660","Fort Collins, CO Metro Area"
"37050","*****","310M300US22700","Fort Dodge, IA Micro Area"
"53302","*****","310M300US22780","Fort Leonard Wood, MO Micro Area"
"60665","*****","310M300US22800","Fort Madison-Keokuk, IA-IL-MO Micro Area"
"28288","*****","310M300US22820","Fort Morgan, CO Micro Area"
"70937","*****","310M300US22840","Fort Payne, AL Micro Area"
"52101","*****","310M300US22860","Fort Polk South, LA Micro Area"
"280507","*****","310M300US22900","Fort Smith, AR-OK Metro Area"
"426755","*****","310M300US23060","Fort Wayne, IN Metro Area"
"32692","*****","310M300US23140","Frankfort, IN Micro Area"
"71849","*****","310M300US23180","Frankfort, KY Micro Area"
"25732","*****","310M300US23240","Fredericksburg, TX Micro Area"
"46283","*****","310M300US23300","Freeport, IL Micro Area"
"36679","*****","310M300US23340","Fremont, NE Micro Area"
"59870","*****","310M300US23380","Fremont, OH Micro Area"
"963160","*****","310M300US23420","Fresno, CA Metro Area"
"103363","*****","310M300US23460","Gadsden, AL Metro Area"
"56274","*****","310M300US23500","Gaffney, SC Micro Area"
"273614","*****","310M300US23540","Gainesville, FL Metro Area"
"190482","*****","310M300US23580","Gainesville, GA Metro Area"
"38878","*****","310M300US23620","Gainesville, TX Micro Area"
"51752","*****","310M300US23660","Galesburg, IL Micro Area"
"74346","*****","310M300US23700","Gallup, NM Micro Area"
"40926","*****","310M300US23780","Garden City, KS Micro Area"
"47426","*****","310M300US23820","Gardnerville Ranchos, NV Micro Area"
"60804","*****","310M300US23860","Georgetown, SC Micro Area"
"101759","*****","310M300US23900","Gettysburg, PA Metro Area"
"48473","*****","310M300US23940","Gillette, WY Micro Area"
"53270","*****","310M300US23980","Glasgow, KY Micro Area"
"127376","*****","310M300US24020","Glens Falls, NY Metro Area"
"75038","*****","310M300US24060","Glenwood Springs, CO Micro Area"
"54297","*****","310M300US24100","Gloversville, NY Micro Area"
"124447","*****","310M300US24140","Goldsboro, NC Metro Area"
"101343","*****","310M300US24220","Grand Forks, ND-MN Metro Area"
"84381","*****","310M300US24260","Grand Island, NE Metro Area"
"148166","*****","310M300US24300","Grand Junction, CO Metro Area"
"45356","*****","310M300US24330","Grand Rapids, MN Micro Area"
"1028173","*****","310M300US24340","Grand Rapids-Wyoming, MI Metro Area"
"27373","*****","310M300US24380","Grants, NM Micro Area"
"84063","*****","310M300US24420","Grants Pass, OR Metro Area"
"27214","*****","310M300US24460","Great Bend, KS Micro Area"
"82049","*****","310M300US24500","Great Falls, MT Metro Area"
"278065","*****","310M300US24540","Greeley, CO Metro Area"
"314555","*****","310M300US24580","Green Bay, WI Metro Area"
"68502","*****","310M300US24620","Greeneville, TN Micro Area"
"70916","*****","310M300US24640","Greenfield Town, MA Micro Area"
"746301","*****","310M300US24660","Greensboro-High Point, NC Metro Area"
"26340","*****","310M300US24700","Greensburg, IN Micro Area"
"48824","*****","310M300US24740","Greenville, MS Micro Area"
"175150","*****","310M300US24780","Greenville, NC Metro Area"
"52185","*****","310M300US24820","Greenville, OH Micro Area"
"862064","*****","310M300US24860","Greenville-Anderson-Mauldin, SC Metro Area"
"40801","*****","310M300US24900","Greenwood, MS Micro Area"
"94832","*****","310M300US24940","Greenwood, SC Micro Area"
"21518","*****","310M300US24980","Grenada, MS Micro Area"
"80123","*****","310M300US25020","Guayama, PR Metro Area"
"385448","*****","310M300US25060","Gulfport-Biloxi-Pascagoula, MS Metro Area"
"21499","*****","310M300US25100","Guymon, OK Micro Area"
"259744","*****","310M300US25180","Hagerstown-Martinsburg, MD-WV Metro Area"
"27687","119","310M300US25200","Hailey, ID Micro Area"
"127115","*****","310M300US25220","Hammond, LA Metro Area"
"150261","*****","310M300US25260","Hanford-Corcoran, CA Metro Area"
"39083","*****","310M300US25300","Hannibal, MO Micro Area"
"561447","*****","310M300US25420","Harrisburg-Carlisle, PA Metro Area"
"45289","*****","310M300US25460","Harrison, AR Micro Area"
"130406","*****","310M300US25500","Harrisonburg, VA Metro Area"
"1211826","*****","310M300US25540","Hartford-West Hartford-East Hartford, CT Metro Area"
"31536","*****","310M300US25580","Hastings, NE Micro Area"
"148071","*****","310M300US25620","Hattiesburg, MS Metro Area"
"29032","*****","310M300US25700","Hays, KS Micro Area"
"27895","*****","310M300US25720","Heber, UT Micro Area"
"77590","*****","310M300US25740","Helena, MT Micro Area"
"19929","*****","310M300US25760","Helena-West Helena, AR Micro Area"
"44508","*****","310M300US25780","Henderson, NC Micro Area"
"19039","*****","310M300US25820","Hereford, TX Micro Area"
"87789","*****","310M300US25840","Hermiston-Pendleton, OR Micro Area"
"363377","*****","310M300US25860","Hickory-Lenoir-Morganton, NC Metro Area"
"46024","*****","310M300US25880","Hillsdale, MI Micro Area"
"193680","*****","310M300US25900","Hilo, HI Micro Area"
"202502","*****","310M300US25940","Hilton Head Island-Bluffton-Beaufort, SC Metro Area"
"81192","*****","310M300US25980","Hinesville, GA Metro Area"
"68930","*****","310M300US26020","Hobbs, NM Micro Area"
"113666","*****","310M300US26090","Holland, MI Micro Area"
"140453","*****","310M300US26140","Homosassa Springs, FL Metro Area"
"22842","*****","310M300US26220","Hood River, OR Micro Area"
"30876","*****","310M300US26260","Hope, AR Micro Area"
"97119","*****","310M300US26300","Hot Springs, AR Metro Area"
"38760","*****","310M300US26340","Houghton, MI Micro Area"
"210787","*****","310M300US26380","Houma-Thibodaux, LA Metro Area"
"6482592","*****","310M300US26420","Houston-The Woodlands-Sugar Land, TX Metro Area"
"61860","*****","310M300US26460","Hudson, NY Micro Area"
"45844","*****","310M300US26500","Huntingdon, PA Micro Area"
"36696","*****","310M300US26540","Huntington, IN Micro Area"
"362559","*****","310M300US26580","Huntington-Ashland, WV-KY-OH Metro Area"
"440230","*****","310M300US26620","Huntsville, AL Metro Area"
"84286","*****","310M300US26660","Huntsville, TX Micro Area"
"18155","*****","310M300US26700","Huron, SD Micro Area"
"63803","*****","310M300US26740","Hutchinson, KS Micro Area"
"35926","*****","310M300US26780","Hutchinson, MN Micro Area"
"138677","*****","310M300US26820","Idaho Falls, ID Metro Area"
"87491","*****","310M300US26860","Indiana, PA Micro Area"
"1968768","*****","310M300US26900","Indianapolis-Carmel-Anderson, IN Metro Area"
"27424","*****","310M300US26940","Indianola, MS Micro Area"
"64126","*****","310M300US26960","Ionia, MI Micro Area"
"164121","*****","310M300US26980","Iowa City, IA Metro Area"
"30363","*****","310M300US27020","Iron Mountain, MI-WI Micro Area"
"104268","*****","310M300US27060","Ithaca, NY Metro Area"
"159483","*****","310M300US27100","Jackson, MI Metro Area"
"578095","*****","310M300US27140","Jackson, MS Metro Area"
"32717","*****","310M300US27160","Jackson, OH Micro Area"
"130041","*****","310M300US27180","Jackson, TN Metro Area"
"33060","*****","310M300US27220","Jackson, WY-ID Micro Area"
"1424097","*****","310M300US27260","Jacksonville, FL Metro Area"
"39970","*****","310M300US27300","Jacksonville, IL Micro Area"
"185755","*****","310M300US27340","Jacksonville, NC Metro Area"
"51257","*****","310M300US27380","Jacksonville, TX Micro Area"
"21108","*****","310M300US27420","Jamestown, ND Micro Area"
"131748","*****","310M300US27460","Jamestown-Dunkirk-Fredonia, NY Micro Area"
"160986","*****","310M300US27500","Janesville-Beloit, WI Metro Area"
"54899","*****","310M300US27540","Jasper, IN Micro Area"
"15605","*****","310M300US27580","Jayuya, PR Micro Area"
"62131","*****","310M300US27600","Jefferson, GA Micro Area"
"150840","*****","310M300US27620","Jefferson City, MO Metro Area"
"31399","*****","310M300US27660","Jennings, LA Micro Area"
"30006","*****","310M300US27700","Jesup, GA Micro Area"
"200696","*****","310M300US27740","Johnson City, TN Metro Area"
"137762","*****","310M300US27780","Johnstown, PA Metro Area"
"127015","*****","310M300US27860","Jonesboro, AR Metro Area"
"176117","*****","310M300US27900","Joplin, MO Metro Area"
"36818","*****","310M300US27920","Junction City, KS Micro Area"
"32524","*****","310M300US27940","Juneau, AK Micro Area"
"162547","*****","310M300US27980","Kahului-Wailuku-Lahaina, HI Metro Area"
"333821","*****","310M300US28020","Kalamazoo-Portage, MI Metro Area"
"94696","*****","310M300US28060","Kalispell, MT Micro Area"
"111493","*****","310M300US28100","Kankakee, IL Metro Area"
"2070147","*****","310M300US28140","Kansas City, MO-KS Metro Area"
"70447","*****","310M300US28180","Kapaa, HI Micro Area"
"54950","*****","310M300US28260","Kearney, NE Micro Area"
"76320","*****","310M300US28300","Keene, NH Micro Area"
"47587","*****","310M300US28340","Kendallville, IN Micro Area"
"31271","*****","310M300US28380","Kennett, MO Micro Area"
"275329","*****","310M300US28420","Kennewick-Richland, WA Metro Area"
"50505","*****","310M300US28500","Kerrville, TX Micro Area"
"13715","*****","310M300US28540","Ketchikan, AK Micro Area"
"77150","*****","310M300US28580","Key West, FL Micro Area"
"39315","*****","310M300US28620","Kill Devil Hills, NC Micro Area"
"426926","*****","310M300US28660","Killeen-Temple, TX Metro Area"
"307491","*****","310M300US28700","Kingsport-Bristol-Bristol, TN-VA Metro Area"
"180505","*****","310M300US28740","Kingston, NY Metro Area"
"32435","225","310M300US28780","Kingsville, TX Micro Area"
"58343","*****","310M300US28820","Kinston, NC Micro Area"
"29943","*****","310M300US28860","Kirksville, MO Micro Area"
"65946","*****","310M300US28900","Klamath Falls, OR Micro Area"
"857111","*****","310M300US28940","Knoxville, TN Metro Area"
"82728","*****","310M300US29020","Kokomo, IN Metro Area"
"60392","*****","310M300US29060","Laconia, NH Micro Area"
"136329","*****","310M300US29100","La Crosse-Onalaska, WI-MN Metro Area"
"484043","*****","310M300US29180","Lafayette, LA Metro Area"
"212113","*****","310M300US29200","Lafayette-West Lafayette, IN Metro Area"
"25758","*****","310M300US29260","La Grande, OR Micro Area"
"69314","*****","310M300US29300","LaGrange, GA Micro Area"
"203972","*****","310M300US29340","Lake Charles, LA Metro Area"
"68198","*****","310M300US29380","Lake City, FL Micro Area"
"203629","*****","310M300US29420","Lake Havasu City-Kingman, AZ Metro Area"
"637691","*****","310M300US29460","Lakeland-Winter Haven, FL Metro Area"
"13317","*****","310M300US29500","Lamesa, TX Micro Area"
"533110","*****","310M300US29540","Lancaster, PA Metro Area"
"470348","*****","310M300US29620","Lansing-East Lansing, MI Metro Area"
"37836","*****","310M300US29660","Laramie, WY Micro Area"
"266006","*****","310M300US29700","Laredo, TX Metro Area"
"213825","*****","310M300US29740","Las Cruces, NM Metro Area"
"28350","*****","310M300US29780","Las Vegas, NM Micro Area"
"2070153","*****","310M300US29820","Las Vegas-Henderson-Paradise, NV Metro Area"
"84851","*****","310M300US29860","Laurel, MS Micro Area"
"35711","*****","310M300US29900","Laurinburg, NC Micro Area"
"116352","*****","310M300US29940","Lawrence, KS Metro Area"
"42406","*****","310M300US29980","Lawrenceburg, TN Micro Area"
"130645","*****","310M300US30020","Lawton, OK Metro Area"
"35505","*****","310M300US30060","Lebanon, MO Micro Area"
"136950","*****","310M300US30140","Lebanon, PA Metro Area"
"23377","*****","310M300US30220","Levelland, TX Micro Area"
"45178","*****","310M300US30260","Lewisburg, PA Micro Area"
"31335","*****","310M300US30280","Lewisburg, TN Micro Area"
"62108","*****","310M300US30300","Lewiston, ID-WA Metro Area"
"107376","*****","310M300US30340","Lewiston-Auburn, ME Metro Area"
"46585","*****","310M300US30380","Lewistown, PA Micro Area"
"25901","*****","310M300US30420","Lexington, NE Micro Area"
"495193","*****","310M300US30460","Lexington-Fayette, KY Metro Area"
"23185","*****","310M300US30580","Liberal, KS Micro Area"
"104664","*****","310M300US30620","Lima, OH Metro Area"
"29820","*****","310M300US30660","Lincoln, IL Micro Area"
"318820","*****","310M300US30700","Lincoln, NE Metro Area"
"727371","*****","310M300US30780","Little Rock-North Little Rock-Conway, AR Metro Area"
"39536","*****","310M300US30820","Lock Haven, PA Micro Area"
"131837","*****","310M300US30860","Logan, UT-ID Metro Area"
"35166","*****","310M300US30880","Logan, WV Micro Area"
"38324","*****","310M300US30900","Logansport, IN Micro Area"
"127532","*****","310M300US30940","London, KY Micro Area"
"216775","*****","310M300US30980","Longview, TX Metro Area"
"102854","*****","310M300US31020","Longview, WA Metro Area"
"17895","*****","310M300US31060","Los Alamos, NM Micro Area"
"13189366","*****","310M300US31080","Los Angeles-Long Beach-Anaheim, CA Metro Area"
"1269550","*****","310M300US31140","Louisville/Jefferson County, KY-IN Metro Area"
"306392","*****","310M300US31180","Lubbock, TX Metro Area"
"28755","*****","310M300US31220","Ludington, MI Micro Area"
"87657","*****","310M300US31260","Lufkin, TX Micro Area"
"134576","*****","310M300US31300","Lumberton, NC Micro Area"
"258062","*****","310M300US31340","Lynchburg, VA Metro Area"
"31727","*****","310M300US31380","Macomb, IL Micro Area"
"230785","*****","310M300US31420","Macon-Bibb County, GA Metro Area"
"153366","*****","310M300US31460","Madera, CA Metro Area"
"32482","*****","310M300US31500","Madison, IN Micro Area"
"634269","*****","310M300US31540","Madison, WI Metro Area"
"46359","*****","310M300US31580","Madisonville, KY Micro Area"
"24168","*****","310M300US31620","Magnolia, AR Micro Area"
"51007","*****","310M300US31660","Malone, NY Micro Area"
"33440","*****","310M300US31680","Malvern, AR Micro Area"
"404948","*****","310M300US31700","Manchester-Nashua, NH Metro Area"
"97946","*****","310M300US31740","Manhattan, KS Metro Area"
"80178","*****","310M300US31820","Manitowoc, WI Micro Area"
"98750","*****","310M300US31860","Mankato-North Mankato, MN Metro Area"
"121888","*****","310M300US31900","Mansfield, OH Metro Area"
"61154","*****","310M300US31930","Marietta, OH Micro Area"
"64658","*****","310M300US31940","Marinette, WI-MI Micro Area"
"68269","*****","310M300US31980","Marion, IN Micro Area"
"45013","*****","310M300US32000","Marion, NC Micro Area"
"65620","*****","310M300US32020","Marion, OH Micro Area"
"67418","*****","310M300US32100","Marquette, MI Micro Area"
"25670","*****","310M300US32140","Marshall, MN Micro Area"
"23214","*****","310M300US32180","Marshall, MO Micro Area"
"66431","*****","310M300US32220","Marshall, TX Micro Area"
"40735","*****","310M300US32260","Marshalltown, IA Micro Area"
"34024","*****","310M300US32280","Martin, TN Micro Area"
"65760","*****","310M300US32300","Martinsville, VA Micro Area"
"23026","*****","310M300US32340","Maryville, MO Micro Area"
"50865","*****","310M300US32380","Mason City, IA Micro Area"
"98272","*****","310M300US32420","Mayagüez, PR Metro Area"
"37379","*****","310M300US32460","Mayfield, KY Micro Area"
"17229","*****","310M300US32500","Maysville, KY Micro Area"
"44643","*****","310M300US32540","McAlester, OK Micro Area"
"828334","*****","310M300US32580","McAllen-Edinburg-Mission, TX Metro Area"
"52631","*****","310M300US32620","McComb, MS Micro Area"
"40099","*****","310M300US32660","McMinnville, TN Micro Area"
"29164","*****","310M300US32700","McPherson, KS Micro Area"
"87027","*****","310M300US32740","Meadville, PA Micro Area"
"210916","*****","310M300US32780","Medford, OR Metro Area"
"1341339","*****","310M300US32820","Memphis, TN-MS-AR Metro Area"
"44348","*****","310M300US32860","Menomonie, WI Micro Area"
"265001","*****","310M300US32900","Merced, CA Metro Area"
"105564","*****","310M300US32940","Meridian, MS Micro Area"
"28171","*****","310M300US32980","Merrill, WI Micro Area"
"25868","*****","310M300US33020","Mexico, MO Micro Area"
"32022","*****","310M300US33060","Miami, OK Micro Area"
"5926955","*****","310M300US33100","Miami-Fort Lauderdale-West Palm Beach, FL Metro Area"
"110993","*****","310M300US33140","Michigan City-La Porte, IN Metro Area"
"27676","*****","310M300US33180","Middlesborough, KY Micro Area"
"83559","*****","310M300US33220","Midland, MI Metro Area"
"161268","*****","310M300US33260","Midland, TX Metro Area"
"54555","*****","310M300US33300","Milledgeville, GA Micro Area"
"1571730","*****","310M300US33340","Milwaukee-Waukesha-West Allis, WI Metro Area"
"27922","*****","310M300US33420","Mineral Wells, TX Micro Area"
"3488436","*****","310M300US33460","Minneapolis-St. Paul-Bloomington, MN-WI Metro Area"
"77439","*****","310M300US33500","Minot, ND Micro Area"
"113101","*****","310M300US33540","Missoula, MT Metro Area"
"23214","*****","310M300US33580","Mitchell, SD Micro Area"
"25081","*****","310M300US33620","Moberly, MO Micro Area"
"414291","*****","310M300US33660","Mobile, AL Metro Area"
"530561","*****","310M300US33700","Modesto, CA Metro Area"
"178858","*****","310M300US33740","Monroe, LA Metro Area"
"149945","*****","310M300US33780","Monroe, MI Metro Area"
"373963","*****","310M300US33860","Montgomery, AL Metro Area"
"40866","*****","310M300US33940","Montrose, CO Micro Area"
"68537","*****","310M300US33980","Morehead City, NC Micro Area"
"53053","*****","310M300US34020","Morgan City, LA Micro Area"
"136620","*****","310M300US34060","Morgantown, WV Metro Area"
"116054","*****","310M300US34100","Morristown, TN Metro Area"
"38593","*****","310M300US34140","Moscow, ID Micro Area"
"92530","*****","310M300US34180","Moses Lake, WA Micro Area"
"46002","*****","310M300US34220","Moultrie, GA Micro Area"
"40992","*****","310M300US34260","Mountain Home, AR Micro Area"
"26103","*****","310M300US34300","Mountain Home, ID Micro Area"
"72767","*****","310M300US34340","Mount Airy, NC Micro Area"
"70574","*****","310M300US34380","Mount Pleasant, MI Micro Area"
"32592","*****","310M300US34420","Mount Pleasant, TX Micro Area"
"45849","*****","310M300US34460","Mount Sterling, KY Micro Area"
"38523","*****","310M300US34500","Mount Vernon, IL Micro Area"
"60878","*****","310M300US34540","Mount Vernon, OH Micro Area"
"120475","*****","310M300US34580","Mount Vernon-Anacortes, WA Metro Area"
"116463","*****","310M300US34620","Muncie, IN Metro Area"
"38302","*****","310M300US34660","Murray, KY Micro Area"
"42949","*****","310M300US34700","Muscatine, IA Micro Area"
"172148","*****","310M300US34740","Muskegon, MI Metro Area"
"69939","*****","310M300US34780","Muskogee, OK Micro Area"
"419585","*****","310M300US34820","Myrtle Beach-Conway-North Myrtle Beach, SC-NC Metro Area"
"65556","*****","310M300US34860","Nacogdoches, TX Micro Area"
"140823","*****","310M300US34900","Napa, CA Metro Area"
"348236","*****","310M300US34940","Naples-Immokalee-Marco Island, FL Metro Area"
"1794570","*****","310M300US34980","Nashville-Davidson--Murfreesboro--Franklin, TN Metro Area"
"52035","*****","310M300US35020","Natchez, MS-LA Micro Area"
"39258","*****","310M300US35060","Natchitoches, LA Micro Area"
"127156","*****","310M300US35100","New Bern, NC Metro Area"
"37750","*****","310M300US35140","Newberry, SC Micro Area"
"48953","*****","310M300US35220","New Castle, IN Micro Area"
"88528","*****","310M300US35260","New Castle, PA Micro Area"
"860874","*****","310M300US35300","New Haven-Milford, CT Metro Area"
"1250247","*****","310M300US35380","New Orleans-Metairie, LA Metro Area"
"92579","*****","310M300US35420","New Philadelphia-Dover, OH Micro Area"
"46685","*****","310M300US35440","Newport, OR Micro Area"
"35256","*****","310M300US35460","Newport, TN Micro Area"
"36715","*****","310M300US35500","Newton, IA Micro Area"
"25327","*****","310M300US35580","New Ulm, MN Micro Area"
"20031443","*****","310M300US35620","New York-Newark-Jersey City, NY-NJ-PA Metro Area"
"155134","*****","310M300US35660","Niles-Benton Harbor, MI Metro Area"
"46547","*****","310M300US35700","Nogales, AZ Micro Area"
"48326","*****","310M300US35740","Norfolk, NE Micro Area"
"37032","100","310M300US35820","North Platte, NE Micro Area"
"751422","*****","310M300US35840","North Port-Sarasota-Bradenton, FL Metro Area"
"28023","*****","310M300US35860","North Vernon, IN Micro Area"
"68888","*****","310M300US35900","North Wilkesboro, NC Micro Area"
"58704","*****","310M300US35940","Norwalk, OH Micro Area"
"272033","*****","310M300US35980","Norwich-New London, CT Metro Area"
"80113","*****","310M300US36020","Oak Harbor, WA Micro Area"
"340341","*****","310M300US36100","Ocala, FL Metro Area"
"95404","*****","310M300US36140","Ocean City, NJ Metro Area"
"153177","*****","310M300US36220","Odessa, TX Metro Area"
"632793","*****","310M300US36260","Ogden-Clearfield, UT Metro Area"
"111529","*****","310M300US36300","Ogdensburg-Massena, NY Micro Area"
"53460","*****","310M300US36340","Oil City, PA Micro Area"
"39420","*****","310M300US36380","Okeechobee, FL Micro Area"
"1337075","*****","310M300US36420","Oklahoma City, OK Metro Area"
"78506","*****","310M300US36460","Olean, NY Micro Area"
"266311","*****","310M300US36500","Olympia-Tumwater, WA Metro Area"
"904834","*****","310M300US36540","Omaha-Council Bluffs, NE-IA Metro Area"
"60979","*****","310M300US36580","Oneonta, NY Micro Area"
"53247","*****","310M300US36620","Ontario, OR-ID Micro Area"
"83699","*****","310M300US36660","Opelousas, LA Micro Area"
"89731","*****","310M300US36700","Orangeburg, SC Micro Area"
"2328508","*****","310M300US36740","Orlando-Kissimmee-Sanford, FL Metro Area"
"169487","*****","310M300US36780","Oshkosh-Neenah, WI Metro Area"
"22324","*****","310M300US36820","Oskaloosa, IA Micro Area"
"19100","*****","310M300US36830","Othello, WA Micro Area"
"25663","*****","310M300US36840","Ottawa, KS Micro Area"
"151503","*****","310M300US36860","Ottawa-Peru, IL Micro Area"
"44010","*****","310M300US36900","Ottumwa, IA Micro Area"
"36541","*****","310M300US36940","Owatonna, MN Micro Area"
"116932","*****","310M300US36980","Owensboro, KY Metro Area"
"68800","*****","310M300US37020","Owosso, MI Micro Area"
"52193","*****","310M300US37060","Oxford, MS Micro Area"
"58341","*****","310M300US37080","Oxford, NC Micro Area"
"843110","*****","310M300US37100","Oxnard-Thousand Oaks-Ventura, CA Metro Area"
"49607","*****","310M300US37120","Ozark, AL Micro Area"
"97744","*****","310M300US37140","Paducah, KY-IL Micro Area"
"43198","*****","310M300US37220","Pahrump, NV Micro Area"
"72304","*****","310M300US37260","Palatka, FL Micro Area"
"57772","*****","310M300US37300","Palestine, TX Micro Area"
"560683","*****","310M300US37340","Palm Bay-Melbourne-Titusville, FL Metro Area"
"23028","*****","310M300US37420","Pampa, TX Micro Area"
"194212","*****","310M300US37460","Panama City, FL Metro Area"
"43745","*****","310M300US37500","Paragould, AR Micro Area"
"32291","*****","310M300US37540","Paris, TN Micro Area"
"49626","*****","310M300US37580","Paris, TX Micro Area"
"92088","*****","310M300US37620","Parkersburg-Vienna, WV Metro Area"
"20833","*****","310M300US37660","Parsons, KS Micro Area"
"53179","*****","310M300US37740","Payson, AZ Micro Area"
"14438","*****","310M300US37780","Pecos, TX Micro Area"
"33197","*****","310M300US37800","Pella, IA Micro Area"
"473477","*****","310M300US37860","Pensacola-Ferry Pass-Brent, FL Metro Area"
"379241","*****","310M300US37900","Peoria, IL Metro Area"
"36093","*****","310M300US37940","Peru, IN Micro Area"
"6047721","*****","310M300US37980","Philadelphia-Camden-Wilmington, PA-NJ-DE-MD Metro Area"
"4486153","*****","310M300US38060","Phoenix-Mesa-Scottsdale, AZ Metro Area"
"55167","*****","310M300US38100","Picayune, MS Micro Area"
"21938","100","310M300US38180","Pierre, SD Micro Area"
"94741","*****","310M300US38220","Pine Bluff, AR Metro Area"
"93070","*****","310M300US38240","Pinehurst-Southern Pines, NC Micro Area"
"39281","*****","310M300US38260","Pittsburg, KS Micro Area"
"2354926","*****","310M300US38300","Pittsburgh, PA Metro Area"
"128563","*****","310M300US38340","Pittsfield, MA Metro Area"
"35007","*****","310M300US38380","Plainview, TX Micro Area"
"51723","*****","310M300US38420","Platteville, WI Micro Area"
"81505","*****","310M300US38460","Plattsburgh, NY Micro Area"
"46833","*****","310M300US38500","Plymouth, IN Micro Area"
"83815","*****","310M300US38540","Pocatello, ID Metro Area"
"57436","*****","310M300US38580","Point Pleasant, WV-OH Micro Area"
"45398","*****","310M300US38620","Ponca City, OK Micro Area"
"324001","*****","310M300US38660","Ponce, PR Metro Area"
"37278","*****","310M300US38700","Pontiac, IL Micro Area"
"42887","*****","310M300US38740","Poplar Bluff, MO Micro Area"
"19618","*****","310M300US38780","Portales, NM Micro Area"
"72969","*****","310M300US38820","Port Angeles, WA Micro Area"
"40981","*****","310M300US38840","Port Clinton, OH Micro Area"
"523874","*****","310M300US38860","Portland-South Portland, ME Metro Area"
"2351319","*****","310M300US38900","Portland-Vancouver-Hillsboro, OR-WA Metro Area"
"21805","*****","310M300US38920","Port Lavaca, TX Micro Area"
"446728","*****","310M300US38940","Port St. Lucie, FL Metro Area"
"77366","*****","310M300US39020","Portsmouth, OH Micro Area"
"145503","*****","310M300US39060","Pottsville, PA Micro Area"
"218586","*****","310M300US39140","Prescott, AZ Metro Area"
"20733","*****","310M300US39220","Price, UT Micro Area"
"21334","*****","310M300US39260","Prineville, OR Micro Area"
"1609359","*****","310M300US39300","Providence-Warwick, RI-MA Metro Area"
"574684","*****","310M300US39340","Provo-Orem, UT Metro Area"
"162158","*****","310M300US39380","Pueblo, CO Metro Area"
"47494","*****","310M300US39420","Pullman, WA Micro Area"
"169642","*****","310M300US39460","Punta Gorda, FL Metro Area"
"77095","*****","310M300US39500","Quincy, IL-MO Micro Area"
"194873","*****","310M300US39540","Racine, WI Metro Area"
"1243720","*****","310M300US39580","Raleigh, NC Metro Area"
"142585","*****","310M300US39660","Rapid City, SD Metro Area"
"21944","*****","310M300US39700","Raymondville, TX Micro Area"
"414097","*****","310M300US39740","Reading, PA Metro Area"
"63015","*****","310M300US39780","Red Bluff, CA Micro Area"
"179228","*****","310M300US39820","Redding, CA Metro Area"
"46450","*****","310M300US39860","Red Wing, MN Micro Area"
"443855","*****","310M300US39900","Reno, NV Metro Area"
"51010","*****","310M300US39940","Rexburg, ID Micro Area"
"67423","*****","310M300US39980","Richmond, IN Micro Area"
"1258158","*****","310M300US40060","Richmond, VA Metro Area"
"104217","*****","310M300US40080","Richmond-Berea, KY Micro Area"
"63008","*****","310M300US40100","Rio Grande City, TX Micro Area"
"4430646","*****","310M300US40140","Riverside-San Bernardino-Ontario, CA Metro Area"
"40683","*****","310M300US40180","Riverton, WY Micro Area"
"312891","*****","310M300US40220","Roanoke, VA Metro Area"
"73477","*****","310M300US40260","Roanoke Rapids, NC Micro Area"
"52034","*****","310M300US40300","Rochelle, IL Micro Area"
"212669","*****","310M300US40340","Rochester, MN Metro Area"
"1082226","*****","310M300US40380","Rochester, NY Metro Area"
"342552","*****","310M300US40420","Rockford, IL Metro Area"
"45710","*****","310M300US40460","Rockingham, NC Micro Area"
"44812","*****","310M300US40540","Rock Springs, WY Micro Area"
"149054","*****","310M300US40580","Rocky Mount, NC Metro Area"
"44833","*****","310M300US40620","Rolla, MO Micro Area"
"96199","*****","310M300US40660","Rome, GA Metro Area"
"107375","*****","310M300US40700","Roseburg, OR Micro Area"
"65610","*****","310M300US40740","Roswell, NM Micro Area"
"19726","*****","310M300US40760","Ruidoso, NM Micro Area"
"84823","*****","310M300US40780","Russellville, AR Micro Area"
"47480","*****","310M300US40820","Ruston, LA Micro Area"
"60133","*****","310M300US40860","Rutland, VT Micro Area"
"2242542","*****","310M300US40900","Sacramento--Roseville--Arden-Arcade, CA Metro Area"
"37529","*****","310M300US40940","Safford, AZ Micro Area"
"195201","*****","310M300US40980","Saginaw, MI Metro Area"
"193118","*****","310M300US41060","St. Cloud, MN Metro Area"
"151959","*****","310M300US41100","St. George, UT Metro Area"
"127261","*****","310M300US41140","St. Joseph, MO-KS Metro Area"
"2803449","*****","310M300US41180","St. Louis, MO-IL Metro Area"
"52092","*****","310M300US41220","St. Marys, GA Micro Area"
"31111","*****","310M300US41260","St. Marys, PA Micro Area"
"105230","*****","310M300US41400","Salem, OH Micro Area"
"404997","*****","310M300US41420","Salem, OR Metro Area"
"61551","*****","310M300US41460","Salina, KS Micro Area"
"430201","*****","310M300US41500","Salinas, CA Metro Area"
"390091","*****","310M300US41540","Salisbury, MD-DE Metro Area"
"1154504","*****","310M300US41620","Salt Lake City, UT Metro Area"
"117895","135","310M300US41660","San Angelo, TX Metro Area"
"2332345","*****","310M300US41700","San Antonio-New Braunfels, TX Metro Area"
"3253356","*****","310M300US41740","San Diego-Carlsbad, CA Metro Area"
"41389","*****","310M300US41760","Sandpoint, ID Micro Area"
"75808","*****","310M300US41780","Sandusky, OH Micro Area"
"59540","*****","310M300US41820","Sanford, NC Micro Area"
"4577530","*****","310M300US41860","San Francisco-Oakland-Hayward, CA Metro Area"
"131978","*****","310M300US41900","San Germán, PR Metro Area"
"1943107","*****","310M300US41940","San Jose-Sunnyvale-Santa Clara, CA Metro Area"
"2230563","*****","310M300US41980","San Juan-Carolina-Caguas, PR Metro Area"
"278680","*****","310M300US42020","San Luis Obispo-Paso Robles-Arroyo Grande, CA Metro Area"
"270931","*****","310M300US42100","Santa Cruz-Watsonville, CA Metro Area"
"147320","*****","310M300US42140","Santa Fe, NM Metro Area"
"22732","*****","310M300US42180","Santa Isabel, PR Micro Area"
"439395","*****","310M300US42200","Santa Maria-Santa Barbara, CA Metro Area"
"497776","*****","310M300US42220","Santa Rosa, CA Metro Area"
"38330","*****","310M300US42300","Sault Ste. Marie, MI Micro Area"
"372569","*****","310M300US42340","Savannah, GA Metro Area"
"61808","*****","310M300US42380","Sayre, PA Micro Area"
"38666","*****","310M300US42420","Scottsbluff, NE Micro Area"
"52608","*****","310M300US42460","Scottsboro, AL Micro Area"
"559898","*****","310M300US42540","Scranton--Wilkes-Barre--Hazleton, PA Metro Area"
"78823","*****","310M300US42620","Searcy, AR Micro Area"
"3671095","*****","310M300US42660","Seattle-Tacoma-Bellevue, WA Metro Area"
"145342","*****","310M300US42680","Sebastian-Vero Beach, FL Metro Area"
"98862","*****","310M300US42700","Sebring, FL Metro Area"
"42193","*****","310M300US42740","Sedalia, MO Micro Area"
"40246","*****","310M300US42780","Selinsgrove, PA Micro Area"
"41426","*****","310M300US42820","Selma, AL Micro Area"
"75375","*****","310M300US42860","Seneca, SC Micro Area"
"35036","*****","310M300US42900","Seneca Falls, NY Micro Area"
"94537","*****","310M300US42940","Sevierville, TN Micro Area"
"43637","*****","310M300US42980","Seymour, IN Micro Area"
"45841","*****","310M300US43020","Shawano, WI Micro Area"
"71551","*****","310M300US43060","Shawnee, OK Micro Area"
"115269","*****","310M300US43100","Sheboygan, WI Metro Area"
"97113","*****","310M300US43140","Shelby, NC Micro Area"
"46331","*****","310M300US43180","Shelbyville, TN Micro Area"
"61060","*****","310M300US43220","Shelton, WA Micro Area"
"29924","*****","310M300US43260","Sheridan, WY Micro Area"
"124231","*****","310M300US43300","Sherman-Denison, TX Metro Area"
"108209","*****","310M300US43320","Show Low, AZ Micro Area"
"445227","*****","310M300US43340","Shreveport-Bossier City, LA Metro Area"
"48949","*****","310M300US43380","Sidney, OH Micro Area"
"128177","*****","310M300US43420","Sierra Vista-Douglas, AZ Metro Area"
"38994","*****","310M300US43460","Sikeston, MO Micro Area"
"28879","*****","310M300US43500","Silver City, NM Micro Area"
"168746","*****","310M300US43580","Sioux City, IA-NE-SD Metro Area"
"247315","*****","310M300US43620","Sioux Falls, SD Metro Area"
"17314","*****","310M300US43660","Snyder, TX Micro Area"
"63772","*****","310M300US43700","Somerset, KY Micro Area"
"76201","*****","310M300US43740","Somerset, PA Micro Area"
"53864","*****","310M300US43760","Sonora, CA Micro Area"
"319491","*****","310M300US43780","South Bend-Mishawaka, IN-MI Metro Area"
"322157","*****","310M300US43900","Spartanburg, SC Metro Area"
"24859","*****","310M300US43940","Spearfish, SD Micro Area"
"16478","*****","310M300US43980","Spencer, IA Micro Area"
"17046","*****","310M300US44020","Spirit Lake, IA Micro Area"
"542604","*****","310M300US44060","Spokane-Spokane Valley, WA Metro Area"
"211215","*****","310M300US44100","Springfield, IL Metro Area"
"629107","*****","310M300US44140","Springfield, MA Metro Area"
"452198","*****","310M300US44180","Springfield, MO Metro Area"
"136175","*****","310M300US44220","Springfield, OH Metro Area"
"49424","*****","310M300US44260","Starkville, MS Micro Area"
"159178","*****","310M300US44300","State College, PA Metro Area"
"73141","*****","310M300US44340","Statesboro, GA Micro Area"
"119930","*****","310M300US44420","Staunton-Waynesboro, VA Metro Area"
"23980","*****","310M300US44460","Steamboat Springs, CO Micro Area"
"40641","*****","310M300US44500","Stephenville, TX Micro Area"
"21862","*****","310M300US44540","Sterling, CO Micro Area"
"57155","*****","310M300US44580","Sterling, IL Micro Area"
"70551","*****","310M300US44620","Stevens Point, WI Micro Area"
"79953","*****","310M300US44660","Stillwater, OK Micro Area"
"714860","*****","310M300US44700","Stockton-Lodi, CA Metro Area"
"20445","*****","310M300US44740","Storm Lake, IA Micro Area"
"60923","*****","310M300US44780","Sturgis, MI Micro Area"
"35844","*****","310M300US44860","Sulphur Springs, TX Micro Area"
"25046","*****","310M300US44900","Summerville, GA Micro Area"
"39009","*****","310M300US44920","Summit Park, UT Micro Area"
"107682","*****","310M300US44940","Sumter, SC Metro Area"
"93590","*****","310M300US44980","Sunbury, PA Micro Area"
"31945","*****","310M300US45000","Susanville, CA Micro Area"
"15017","*****","310M300US45020","Sweetwater, TX Micro Area"
"660652","*****","310M300US45060","Syracuse, NY Metro Area"
"48267","*****","310M300US45140","Tahlequah, OK Micro Area"
"91921","*****","310M300US45180","Talladega-Sylacauga, AL Micro Area"
"376337","*****","310M300US45220","Tallahassee, FL Metro Area"
"2927714","*****","310M300US45300","Tampa-St. Petersburg-Clearwater, FL Metro Area"
"32961","*****","310M300US45340","Taos, NM Micro Area"
"33888","*****","310M300US45380","Taylorville, IL Micro Area"
"171445","*****","310M300US45460","Terre Haute, IN Metro Area"
"149765","*****","310M300US45500","Texarkana, TX-AR Metro Area"
"25657","*****","310M300US45520","The Dalles, OR Micro Area"
"113589","*****","310M300US45540","The Villages, FL Metro Area"
"26394","*****","310M300US45580","Thomaston, GA Micro Area"
"44977","*****","310M300US45620","Thomasville, GA Micro Area"
"55711","*****","310M300US45660","Tiffin, OH Micro Area"
"40691","*****","310M300US45700","Tifton, GA Micro Area"
"25584","*****","310M300US45740","Toccoa, GA Micro Area"
"606684","*****","310M300US45780","Toledo, OH Metro Area"
"233773","*****","310M300US45820","Topeka, KS Metro Area"
"185141","*****","310M300US45860","Torrington, CT Micro Area"
"147200","*****","310M300US45900","Traverse City, MI Micro Area"
"371101","*****","310M300US45940","Trenton, NJ Metro Area"
"33277","*****","310M300US45980","Troy, AL Micro Area"
"98639","*****","310M300US46020","Truckee-Grass Valley, CA Micro Area"
"1003338","*****","310M300US46060","Tucson, AZ Metro Area"
"101470","*****","310M300US46100","Tullahoma-Manchester, TN Micro Area"
"970603","*****","310M300US46140","Tulsa, OK Metro Area"
"139654","*****","310M300US46180","Tupelo, MS Micro Area"
"237672","*****","310M300US46220","Tuscaloosa, AL Metro Area"
"103649","*****","310M300US46300","Twin Falls, ID Micro Area"
"219745","*****","310M300US46340","Tyler, TX Metro Area"
"87409","*****","310M300US46380","Ukiah, CA Micro Area"
"37223","*****","310M300US46460","Union City, TN-KY Micro Area"
"39175","*****","310M300US46500","Urbana, OH Micro Area"
"986999","*****","310M300US46520","Urban Honolulu, HI Metro Area"
"296416","*****","310M300US46540","Utica-Rome, NY Metro Area"
"27055","*****","310M300US46620","Uvalde, TX Micro Area"
"143950","*****","310M300US46660","Valdosta, GA Metro Area"
"429596","*****","310M300US46700","Vallejo-Fairfield, CA Metro Area"
"34018","*****","310M300US46740","Valley, AL Micro Area"
"28501","*****","310M300US46780","Van Wert, OH Micro Area"
"14029","*****","310M300US46820","Vermillion, SD Micro Area"
"36308","*****","310M300US46860","Vernal, UT Micro Area"
"13061","*****","310M300US46900","Vernon, TX Micro Area"
"57043","*****","310M300US46980","Vicksburg, MS Micro Area"
"98452","*****","310M300US47020","Victoria, TX Metro Area"
"36165","*****","310M300US47080","Vidalia, GA Micro Area"
"37956","*****","310M300US47180","Vincennes, IN Micro Area"
"155744","*****","310M300US47220","Vineland-Bridgeton, NJ Metro Area"
"17137","*****","310M300US47240","Vineyard Haven, MA Micro Area"
"1714428","*****","310M300US47260","Virginia Beach-Norfolk-Newport News, VA-NC Metro Area"
"455769","*****","310M300US47300","Visalia-Porterville, CA Metro Area"
"32177","*****","310M300US47340","Wabash, IN Micro Area"
"260659","*****","310M300US47380","Waco, TX Metro Area"
"22808","*****","310M300US47420","Wahpeton, ND-MN Micro Area"
"63780","*****","310M300US47460","Walla Walla, WA Metro Area"
"45871","*****","310M300US47540","Wapakoneta, OH Micro Area"
"187504","*****","310M300US47580","Warner Robins, GA Metro Area"
"40649","*****","310M300US47620","Warren, PA Micro Area"
"54229","*****","310M300US47660","Warrensburg, MO Micro Area"
"78461","*****","310M300US47700","Warsaw, IN Micro Area"
"32583","*****","310M300US47780","Washington, IN Micro Area"
"47513","*****","310M300US47820","Washington, NC Micro Area"
"6011752","*****","310M300US47900","Washington-Arlington-Alexandria, DC-VA-MD-WV Metro Area"
"28719","*****","310M300US47920","Washington Court House, OH Micro Area"
"169857","*****","310M300US47940","Waterloo-Cedar Falls, IA Metro Area"
"27886","*****","310M300US47980","Watertown, SD Micro Area"
"84538","*****","310M300US48020","Watertown-Fort Atkinson, WI Micro Area"
"117966","*****","310M300US48060","Watertown-Fort Drum, NY Metro Area"
"27302","*****","310M300US48100","Wauchula, FL Micro Area"
"135367","*****","310M300US48140","Wausau, WI Metro Area"
"54701","*****","310M300US48180","Waycross, GA Micro Area"
"29248","*****","310M300US48220","Weatherford, OK Micro Area"
"121104","*****","310M300US48260","Weirton-Steubenville, WV-OH Metro Area"
"114862","*****","310M300US48300","Wenatchee, WA Metro Area"
"40265","*****","310M300US48460","West Plains, MO Micro Area"
"20147","*****","310M300US48500","West Point, MS Micro Area"
"144781","*****","310M300US48540","Wheeling, WV-OH Metro Area"
"103021","*****","310M300US48580","Whitewater-Elkhorn, WI Micro Area"
"640505","*****","310M300US48620","Wichita, KS Metro Area"
"151265","*****","310M300US48660","Wichita Falls, TX Metro Area"
"116313","*****","310M300US48700","Williamsport, PA Metro Area"
"31643","*****","310M300US48780","Williston, ND Micro Area"
"42510","*****","310M300US48820","Willmar, MN Micro Area"
"272788","*****","310M300US48900","Wilmington, NC Metro Area"
"41854","*****","310M300US48940","Wilmington, OH Micro Area"
"81617","*****","310M300US48980","Wilson, NC Micro Area"
"133125","*****","310M300US49020","Winchester, VA-WV Metro Area"
"17091","*****","310M300US49080","Winnemucca, NV Micro Area"
"51145","*****","310M300US49100","Winona, MN Micro Area"
"654589","*****","310M300US49180","Winston-Salem, NC Metro Area"
"73621","*****","310M300US49220","Wisconsin Rapids-Marshfield, WI Micro Area"
"21111","*****","310M300US49260","Woodward, OK Micro Area"
"115747","*****","310M300US49300","Wooster, OH Micro Area"
"930667","*****","310M300US49340","Worcester, MA-CT Metro Area"
"21729","*****","310M300US49380","Worthington, MN Micro Area"
"247681","*****","310M300US49420","Yakima, WA Metro Area"
"22649","*****","310M300US49460","Yankton, SD Micro Area"
"440604","*****","310M300US49620","York-Hanover, PA Metro Area"
"552521","*****","310M300US49660","Youngstown-Warren-Boardman, OH-PA Metro Area"
"169303","*****","310M300US49700","Yuba City, CA Metro Area"
"203292","*****","310M300US49740","Yuma, AZ Metro Area"
"85991","*****","310M300US49780","Zanesville, OH Micro Area"
"14335","*****","310M300US49820","Zapata, TX Micro Area"
