"B01003_001E","B01003_001M","GEO_ID","NAME"
"Estimate!!Total","Margin of Error!!Total","id","Geographic Area Name"
"41033","*****","310M200US10100","Aberdeen, SD Micro Area"
"72092","*****","310M200US10140","Aberdeen, WA Micro Area"
"166202","*****","310M200US10180","Abilene, TX Metro Area"
"37700","*****","310M200US10220","Ada, OK Micro Area"
"19334","*****","310M200US10260","Adjuntas, PR Micro Area"
"99505","*****","310M200US10300","Adrian, MI Micro Area"
"335269","*****","310M200US10380","Aguadilla-Isabela, PR Metro Area"
"704979","*****","310M200US10420","Akron, OH Metro Area"
"64767","*****","310M200US10460","Alamogordo, NM Micro Area"
"157177","*****","310M200US10500","Albany, GA Metro Area"
"117648","*****","310M200US10540","Albany, OR Metro Area"
"873238","*****","310M200US10580","Albany-Schenectady-Troy, NY Metro Area"
"60529","*****","310M200US10620","Albemarle, NC Micro Area"
"31129","*****","310M200US10660","Albert Lea, MN Micro Area"
"93699","*****","310M200US10700","Albertville, AL Micro Area"
"893241","*****","310M200US10740","Albuquerque, NM Metro Area"
"154147","*****","310M200US10780","Alexandria, LA Metro Area"
"36264","*****","310M200US10820","Alexandria, MN Micro Area"
"41217","*****","310M200US10860","Alice, TX Micro Area"
"823731","*****","310M200US10900","Allentown-Bethlehem-Easton, PA-NJ Metro Area"
"42148","*****","310M200US10940","Alma, MI Micro Area"
"29399","*****","310M200US10980","Alpena, MI Micro Area"
"126940","*****","310M200US11020","Altoona, PA Metro Area"
"26280","*****","310M200US11060","Altus, OK Micro Area"
"254583","87","310M200US11100","Amarillo, TX Metro Area"
"37116","*****","310M200US11140","Americus, GA Micro Area"
"90750","*****","310M200US11180","Ames, IA Metro Area"
"50019","*****","310M200US11220","Amsterdam, NY Micro Area"
"386756","*****","310M200US11260","Anchorage, AK Metro Area"
"15554","*****","310M200US11380","Andrews, TX Micro Area"
"34190","*****","310M200US11420","Angola, IN Micro Area"
"348560","*****","310M200US11460","Ann Arbor, MI Metro Area"
"117714","*****","310M200US11500","Anniston-Oxford-Jacksonville, AL Metro Area"
"227301","*****","310M200US11540","Appleton, WI Metro Area"
"34651","*****","310M200US11580","Arcadia, FL Micro Area"
"47904","*****","310M200US11620","Ardmore, OK Micro Area"
"197661","*****","310M200US11640","Arecibo, PR Metro Area"
"22912","*****","310M200US11660","Arkadelphia, AR Micro Area"
"36232","*****","310M200US11680","Arkansas City-Winfield, KS Micro Area"
"429177","*****","310M200US11700","Asheville, NC Metro Area"
"53234","*****","310M200US11740","Ashland, OH Micro Area"
"100835","*****","310M200US11780","Ashtabula, OH Micro Area"
"37157","*****","310M200US11820","Astoria, OR Micro Area"
"16839","*****","310M200US11860","Atchison, KS Micro Area"
"64811","*****","310M200US11900","Athens, OH Micro Area"
"52338","*****","310M200US11940","Athens, TN Micro Area"
"78636","*****","310M200US11980","Athens, TX Micro Area"
"194878","*****","310M200US12020","Athens-Clarke County, GA Metro Area"
"5379176","*****","310M200US12060","Atlanta-Sandy Springs-Roswell, GA Metro Area"
"274960","*****","310M200US12100","Atlantic City-Hammonton, NJ Metro Area"
"42253","*****","310M200US12140","Auburn, IN Micro Area"
"79767","*****","310M200US12180","Auburn, NY Micro Area"
"144405","*****","310M200US12220","Auburn-Opelika, AL Metro Area"
"570516","*****","310M200US12260","Augusta-Richmond County, GA-SC Metro Area"
"121757","*****","310M200US12300","Augusta-Waterville, ME Micro Area"
"39252","*****","310M200US12380","Austin, MN Micro Area"
"1782032","*****","310M200US12420","Austin-Round Rock, TX Metro Area"
"27676","*****","310M200US12460","Bainbridge, GA Micro Area"
"848204","*****","310M200US12540","Bakersfield, CA Metro Area"
"2734044","*****","310M200US12580","Baltimore-Columbia-Towson, MD Metro Area"
"153649","*****","310M200US12620","Bangor, ME Metro Area"
"62353","*****","310M200US12660","Baraboo, WI Micro Area"
"43905","*****","310M200US12680","Bardstown, KY Micro Area"
"215449","*****","310M200US12700","Barnstable Town, MA Metro Area"
"59427","*****","310M200US12740","Barre, VT Micro Area"
"51329","*****","310M200US12780","Bartlesville, OK Micro Area"
"27603","*****","310M200US12820","Bastrop, LA Micro Area"
"59872","*****","310M200US12860","Batavia, NY Micro Area"
"36786","*****","310M200US12900","Batesville, AR Micro Area"
"808816","*****","310M200US12940","Baton Rouge, LA Metro Area"
"135534","*****","310M200US12980","Battle Creek, MI Metro Area"
"107312","*****","310M200US13020","Bay City, MI Metro Area"
"36639","*****","310M200US13060","Bay City, TX Micro Area"
"22055","*****","310M200US13100","Beatrice, NE Micro Area"
"403814","*****","310M200US13140","Beaumont-Port Arthur, TX Metro Area"
"88598","*****","310M200US13180","Beaver Dam, WI Micro Area"
"124882","*****","310M200US13220","Beckley, WV Metro Area"
"46053","*****","310M200US13260","Bedford, IN Micro Area"
"32281","*****","310M200US13300","Beeville, TX Micro Area"
"45678","*****","310M200US13340","Bellefontaine, OH Micro Area"
"203211","*****","310M200US13380","Bellingham, WA Metro Area"
"45021","*****","310M200US13420","Bemidji, MN Micro Area"
"160565","*****","310M200US13460","Bend-Redmond, OR Metro Area"
"28542","*****","310M200US13500","Bennettsville, SC Micro Area"
"36871","*****","310M200US13540","Bennington, VT Micro Area"
"38796","*****","310M200US13620","Berlin, NH-VT Micro Area"
"43007","*****","310M200US13660","Big Rapids, MI Micro Area"
"36473","108","310M200US13700","Big Spring, TX Micro Area"
"60901","*****","310M200US13720","Big Stone Gap, VA Micro Area"
"160991","104","310M200US13740","Billings, MT Metro Area"
"250087","*****","310M200US13780","Binghamton, NY Metro Area"
"1132182","*****","310M200US13820","Birmingham-Hoover, AL Metro Area"
"117878","87","310M200US13900","Bismarck, ND Metro Area"
"45485","*****","310M200US13940","Blackfoot, ID Micro Area"
"178865","*****","310M200US13980","Blacksburg-Christiansburg-Radford, VA Metro Area"
"187751","*****","310M200US14010","Bloomington, IL Metro Area"
"161101","*****","310M200US14020","Bloomington, IN Metro Area"
"85400","*****","310M200US14100","Bloomsburg-Berwick, PA Metro Area"
"106925","*****","310M200US14140","Bluefield, WV-VA Micro Area"
"45912","*****","310M200US14180","Blytheville, AR Micro Area"
"46935","*****","310M200US14220","Bogalusa, LA Micro Area"
"628966","*****","310M200US14260","Boise City, ID Metro Area"
"26310","*****","310M200US14340","Boone, IA Micro Area"
"51557","*****","310M200US14380","Boone, NC Micro Area"
"21986","*****","310M200US14420","Borger, TX Micro Area"
"4604278","*****","310M200US14460","Boston-Cambridge-Newton, MA-NH Metro Area"
"301072","*****","310M200US14500","Boulder, CO Metro Area"
"160455","*****","310M200US14540","Bowling Green, KY Metro Area"
"91499","*****","310M200US14580","Bozeman, MT Micro Area"
"43294","*****","310M200US14620","Bradford, PA Micro Area"
"91227","*****","310M200US14660","Brainerd, MN Micro Area"
"84229","*****","310M200US14700","Branson, MO Micro Area"
"28091","*****","310M200US14720","Breckenridge, CO Micro Area"
"252687","*****","310M200US14740","Bremerton-Silverdale, WA Metro Area"
"33863","*****","310M200US14780","Brenham, TX Micro Area"
"32894","*****","310M200US14820","Brevard, NC Micro Area"
"926233","*****","310M200US14860","Bridgeport-Stamford-Norwalk, CT Metro Area"
"34870","*****","310M200US15020","Brookhaven, MS Micro Area"
"22361","*****","310M200US15060","Brookings, OR Micro Area"
"32295","*****","310M200US15100","Brookings, SD Micro Area"
"410710","*****","310M200US15180","Brownsville-Harlingen, TX Metro Area"
"37942","*****","310M200US15220","Brownwood, TX Micro Area"
"112831","*****","310M200US15260","Brunswick, GA Metro Area"
"43348","*****","310M200US15340","Bucyrus, OH Micro Area"
"1134695","*****","310M200US15380","Buffalo-Cheektowaga-Niagara Falls, NY Metro Area"
"43158","*****","310M200US15420","Burley, ID Micro Area"
"47487","*****","310M200US15460","Burlington, IA-IL Micro Area"
"152472","*****","310M200US15500","Burlington, NC Metro Area"
"212640","*****","310M200US15540","Burlington-South Burlington, VT Metro Area"
"34322","*****","310M200US15580","Butte-Silver Bow, MT Micro Area"
"47630","*****","310M200US15620","Cadillac, MI Micro Area"
"55409","*****","310M200US15660","Calhoun, GA Micro Area"
"107079","*****","310M200US15680","California-Lexington Park, MD Metro Area"
"32617","*****","310M200US15700","Cambridge, MD Micro Area"
"39935","*****","310M200US15740","Cambridge, OH Micro Area"
"30970","*****","310M200US15780","Camden, AR Micro Area"
"24585","*****","310M200US15820","Campbellsville, KY Micro Area"
"46850","*****","310M200US15860","Cañon City, CO Micro Area"
"36829","*****","310M200US15900","Canton, IL Micro Area"
"404037","*****","310M200US15940","Canton-Massillon, OH Metro Area"
"633968","*****","310M200US15980","Cape Coral-Fort Myers, FL Metro Area"
"96710","*****","310M200US16020","Cape Girardeau, MO-IL Metro Area"
"126661","*****","310M200US16060","Carbondale-Marion, IL Metro Area"
"54284","*****","310M200US16100","Carlsbad-Artesia, NM Micro Area"
"54821","*****","310M200US16180","Carson City, NV Metro Area"
"77343","*****","310M200US16220","Casper, WY Metro Area"
"46435","*****","310M200US16260","Cedar City, UT Micro Area"
"260033","*****","310M200US16300","Cedar Rapids, IA Metro Area"
"41308","*****","310M200US16340","Cedartown, GA Micro Area"
"40811","*****","310M200US16380","Celina, OH Micro Area"
"39070","*****","310M200US16460","Centralia, IL Micro Area"
"75419","*****","310M200US16500","Centralia, WA Micro Area"
"150594","*****","310M200US16540","Chambersburg-Waynesboro, PA Metro Area"
"233039","*****","310M200US16580","Champaign-Urbana, IL Metro Area"
"226180","*****","310M200US16620","Charleston, WV Metro Area"
"64747","*****","310M200US16660","Charleston-Mattoon, IL Micro Area"
"682904","*****","310M200US16700","Charleston-North Charleston, SC Metro Area"
"2261321","*****","310M200US16740","Charlotte-Concord-Gastonia, NC-SC Metro Area"
"220802","*****","310M200US16820","Charlottesville, VA Metro Area"
"533187","*****","310M200US16860","Chattanooga, TN-GA Metro Area"
"93073","*****","310M200US16940","Cheyenne, WY Metro Area"
"9488493","*****","310M200US16980","Chicago-Naperville-Elgin, IL-IN-WI Metro Area"
"220542","*****","310M200US17020","Chico, CA Metro Area"
"77802","*****","310M200US17060","Chillicothe, OH Micro Area"
"2122940","*****","310M200US17140","Cincinnati, OH-KY-IN Metro Area"
"217946","*****","310M200US17200","Claremont-Lebanon, NH-VT Micro Area"
"94197","*****","310M200US17220","Clarksburg, WV Micro Area"
"25815","*****","310M200US17260","Clarksdale, MS Micro Area"
"266098","*****","310M200US17300","Clarksville, TN-KY Metro Area"
"64260","*****","310M200US17340","Clearlake, CA Micro Area"
"34107","*****","310M200US17380","Cleveland, MS Micro Area"
"116793","*****","310M200US17420","Cleveland, TN Metro Area"
"2070965","*****","310M200US17460","Cleveland-Elyria, OH Metro Area"
"38346","*****","310M200US17500","Clewiston, FL Micro Area"
"48896","*****","310M200US17540","Clinton, IA Micro Area"
"49302","*****","310M200US17580","Clovis, NM Micro Area"
"40579","*****","310M200US17620","Coamo, PR Micro Area"
"30807","*****","310M200US17640","Coco, PR Micro Area"
"140785","*****","310M200US17660","Coeur d'Alene, ID Metro Area"
"34869","*****","310M200US17700","Coffeyville, KS Micro Area"
"44398","*****","310M200US17740","Coldwater, MI Micro Area"
"231417","*****","310M200US17780","College Station-Bryan, TX Metro Area"
"657699","*****","310M200US17820","Colorado Springs, CO Metro Area"
"165776","*****","310M200US17860","Columbia, MO Metro Area"
"776794","*****","310M200US17900","Columbia, SC Metro Area"
"303626","*****","310M200US17980","Columbus, GA-AL Metro Area"
"77930","*****","310M200US18020","Columbus, IN Metro Area"
"59746","*****","310M200US18060","Columbus, MS Micro Area"
"32350","*****","310M200US18100","Columbus, NE Micro Area"
"1926242","*****","310M200US18140","Columbus, OH Metro Area"
"146710","*****","310M200US18180","Concord, NH Micro Area"
"24112","*****","310M200US18220","Connersville, IN Micro Area"
"106338","*****","310M200US18260","Cookeville, TN Micro Area"
"62753","*****","310M200US18300","Coos Bay, OR Micro Area"
"23521","*****","310M200US18380","Cordele, GA Micro Area"
"37159","*****","310M200US18420","Corinth, MS Micro Area"
"43181","*****","310M200US18460","Cornelia, GA Micro Area"
"98951","*****","310M200US18500","Corning, NY Micro Area"
"433094","*****","310M200US18580","Corpus Christi, TX Metro Area"
"47883","*****","310M200US18620","Corsicana, TX Micro Area"
"49271","*****","310M200US18660","Cortland, NY Micro Area"
"85989","*****","310M200US18700","Corvallis, OR Metro Area"
"36862","*****","310M200US18740","Coshocton, OH Micro Area"
"13447","*****","310M200US18780","Craig, CO Micro Area"
"38215","*****","310M200US18820","Crawfordsville, IN Micro Area"
"28357","*****","310M200US18860","Crescent City, CA Micro Area"
"242442","*****","310M200US18880","Crestview-Fort Walton Beach-Destin, FL Metro Area"
"56589","*****","310M200US18900","Crossville, TN Micro Area"
"80499","*****","310M200US18980","Cullman, AL Micro Area"
"40362","*****","310M200US19000","Cullowhee, NC Micro Area"
"102409","*****","310M200US19060","Cumberland, MD-WV Metro Area"
"6575833","*****","310M200US19100","Dallas-Fort Worth-Arlington, TX Metro Area"
"142060","*****","310M200US19140","Dalton, GA Metro Area"
"81147","*****","310M200US19180","Danville, IL Metro Area"
"53303","*****","310M200US19220","Danville, KY Micro Area"
"106073","*****","310M200US19260","Danville, VA Micro Area"
"187114","*****","310M200US19300","Daphne-Fairhope-Foley, AL Metro Area"
"381142","*****","310M200US19340","Davenport-Moline-Rock Island, IA-IL Metro Area"
"801888","*****","310M200US19380","Dayton, OH Metro Area"
"32080","*****","310M200US19420","Dayton, TN Micro Area"
"153682","*****","310M200US19460","Decatur, AL Metro Area"
"110262","*****","310M200US19500","Decatur, IL Metro Area"
"34424","*****","310M200US19540","Decatur, IN Micro Area"
"38911","*****","310M200US19580","Defiance, OH Micro Area"
"48730","*****","310M200US19620","Del Rio, TX Micro Area"
"593569","*****","310M200US19660","Deltona-Daytona Beach-Ormond Beach, FL Metro Area"
"25001","*****","310M200US19700","Deming, NM Micro Area"
"2601465","*****","310M200US19740","Denver-Aurora-Lakewood, CO Metro Area"
"35891","*****","310M200US19760","DeRidder, LA Micro Area"
"580913","*****","310M200US19780","Des Moines-West Des Moines, IA Metro Area"
"4295700","*****","310M200US19820","Detroit-Warren-Dearborn, MI Metro Area"
"25666","*****","310M200US19860","Dickinson, ND Micro Area"
"35535","*****","310M200US19940","Dixon, IL Micro Area"
"34217","*****","310M200US19980","Dodge City, KS Micro Area"
"146425","*****","310M200US20020","Dothan, AL Metro Area"
"42841","*****","310M200US20060","Douglas, GA Micro Area"
"165030","*****","310M200US20100","Dover, DE Metro Area"
"58106","*****","310M200US20140","Dublin, GA Micro Area"
"81536","*****","310M200US20180","DuBois, PA Micro Area"
"94411","*****","310M200US20220","Dubuque, IA Metro Area"
"279719","*****","310M200US20260","Duluth, MN-WI Metro Area"
"22029","*****","310M200US20300","Dumas, TX Micro Area"
"44929","*****","310M200US20340","Duncan, OK Micro Area"
"118793","*****","310M200US20380","Dunn, NC Micro Area"
"52039","*****","310M200US20420","Durango, CO Micro Area"
"43079","*****","310M200US20460","Durant, OK Micro Area"
"516798","*****","310M200US20500","Durham-Chapel Hill, NC Metro Area"
"38239","*****","310M200US20540","Dyersburg, TN Micro Area"
"54880","*****","310M200US20580","Eagle Pass, TX Micro Area"
"37859","*****","310M200US20660","Easton, MD Micro Area"
"168947","*****","310M200US20700","East Stroudsburg, PA Metro Area"
"162464","*****","310M200US20740","Eau Claire, WI Metro Area"
"52151","*****","310M200US20780","Edwards, CO Micro Area"
"34274","*****","310M200US20820","Effingham, IL Micro Area"
"41185","*****","310M200US20900","El Campo, TX Micro Area"
"175201","*****","310M200US20940","El Centro, CA Metro Area"
"41307","*****","310M200US20980","El Dorado, AR Micro Area"
"63919","*****","310M200US21020","Elizabeth City, NC Micro Area"
"149388","*****","310M200US21060","Elizabethtown-Fort Knox, KY Metro Area"
"22715","*****","310M200US21120","Elk City, OK Micro Area"
"198662","*****","310M200US21140","Elkhart-Goshen, IN Metro Area"
"29399","*****","310M200US21180","Elkins, WV Micro Area"
"51827","173","310M200US21220","Elko, NV Micro Area"
"41291","*****","310M200US21260","Ellensburg, WA Micro Area"
"88876","*****","310M200US21300","Elmira, NY Metro Area"
"816409","*****","310M200US21340","El Paso, TX Metro Area"
"33624","*****","310M200US21380","Emporia, KS Micro Area"
"60956","*****","310M200US21420","Enid, OK Micro Area"
"50468","*****","310M200US21460","Enterprise, AL Micro Area"
"280518","*****","310M200US21500","Erie, PA Metro Area"
"36967","*****","310M200US21540","Escanaba, MI Micro Area"
"40218","*****","310M200US21580","Española, NM Micro Area"
"353382","*****","310M200US21660","Eugene, OR Metro Area"
"134613","*****","310M200US21700","Eureka-Arcata-Fortuna, CA Micro Area"
"21040","*****","310M200US21740","Evanston, WY Micro Area"
"312412","*****","310M200US21780","Evansville, IN-KY Metro Area"
"98656","*****","310M200US21820","Fairbanks, AK Metro Area"
"16800","*****","310M200US21840","Fairfield, IA Micro Area"
"56666","*****","310M200US21900","Fairmont, WV Micro Area"
"24572","*****","310M200US21980","Fallon, NV Micro Area"
"213718","*****","310M200US22020","Fargo, ND-MN Metro Area"
"64585","*****","310M200US22060","Faribault-Northfield, MN Micro Area"
"65602","*****","310M200US22100","Farmington, MO Micro Area"
"128476","*****","310M200US22140","Farmington, NM Metro Area"
"370875","*****","310M200US22180","Fayetteville, NC Metro Area"
"473913","*****","310M200US22220","Fayetteville-Springdale-Rogers, AR-MO Metro Area"
"57369","*****","310M200US22260","Fergus Falls, MN Micro Area"
"51648","*****","310M200US22280","Fernley, NV Micro Area"
"75239","*****","310M200US22300","Findlay, OH Micro Area"
"17576","*****","310M200US22340","Fitzgerald, GA Micro Area"
"134795","*****","310M200US22380","Flagstaff, AZ Metro Area"
"421575","*****","310M200US22420","Flint, MI Metro Area"
"205739","*****","310M200US22500","Florence, SC Metro Area"
"147122","*****","310M200US22520","Florence-Muscle Shoals, AL Metro Area"
"101666","*****","310M200US22540","Fond du Lac, WI Metro Area"
"67403","*****","310M200US22580","Forest City, NC Micro Area"
"27914","*****","310M200US22620","Forrest City, AR Micro Area"
"305798","*****","310M200US22660","Fort Collins, CO Metro Area"
"37626","*****","310M200US22700","Fort Dodge, IA Micro Area"
"52795","*****","310M200US22780","Fort Leonard Wood, MO Micro Area"
"61720","*****","310M200US22800","Fort Madison-Keokuk, IA-IL-MO Micro Area"
"28308","*****","310M200US22820","Fort Morgan, CO Micro Area"
"52510","*****","310M200US22860","Fort Polk South, LA Micro Area"
"280228","*****","310M200US22900","Fort Smith, AR-OK Metro Area"
"419305","*****","310M200US23060","Fort Wayne, IN Metro Area"
"33086","*****","310M200US23140","Frankfort, IN Micro Area"
"70965","*****","310M200US23180","Frankfort, KY Micro Area"
"25003","*****","310M200US23240","Fredericksburg, TX Micro Area"
"47315","*****","310M200US23300","Freeport, IL Micro Area"
"36675","*****","310M200US23340","Fremont, NE Micro Area"
"60619","*****","310M200US23380","Fremont, OH Micro Area"
"939605","*****","310M200US23420","Fresno, CA Metro Area"
"104260","*****","310M200US23460","Gadsden, AL Metro Area"
"55587","*****","310M200US23500","Gaffney, SC Micro Area"
"266765","*****","310M200US23540","Gainesville, FL Metro Area"
"182841","*****","310M200US23580","Gainesville, GA Metro Area"
"38484","*****","310M200US23620","Gainesville, TX Micro Area"
"52545","*****","310M200US23660","Galesburg, IL Micro Area"
"72373","*****","310M200US23700","Gallup, NM Micro Area"
"40876","*****","310M200US23780","Garden City, KS Micro Area"
"47035","*****","310M200US23820","Gardnerville Ranchos, NV Micro Area"
"60280","*****","310M200US23860","Georgetown, SC Micro Area"
"101496","*****","310M200US23900","Gettysburg, PA Metro Area"
"46901","*****","310M200US23940","Gillette, WY Micro Area"
"52547","*****","310M200US23980","Glasgow, KY Micro Area"
"128821","*****","310M200US24020","Glens Falls, NY Metro Area"
"73860","*****","310M200US24060","Glenwood Springs, CO Micro Area"
"55165","*****","310M200US24100","Gloversville, NY Micro Area"
"123382","*****","310M200US24140","Goldsboro, NC Metro Area"
"98879","*****","310M200US24220","Grand Forks, ND-MN Metro Area"
"82631","*****","310M200US24260","Grand Island, NE Metro Area"
"147432","*****","310M200US24300","Grand Junction, CO Metro Area"
"998916","*****","310M200US24340","Grand Rapids-Wyoming, MI Metro Area"
"27296","*****","310M200US24380","Grants, NM Micro Area"
"82783","*****","310M200US24420","Grants Pass, OR Metro Area"
"27602","*****","310M200US24460","Great Bend, KS Micro Area"
"81621","*****","310M200US24500","Great Falls, MT Metro Area"
"258780","*****","310M200US24540","Greeley, CO Metro Area"
"308706","*****","310M200US24580","Green Bay, WI Metro Area"
"68679","*****","310M200US24620","Greeneville, TN Micro Area"
"71408","*****","310M200US24640","Greenfield Town, MA Micro Area"
"730342","*****","310M200US24660","Greensboro-High Point, NC Metro Area"
"25939","*****","310M200US24700","Greensburg, IN Micro Area"
"50578","*****","310M200US24740","Greenville, MS Micro Area"
"170485","*****","310M200US24780","Greenville, NC Metro Area"
"52666","*****","310M200US24820","Greenville, OH Micro Area"
"834277","*****","310M200US24860","Greenville-Anderson-Mauldin, SC Metro Area"
"42494","*****","310M200US24900","Greenwood, MS Micro Area"
"94960","*****","310M200US24940","Greenwood, SC Micro Area"
"21745","*****","310M200US24980","Grenada, MS Micro Area"
"83185","*****","310M200US25020","Guayama, PR Metro Area"
"375259","*****","310M200US25060","Gulfport-Biloxi-Pascagoula, MS Metro Area"
"21157","*****","310M200US25100","Guymon, OK Micro Area"
"254247","*****","310M200US25180","Hagerstown-Martinsburg, MD-WV Metro Area"
"27782","140","310M200US25200","Hailey, ID Micro Area"
"122665","*****","310M200US25220","Hammond, LA Metro Area"
"151806","*****","310M200US25260","Hanford-Corcoran, CA Metro Area"
"39010","*****","310M200US25300","Hannibal, MO Micro Area"
"552292","*****","310M200US25420","Harrisburg-Carlisle, PA Metro Area"
"45310","*****","310M200US25460","Harrison, AR Micro Area"
"126811","*****","310M200US25500","Harrisonburg, VA Metro Area"
"1213883","*****","310M200US25540","Hartford-West Hartford-East Hartford, CT Metro Area"
"31367","*****","310M200US25580","Hastings, NE Micro Area"
"144928","*****","310M200US25620","Hattiesburg, MS Metro Area"
"28746","*****","310M200US25700","Hays, KS Micro Area"
"24542","*****","310M200US25720","Heber, UT Micro Area"
"75577","*****","310M200US25740","Helena, MT Micro Area"
"21253","*****","310M200US25760","Helena-West Helena, AR Micro Area"
"45120","*****","310M200US25780","Henderson, NC Micro Area"
"19307","*****","310M200US25820","Hereford, TX Micro Area"
"87524","*****","310M200US25840","Hermiston-Pendleton, OR Micro Area"
"364501","*****","310M200US25860","Hickory-Lenoir-Morganton, NC Metro Area"
"46463","*****","310M200US25880","Hillsdale, MI Micro Area"
"187044","*****","310M200US25900","Hilo, HI Micro Area"
"190762","*****","310M200US25940","Hilton Head Island-Bluffton-Beaufort, SC Metro Area"
"80184","*****","310M200US25980","Hinesville, GA Metro Area"
"65681","*****","310M200US26020","Hobbs, NM Micro Area"
"111742","*****","310M200US26090","Holland, MI Micro Area"
"140214","*****","310M200US26140","Homosassa Springs, FL Metro Area"
"22427","*****","310M200US26220","Hood River, OR Micro Area"
"96547","*****","310M200US26300","Hot Springs, AR Metro Area"
"38675","*****","310M200US26340","Houghton, MI Micro Area"
"208623","*****","310M200US26380","Houma-Thibodaux, LA Metro Area"
"6063540","*****","310M200US26420","Houston-The Woodlands-Sugar Land, TX Metro Area"
"62674","*****","310M200US26460","Hudson, NY Micro Area"
"45874","*****","310M200US26500","Huntingdon, PA Micro Area"
"37044","*****","310M200US26540","Huntington, IN Micro Area"
"364749","*****","310M200US26580","Huntington-Ashland, WV-KY-OH Metro Area"
"424543","*****","310M200US26620","Huntsville, AL Metro Area"
"82570","*****","310M200US26660","Huntsville, TX Micro Area"
"17663","*****","310M200US26700","Huron, SD Micro Area"
"64319","*****","310M200US26740","Hutchinson, KS Micro Area"
"36321","*****","310M200US26780","Hutchinson, MN Micro Area"
"134755","*****","310M200US26820","Idaho Falls, ID Metro Area"
"88404","*****","310M200US26860","Indiana, PA Micro Area"
"1911795","*****","310M200US26900","Indianapolis-Carmel-Anderson, IN Metro Area"
"28722","*****","310M200US26940","Indianola, MS Micro Area"
"63909","*****","310M200US26960","Ionia, MI Micro Area"
"155868","*****","310M200US26980","Iowa City, IA Metro Area"
"30678","*****","310M200US27020","Iron Mountain, MI-WI Micro Area"
"102270","*****","310M200US27060","Ithaca, NY Metro Area"
"160126","*****","310M200US27100","Jackson, MI Metro Area"
"571881","*****","310M200US27140","Jackson, MS Metro Area"
"33034","*****","310M200US27160","Jackson, OH Micro Area"
"129988","*****","310M200US27180","Jackson, TN Metro Area"
"31716","*****","310M200US27220","Jackson, WY-ID Micro Area"
"1363610","*****","310M200US27260","Jacksonville, FL Metro Area"
"40712","*****","310M200US27300","Jacksonville, IL Micro Area"
"179935","*****","310M200US27340","Jacksonville, NC Metro Area"
"50865","*****","310M200US27380","Jacksonville, TX Micro Area"
"21046","*****","310M200US27420","Jamestown, ND Micro Area"
"134156","*****","310M200US27460","Jamestown-Dunkirk-Fredonia, NY Micro Area"
"160345","*****","310M200US27500","Janesville-Beloit, WI Metro Area"
"54883","*****","310M200US27540","Jasper, IN Micro Area"
"16413","*****","310M200US27580","Jayuya, PR Micro Area"
"60577","*****","310M200US27600","Jefferson, GA Micro Area"
"150003","*****","310M200US27620","Jefferson City, MO Metro Area"
"30187","*****","310M200US27700","Jesup, GA Micro Area"
"199583","*****","310M200US27740","Johnson City, TN Metro Area"
"142448","*****","310M200US27780","Johnstown, PA Metro Area"
"122801","*****","310M200US27860","Jonesboro, AR Metro Area"
"175355","*****","310M200US27900","Joplin, MO Metro Area"
"35583","*****","310M200US27920","Junction City, KS Micro Area"
"31897","*****","310M200US27940","Juneau, AK Micro Area"
"156704","*****","310M200US27980","Kahului-Wailuku-Lahaina, HI Metro Area"
"328660","*****","310M200US28020","Kalamazoo-Portage, MI Metro Area"
"91536","*****","310M200US28060","Kalispell, MT Micro Area"
"112991","*****","310M200US28100","Kankakee, IL Metro Area"
"2025297","*****","310M200US28140","Kansas City, MO-KS Metro Area"
"67872","*****","310M200US28180","Kapaa, HI Micro Area"
"53403","*****","310M200US28260","Kearney, NE Micro Area"
"76896","*****","310M200US28300","Keene, NH Micro Area"
"47509","*****","310M200US28340","Kendallville, IN Micro Area"
"31916","*****","310M200US28380","Kennett, MO Micro Area"
"260827","*****","310M200US28420","Kennewick-Richland, WA Metro Area"
"49696","*****","310M200US28500","Kerrville, TX Micro Area"
"13595","*****","310M200US28540","Ketchikan, AK Micro Area"
"74213","*****","310M200US28580","Key West, FL Micro Area"
"38561","*****","310M200US28620","Kill Devil Hills, NC Micro Area"
"412047","*****","310M200US28660","Killeen-Temple, TX Metro Area"
"308957","*****","310M200US28700","Kingsport-Bristol-Bristol, TN-VA Metro Area"
"182086","*****","310M200US28740","Kingston, NY Metro Area"
"32576","199","310M200US28780","Kingsville, TX Micro Area"
"59277","*****","310M200US28820","Kinston, NC Micro Area"
"29970","*****","310M200US28860","Kirksville, MO Micro Area"
"66211","*****","310M200US28900","Klamath Falls, OR Micro Area"
"843268","*****","310M200US28940","Knoxville, TN Metro Area"
"82795","*****","310M200US29020","Kokomo, IN Metro Area"
"60216","*****","310M200US29060","Laconia, NH Micro Area"
"134335","*****","310M200US29100","La Crosse-Onalaska, WI-MN Metro Area"
"471070","*****","310M200US29180","Lafayette, LA Metro Area"
"204560","*****","310M200US29200","Lafayette-West Lafayette, IN Metro Area"
"25741","*****","310M200US29260","La Grande, OR Micro Area"
"67776","*****","310M200US29300","LaGrange, GA Micro Area"
"200317","*****","310M200US29340","Lake Charles, LA Metro Area"
"67568","*****","310M200US29380","Lake City, FL Micro Area"
"201680","*****","310M200US29420","Lake Havasu City-Kingman, AZ Metro Area"
"610295","*****","310M200US29460","Lakeland-Winter Haven, FL Metro Area"
"13771","*****","310M200US29500","Lamesa, TX Micro Area"
"523306","*****","310M200US29540","Lancaster, PA Metro Area"
"465253","*****","310M200US29620","Lansing-East Lansing, MI Metro Area"
"36745","*****","310M200US29660","Laramie, WY Micro Area"
"254829","*****","310M200US29700","Laredo, TX Metro Area"
"211175","*****","310M200US29740","Las Cruces, NM Metro Area"
"29093","*****","310M200US29780","Las Vegas, NM Micro Area"
"1976925","*****","310M200US29820","Las Vegas-Henderson-Paradise, NV Metro Area"
"85001","*****","310M200US29860","Laurel, MS Micro Area"
"36201","*****","310M200US29900","Laurinburg, NC Micro Area"
"112210","*****","310M200US29940","Lawrence, KS Metro Area"
"41927","*****","310M200US29980","Lawrenceburg, TN Micro Area"
"130757","*****","310M200US30020","Lawton, OK Metro Area"
"35535","*****","310M200US30060","Lebanon, MO Micro Area"
"134411","*****","310M200US30140","Lebanon, PA Metro Area"
"23115","*****","310M200US30220","Levelland, TX Micro Area"
"44932","*****","310M200US30260","Lewisburg, PA Micro Area"
"30818","*****","310M200US30280","Lewisburg, TN Micro Area"
"61260","*****","310M200US30300","Lewiston, ID-WA Metro Area"
"107634","*****","310M200US30340","Lewiston-Auburn, ME Metro Area"
"46698","*****","310M200US30380","Lewistown, PA Micro Area"
"26261","*****","310M200US30420","Lexington, NE Micro Area"
"478699","*****","310M200US30460","Lexington-Fayette, KY Metro Area"
"23146","*****","310M200US30580","Liberal, KS Micro Area"
"105895","*****","310M200US30620","Lima, OH Metro Area"
"30177","*****","310M200US30660","Lincoln, IL Micro Area"
"306697","*****","310M200US30700","Lincoln, NE Metro Area"
"709447","*****","310M200US30780","Little Rock-North Little Rock-Conway, AR Metro Area"
"39501","*****","310M200US30820","Lock Haven, PA Micro Area"
"126982","*****","310M200US30860","Logan, UT-ID Metro Area"
"36442","*****","310M200US30880","Logan, WV Micro Area"
"38802","*****","310M200US30900","Logansport, IN Micro Area"
"126761","*****","310M200US30940","London, KY Micro Area"
"215406","*****","310M200US30980","Longview, TX Metro Area"
"102110","*****","310M200US31020","Longview, WA Metro Area"
"17979","*****","310M200US31060","Los Alamos, NM Micro Area"
"12945252","*****","310M200US31080","Los Angeles-Long Beach-Anaheim, CA Metro Area"
"1244880","*****","310M200US31140","Louisville/Jefferson County, KY-IN Metro Area"
"294530","*****","310M200US31180","Lubbock, TX Metro Area"
"28648","*****","310M200US31220","Ludington, MI Micro Area"
"87042","*****","310M200US31260","Lufkin, TX Micro Area"
"134535","*****","310M200US31300","Lumberton, NC Micro Area"
"253959","*****","310M200US31340","Lynchburg, VA Metro Area"
"32549","*****","310M200US31380","Macomb, IL Micro Area"
"232202","*****","310M200US31420","Macon, GA Metro Area"
"151435","*****","310M200US31460","Madera, CA Metro Area"
"32449","*****","310M200US31500","Madison, IN Micro Area"
"614019","*****","310M200US31540","Madison, WI Metro Area"
"46810","*****","310M200US31580","Madisonville, KY Micro Area"
"24512","*****","310M200US31620","Magnolia, AR Micro Area"
"51676","*****","310M200US31660","Malone, NY Micro Area"
"33182","*****","310M200US31680","Malvern, AR Micro Area"
"402017","*****","310M200US31700","Manchester-Nashua, NH Metro Area"
"95252","*****","310M200US31740","Manhattan, KS Metro Area"
"81098","*****","310M200US31820","Manitowoc, WI Micro Area"
"97353","*****","310M200US31860","Mankato-North Mankato, MN Metro Area"
"123387","*****","310M200US31900","Mansfield, OH Metro Area"
"61600","*****","310M200US31930","Marietta, OH Micro Area"
"65549","*****","310M200US31940","Marinette, WI-MI Micro Area"
"69671","*****","310M200US31980","Marion, IN Micro Area"
"44963","*****","310M200US32000","Marion, NC Micro Area"
"66323","*****","310M200US32020","Marion, OH Micro Area"
"67358","*****","310M200US32100","Marquette, MI Micro Area"
"25703","*****","310M200US32140","Marshall, MN Micro Area"
"23324","*****","310M200US32180","Marshall, MO Micro Area"
"66467","*****","310M200US32220","Marshall, TX Micro Area"
"40800","*****","310M200US32260","Marshalltown, IA Micro Area"
"34779","*****","310M200US32280","Martin, TN Micro Area"
"67259","*****","310M200US32300","Martinsville, VA Micro Area"
"23347","*****","310M200US32340","Maryville, MO Micro Area"
"51494","*****","310M200US32380","Mason City, IA Micro Area"
"104312","*****","310M200US32420","Mayagüez, PR Metro Area"
"37329","*****","310M200US32460","Mayfield, KY Micro Area"
"17452","*****","310M200US32500","Maysville, KY Micro Area"
"45417","*****","310M200US32540","McAlester, OK Micro Area"
"790646","*****","310M200US32580","McAllen-Edinburg-Mission, TX Metro Area"
"53330","*****","310M200US32620","McComb, MS Micro Area"
"39861","*****","310M200US32660","McMinnville, TN Micro Area"
"29297","*****","310M200US32700","McPherson, KS Micro Area"
"88173","*****","310M200US32740","Meadville, PA Micro Area"
"205117","*****","310M200US32780","Medford, OR Metro Area"
"1331931","*****","310M200US32820","Memphis, TN-MS-AR Metro Area"
"43871","*****","310M200US32860","Menomonie, WI Micro Area"
"258707","*****","310M200US32900","Merced, CA Metro Area"
"107334","*****","310M200US32940","Meridian, MS Micro Area"
"28650","*****","310M200US32980","Merrill, WI Micro Area"
"25584","*****","310M200US33020","Mexico, MO Micro Area"
"32029","*****","310M200US33060","Miami, OK Micro Area"
"5673185","*****","310M200US33100","Miami-Fort Lauderdale-West Palm Beach, FL Metro Area"
"111310","*****","310M200US33140","Michigan City-La Porte, IN Metro Area"
"28409","*****","310M200US33180","Middlesborough, KY Micro Area"
"83842","*****","310M200US33220","Midland, MI Metro Area"
"147245","*****","310M200US33260","Midland, TX Metro Area"
"55251","*****","310M200US33300","Milledgeville, GA Micro Area"
"1560621","*****","310M200US33340","Milwaukee-Waukesha-West Allis, WI Metro Area"
"28017","*****","310M200US33420","Mineral Wells, TX Micro Area"
"3391191","*****","310M200US33460","Minneapolis-St. Paul-Bloomington, MN-WI Metro Area"
"72113","*****","310M200US33500","Minot, ND Micro Area"
"110243","*****","310M200US33540","Missoula, MT Metro Area"
"22999","*****","310M200US33580","Mitchell, SD Micro Area"
"25253","*****","310M200US33620","Moberly, MO Micro Area"
"413188","*****","310M200US33660","Mobile, AL Metro Area"
"518321","*****","310M200US33700","Modesto, CA Metro Area"
"177217","*****","310M200US33740","Monroe, LA Metro Area"
"151408","*****","310M200US33780","Monroe, MI Metro Area"
"374868","*****","310M200US33860","Montgomery, AL Metro Area"
"41020","*****","310M200US33940","Montrose, CO Micro Area"
"67198","*****","310M200US33980","Morehead City, NC Micro Area"
"54078","*****","310M200US34020","Morgan City, LA Micro Area"
"132149","*****","310M200US34060","Morgantown, WV Metro Area"
"114480","*****","310M200US34100","Morristown, TN Metro Area"
"37636","*****","310M200US34140","Moscow, ID Micro Area"
"90202","*****","310M200US34180","Moses Lake, WA Micro Area"
"45781","*****","310M200US34220","Moultrie, GA Micro Area"
"41281","*****","310M200US34260","Mountain Home, AR Micro Area"
"26528","*****","310M200US34300","Mountain Home, ID Micro Area"
"73486","*****","310M200US34340","Mount Airy, NC Micro Area"
"70400","*****","310M200US34380","Mount Pleasant, MI Micro Area"
"32360","*****","310M200US34420","Mount Pleasant, TX Micro Area"
"44828","*****","310M200US34460","Mount Sterling, KY Micro Area"
"38769","*****","310M200US34500","Mount Vernon, IL Micro Area"
"60925","*****","310M200US34540","Mount Vernon, OH Micro Area"
"117641","*****","310M200US34580","Mount Vernon-Anacortes, WA Metro Area"
"117575","*****","310M200US34620","Muncie, IN Metro Area"
"37383","*****","310M200US34660","Murray, KY Micro Area"
"42798","*****","310M200US34700","Muscatine, IA Micro Area"
"171153","*****","310M200US34740","Muskegon, MI Metro Area"
"70657","*****","310M200US34780","Muskogee, OK Micro Area"
"387012","*****","310M200US34820","Myrtle Beach-Conway-North Myrtle Beach, SC-NC Metro Area"
"65085","*****","310M200US34860","Nacogdoches, TX Micro Area"
"137837","*****","310M200US34900","Napa, CA Metro Area"
"328209","*****","310M200US34940","Naples-Immokalee-Marco Island, FL Metro Area"
"1702603","*****","310M200US34980","Nashville-Davidson--Murfreesboro--Franklin, TN Metro Area"
"52960","*****","310M200US35020","Natchez, MS-LA Micro Area"
"39403","*****","310M200US35060","Natchitoches, LA Micro Area"
"127350","*****","310M200US35100","New Bern, NC Metro Area"
"37514","*****","310M200US35140","Newberry, SC Micro Area"
"49275","*****","310M200US35220","New Castle, IN Micro Area"
"90374","*****","310M200US35260","New Castle, PA Micro Area"
"862611","*****","310M200US35300","New Haven-Milford, CT Metro Area"
"1209239","*****","310M200US35380","New Orleans-Metairie, LA Metro Area"
"92528","*****","310M200US35420","New Philadelphia-Dover, OH Micro Area"
"46070","*****","310M200US35440","Newport, OR Micro Area"
"35596","*****","310M200US35460","Newport, TN Micro Area"
"36710","*****","310M200US35500","Newton, IA Micro Area"
"25643","*****","310M200US35580","New Ulm, MN Micro Area"
"19716880","*****","310M200US35620","New York-Newark-Jersey City, NY-NJ-PA Metro Area"
"156290","*****","310M200US35660","Niles-Benton Harbor, MI Metro Area"
"47122","*****","310M200US35700","Nogales, AZ Micro Area"
"48354","*****","310M200US35740","Norfolk, NE Micro Area"
"37297","105","310M200US35820","North Platte, NE Micro Area"
"712581","*****","310M200US35840","North Port-Sarasota-Bradenton, FL Metro Area"
"28324","*****","310M200US35860","North Vernon, IN Micro Area"
"69184","*****","310M200US35900","North Wilkesboro, NC Micro Area"
"59390","*****","310M200US35940","Norwalk, OH Micro Area"
"274090","*****","310M200US35980","Norwich-New London, CT Metro Area"
"78806","*****","310M200US36020","Oak Harbor, WA Micro Area"
"333503","*****","310M200US36100","Ocala, FL Metro Area"
"96684","*****","310M200US36140","Ocean City, NJ Metro Area"
"141542","*****","310M200US36220","Odessa, TX Metro Area"
"605609","*****","310M200US36260","Ogden-Clearfield, UT Metro Area"
"112097","*****","310M200US36300","Ogdensburg-Massena, NY Micro Area"
"54590","*****","310M200US36340","Oil City, PA Micro Area"
"39642","*****","310M200US36380","Okeechobee, FL Micro Area"
"1277830","*****","310M200US36420","Oklahoma City, OK Metro Area"
"79735","*****","310M200US36460","Olean, NY Micro Area"
"256080","*****","310M200US36500","Olympia-Tumwater, WA Metro Area"
"876355","*****","310M200US36540","Omaha-Council Bluffs, NE-IA Metro Area"
"62029","*****","310M200US36580","Oneonta, NY Micro Area"
"53527","*****","310M200US36620","Ontario, OR-ID Micro Area"
"83534","*****","310M200US36660","Opelousas, LA Micro Area"
"91836","*****","310M200US36700","Orangeburg, SC Micro Area"
"2183363","*****","310M200US36740","Orlando-Kissimmee-Sanford, FL Metro Area"
"167860","*****","310M200US36780","Oshkosh-Neenah, WI Metro Area"
"22428","*****","310M200US36820","Oskaloosa, IA Micro Area"
"18802","*****","310M200US36830","Othello, WA Micro Area"
"25870","*****","310M200US36840","Ottawa, KS Micro Area"
"153816","*****","310M200US36860","Ottawa-Peru, IL Micro Area"
"44224","*****","310M200US36900","Ottumwa, IA Micro Area"
"36512","*****","310M200US36940","Owatonna, MN Micro Area"
"115362","*****","310M200US36980","Owensboro, KY Metro Area"
"69910","*****","310M200US37020","Owosso, MI Micro Area"
"48905","*****","310M200US37060","Oxford, MS Micro Area"
"58188","*****","310M200US37080","Oxford, NC Micro Area"
"829017","*****","310M200US37100","Oxnard-Thousand Oaks-Ventura, CA Metro Area"
"50102","*****","310M200US37120","Ozark, AL Micro Area"
"98641","*****","310M200US37140","Paducah, KY-IL Micro Area"
"43368","*****","310M200US37220","Pahrump, NV Micro Area"
"73683","*****","310M200US37260","Palatka, FL Micro Area"
"58262","*****","310M200US37300","Palestine, TX Micro Area"
"545667","*****","310M200US37340","Palm Bay-Melbourne-Titusville, FL Metro Area"
"22777","*****","310M200US37420","Pampa, TX Micro Area"
"186497","*****","310M200US37460","Panama City, FL Metro Area"
"42580","*****","310M200US37500","Paragould, AR Micro Area"
"32293","*****","310M200US37540","Paris, TN Micro Area"
"49751","*****","310M200US37580","Paris, TX Micro Area"
"92575","*****","310M200US37620","Parkersburg-Vienna, WV Metro Area"
"21369","*****","310M200US37660","Parsons, KS Micro Area"
"53335","*****","310M200US37740","Payson, AZ Micro Area"
"13775","*****","310M200US37780","Pecos, TX Micro Area"
"456374","*****","310M200US37860","Pensacola-Ferry Pass-Brent, FL Metro Area"
"380163","*****","310M200US37900","Peoria, IL Metro Area"
"36624","*****","310M200US37940","Peru, IN Micro Area"
"5992766","*****","310M200US37980","Philadelphia-Camden-Wilmington, PA-NJ-DE-MD Metro Area"
"4268289","*****","310M200US38060","Phoenix-Mesa-Scottsdale, AZ Metro Area"
"55569","*****","310M200US38100","Picayune, MS Micro Area"
"21624","117","310M200US38180","Pierre, SD Micro Area"
"98578","*****","310M200US38220","Pine Bluff, AR Metro Area"
"89425","*****","310M200US38240","Pinehurst-Southern Pines, NC Micro Area"
"39182","*****","310M200US38260","Pittsburg, KS Micro Area"
"2358746","*****","310M200US38300","Pittsburgh, PA Metro Area"
"130545","*****","310M200US38340","Pittsfield, MA Metro Area"
"36150","*****","310M200US38380","Plainview, TX Micro Area"
"51080","*****","310M200US38420","Platteville, WI Micro Area"
"81865","*****","310M200US38460","Plattsburgh, NY Micro Area"
"47057","*****","310M200US38500","Plymouth, IN Micro Area"
"83091","*****","310M200US38540","Pocatello, ID Metro Area"
"58130","*****","310M200US38580","Point Pleasant, WV-OH Micro Area"
"46122","*****","310M200US38620","Ponca City, OK Micro Area"
"343990","*****","310M200US38660","Ponce, PR Metro Area"
"38687","*****","310M200US38700","Pontiac, IL Micro Area"
"42946","*****","310M200US38740","Poplar Bluff, MO Micro Area"
"19984","*****","310M200US38780","Portales, NM Micro Area"
"71731","*****","310M200US38820","Port Angeles, WA Micro Area"
"41372","*****","310M200US38840","Port Clinton, OH Micro Area"
"516460","*****","310M200US38860","Portland-South Portland, ME Metro Area"
"2260591","*****","310M200US38900","Portland-Vancouver-Hillsboro, OR-WA Metro Area"
"21503","*****","310M200US38920","Port Lavaca, TX Micro Area"
"428801","*****","310M200US38940","Port St. Lucie, FL Metro Area"
"78952","*****","310M200US39020","Portsmouth, OH Micro Area"
"147700","*****","310M200US39060","Pottsville, PA Micro Area"
"211968","*****","310M200US39140","Prescott, AZ Metro Area"
"21227","*****","310M200US39220","Price, UT Micro Area"
"20894","*****","310M200US39260","Prineville, OR Micro Area"
"1601565","*****","310M200US39300","Providence-Warwick, RI-MA Metro Area"
"539562","*****","310M200US39340","Provo-Orem, UT Metro Area"
"160048","*****","310M200US39380","Pueblo, CO Metro Area"
"45512","*****","310M200US39420","Pullman, WA Micro Area"
"161276","*****","310M200US39460","Punta Gorda, FL Metro Area"
"77345","*****","310M200US39500","Quincy, IL-MO Micro Area"
"195045","*****","310M200US39540","Racine, WI Metro Area"
"1162689","*****","310M200US39580","Raleigh, NC Metro Area"
"136972","*****","310M200US39660","Rapid City, SD Metro Area"
"22039","*****","310M200US39700","Raymondville, TX Micro Area"
"412078","*****","310M200US39740","Reading, PA Metro Area"
"63241","*****","310M200US39780","Red Bluff, CA Micro Area"
"177966","*****","310M200US39820","Redding, CA Metro Area"
"46259","*****","310M200US39860","Red Wing, MN Micro Area"
"429476","*****","310M200US39900","Reno, NV Metro Area"
"50630","*****","310M200US39940","Rexburg, ID Micro Area"
"68557","*****","310M200US39980","Richmond, IN Micro Area"
"1221729","*****","310M200US40060","Richmond, VA Metro Area"
"100973","*****","310M200US40080","Richmond-Berea, KY Micro Area"
"61351","*****","310M200US40100","Rio Grande City, TX Micro Area"
"4285443","*****","310M200US40140","Riverside-San Bernardino-Ontario, CA Metro Area"
"40517","*****","310M200US40180","Riverton, WY Micro Area"
"309599","*****","310M200US40220","Roanoke, VA Metro Area"
"75896","*****","310M200US40260","Roanoke Rapids, NC Micro Area"
"53092","*****","310M200US40300","Rochelle, IL Micro Area"
"208641","*****","310M200US40340","Rochester, MN Metro Area"
"1081126","*****","310M200US40380","Rochester, NY Metro Area"
"347452","*****","310M200US40420","Rockford, IL Metro Area"
"46534","*****","310M200US40460","Rockingham, NC Micro Area"
"44437","*****","310M200US40540","Rock Springs, WY Micro Area"
"151620","*****","310M200US40580","Rocky Mount, NC Metro Area"
"44969","*****","310M200US40620","Rolla, MO Micro Area"
"96147","*****","310M200US40660","Rome, GA Metro Area"
"107286","*****","310M200US40700","Roseburg, OR Micro Area"
"65627","*****","310M200US40740","Roswell, NM Micro Area"
"84262","*****","310M200US40780","Russellville, AR Micro Area"
"46926","*****","310M200US40820","Ruston, LA Micro Area"
"61270","*****","310M200US40860","Rutland, VT Micro Area"
"2174401","*****","310M200US40900","Sacramento--Roseville--Arden-Arcade, CA Metro Area"
"37168","*****","310M200US40940","Safford, AZ Micro Area"
"198841","*****","310M200US40980","Saginaw, MI Metro Area"
"189809","*****","310M200US41060","St. Cloud, MN Metro Area"
"141902","*****","310M200US41100","St. George, UT Metro Area"
"127516","*****","310M200US41140","St. Joseph, MO-KS Metro Area"
"2792127","*****","310M200US41180","St. Louis, MO-IL Metro Area"
"50799","*****","310M200US41220","St. Marys, GA Micro Area"
"107078","*****","310M200US41400","Salem, OH Micro Area"
"394371","*****","310M200US41420","Salem, OR Metro Area"
"61711","*****","310M200US41460","Salina, KS Micro Area"
"420569","*****","310M200US41500","Salinas, CA Metro Area"
"378141","*****","310M200US41540","Salisbury, MD-DE Metro Area"
"1107434","*****","310M200US41620","Salt Lake City, UT Metro Area"
"113572","121","310M200US41660","San Angelo, TX Metro Area"
"2192724","*****","310M200US41700","San Antonio-New Braunfels, TX Metro Area"
"3138265","*****","310M200US41740","San Diego-Carlsbad, CA Metro Area"
"40743","*****","310M200US41760","Sandpoint, ID Micro Area"
"76634","*****","310M200US41780","Sandusky, OH Micro Area"
"58735","*****","310M200US41820","Sanford, NC Micro Area"
"4402729","*****","310M200US41860","San Francisco-Oakland-Hayward, CA Metro Area"
"136355","*****","310M200US41900","San Germán, PR Metro Area"
"1868323","*****","310M200US41940","San Jose-Sunnyvale-Santa Clara, CA Metro Area"
"2324828","*****","310M200US41980","San Juan-Carolina-Caguas, PR Metro Area"
"272094","*****","310M200US42020","San Luis Obispo-Paso Robles-Arroyo Grande, CA Metro Area"
"264808","*****","310M200US42100","Santa Cruz-Watsonville, CA Metro Area"
"145400","*****","310M200US42140","Santa Fe, NM Metro Area"
"23231","*****","310M200US42180","Santa Isabel, PR Micro Area"
"427288","*****","310M200US42200","Santa Maria-Santa Barbara, CA Metro Area"
"487469","*****","310M200US42220","Santa Rosa, CA Metro Area"
"38760","*****","310M200US42300","Sault Ste. Marie, MI Micro Area"
"355473","*****","310M200US42340","Savannah, GA Metro Area"
"62624","*****","310M200US42380","Sayre, PA Micro Area"
"38928","*****","310M200US42420","Scottsbluff, NE Micro Area"
"53171","*****","310M200US42460","Scottsboro, AL Micro Area"
"563279","*****","310M200US42540","Scranton--Wilkes-Barre--Hazleton, PA Metro Area"
"77767","*****","310M200US42620","Searcy, AR Micro Area"
"3504628","*****","310M200US42660","Seattle-Tacoma-Bellevue, WA Metro Area"
"139356","*****","310M200US42680","Sebastian-Vero Beach, FL Metro Area"
"98275","*****","310M200US42700","Sebring, FL Metro Area"
"42146","*****","310M200US42740","Sedalia, MO Micro Area"
"39711","*****","310M200US42780","Selinsgrove, PA Micro Area"
"43091","*****","310M200US42820","Selma, AL Micro Area"
"74419","*****","310M200US42860","Seneca, SC Micro Area"
"35359","*****","310M200US42900","Seneca Falls, NY Micro Area"
"91295","*****","310M200US42940","Sevierville, TN Micro Area"
"42769","*****","310M200US42980","Seymour, IN Micro Area"
"46068","*****","310M200US43020","Shawano, WI Micro Area"
"70144","*****","310M200US43060","Shawnee, OK Micro Area"
"115235","*****","310M200US43100","Sheboygan, WI Metro Area"
"97670","*****","310M200US43140","Shelby, NC Micro Area"
"45339","*****","310M200US43180","Shelbyville, TN Micro Area"
"60647","*****","310M200US43220","Shelton, WA Micro Area"
"29376","*****","310M200US43260","Sheridan, WY Micro Area"
"121292","*****","310M200US43300","Sherman-Denison, TX Metro Area"
"107326","*****","310M200US43320","Show Low, AZ Micro Area"
"443350","*****","310M200US43340","Shreveport-Bossier City, LA Metro Area"
"49317","*****","310M200US43380","Sidney, OH Micro Area"
"131038","*****","310M200US43420","Sierra Vista-Douglas, AZ Metro Area"
"39216","*****","310M200US43460","Sikeston, MO Micro Area"
"29471","*****","310M200US43500","Silver City, NM Micro Area"
"168526","*****","310M200US43580","Sioux City, IA-NE-SD Metro Area"
"233750","*****","310M200US43620","Sioux Falls, SD Metro Area"
"17014","*****","310M200US43660","Snyder, TX Micro Area"
"63369","*****","310M200US43700","Somerset, KY Micro Area"
"77341","*****","310M200US43740","Somerset, PA Micro Area"
"54728","*****","310M200US43760","Sonora, CA Micro Area"
"318906","*****","310M200US43780","South Bend-Mishawaka, IN-MI Metro Area"
"315383","*****","310M200US43900","Spartanburg, SC Metro Area"
"24305","*****","310M200US43940","Spearfish, SD Micro Area"
"16604","*****","310M200US43980","Spencer, IA Micro Area"
"16818","*****","310M200US44020","Spirit Lake, IA Micro Area"
"530301","*****","310M200US44060","Spokane-Spokane Valley, WA Metro Area"
"210956","*****","310M200US44100","Springfield, IL Metro Area"
"624411","*****","310M200US44140","Springfield, MA Metro Area"
"441050","*****","310M200US44180","Springfield, MO Metro Area"
"137763","*****","310M200US44220","Springfield, OH Metro Area"
"48198","*****","310M200US44260","Starkville, MS Micro Area"
"154460","*****","310M200US44300","State College, PA Metro Area"
"71190","*****","310M200US44340","Statesboro, GA Micro Area"
"118814","*****","310M200US44420","Staunton-Waynesboro, VA Metro Area"
"23409","*****","310M200US44460","Steamboat Springs, CO Micro Area"
"38744","*****","310M200US44500","Stephenville, TX Micro Area"
"22607","*****","310M200US44540","Sterling, CO Micro Area"
"58150","*****","310M200US44580","Sterling, IL Micro Area"
"70136","*****","310M200US44620","Stevens Point, WI Micro Area"
"77897","*****","310M200US44660","Stillwater, OK Micro Area"
"693177","*****","310M200US44700","Stockton-Lodi, CA Metro Area"
"20350","*****","310M200US44740","Storm Lake, IA Micro Area"
"61111","*****","310M200US44780","Sturgis, MI Micro Area"
"35295","*****","310M200US44860","Sulphur Springs, TX Micro Area"
"25670","*****","310M200US44900","Summerville, GA Micro Area"
"37232","*****","310M200US44920","Summit Park, UT Micro Area"
"107645","*****","310M200US44940","Sumter, SC Metro Area"
"94444","*****","310M200US44980","Sunbury, PA Micro Area"
"34018","*****","310M200US45000","Susanville, CA Micro Area"
"15087","*****","310M200US45020","Sweetwater, TX Micro Area"
"661838","*****","310M200US45060","Syracuse, NY Metro Area"
"47488","*****","310M200US45140","Tahlequah, OK Micro Area"
"93043","*****","310M200US45180","Talladega-Sylacauga, AL Micro Area"
"370777","*****","310M200US45220","Tallahassee, FL Metro Area"
"2819241","*****","310M200US45300","Tampa-St. Petersburg-Clearwater, FL Metro Area"
"32899","*****","310M200US45340","Taos, NM Micro Area"
"34651","*****","310M200US45380","Taylorville, IL Micro Area"
"172368","*****","310M200US45460","Terre Haute, IN Metro Area"
"149358","*****","310M200US45500","Texarkana, TX-AR Metro Area"
"25281","*****","310M200US45520","The Dalles, OR Micro Area"
"98409","*****","310M200US45540","The Villages, FL Metro Area"
"26918","*****","310M200US45580","Thomaston, GA Micro Area"
"44692","*****","310M200US45620","Thomasville, GA Micro Area"
"56376","*****","310M200US45660","Tiffin, OH Micro Area"
"40537","*****","310M200US45700","Tifton, GA Micro Area"
"25910","*****","310M200US45740","Toccoa, GA Micro Area"
"609437","*****","310M200US45780","Toledo, OH Metro Area"
"234089","*****","310M200US45820","Topeka, KS Metro Area"
"188629","*****","310M200US45860","Torrington, CT Micro Area"
"144480","*****","310M200US45900","Traverse City, MI Micro Area"
"368094","*****","310M200US45940","Trenton, NJ Metro Area"
"32977","*****","310M200US45980","Troy, AL Micro Area"
"98509","*****","310M200US46020","Truckee-Grass Valley, CA Micro Area"
"986891","*****","310M200US46060","Tucson, AZ Metro Area"
"100343","*****","310M200US46100","Tullahoma-Manchester, TN Micro Area"
"945802","*****","310M200US46140","Tulsa, OK Metro Area"
"137537","*****","310M200US46180","Tupelo, MS Micro Area"
"231934","*****","310M200US46220","Tuscaloosa, AL Metro Area"
"100458","*****","310M200US46300","Twin Falls, ID Micro Area"
"212227","*****","310M200US46340","Tyler, TX Metro Area"
"87497","*****","310M200US46380","Ukiah, CA Micro Area"
"38216","*****","310M200US46460","Union City, TN-KY Micro Area"
"39855","*****","310M200US46500","Urbana, OH Micro Area"
"964678","*****","310M200US46520","Urban Honolulu, HI Metro Area"
"298634","*****","310M200US46540","Utica-Rome, NY Metro Area"
"26578","*****","310M200US46620","Uvalde, TX Micro Area"
"141522","*****","310M200US46660","Valdosta, GA Metro Area"
"417258","*****","310M200US46700","Vallejo-Fairfield, CA Metro Area"
"34145","*****","310M200US46740","Valley, AL Micro Area"
"28685","*****","310M200US46780","Van Wert, OH Micro Area"
"13953","*****","310M200US46820","Vermillion, SD Micro Area"
"33722","*****","310M200US46860","Vernal, UT Micro Area"
"13371","*****","310M200US46900","Vernon, TX Micro Area"
"57942","*****","310M200US46980","Vicksburg, MS Micro Area"
"95349","*****","310M200US47020","Victoria, TX Metro Area"
"36279","*****","310M200US47080","Vidalia, GA Micro Area"
"38266","*****","310M200US47180","Vincennes, IN Micro Area"
"157342","*****","310M200US47220","Vineland-Bridgeton, NJ Metro Area"
"16739","*****","310M200US47240","Vineyard Haven, MA Micro Area"
"1688238","*****","310M200US47260","Virginia Beach-Norfolk-Newport News, VA-NC Metro Area"
"446644","*****","310M200US47300","Visalia-Porterville, CA Metro Area"
"32650","*****","310M200US47340","Wabash, IN Micro Area"
"255035","*****","310M200US47380","Waco, TX Metro Area"
"22834","*****","310M200US47420","Wahpeton, ND-MN Micro Area"
"63119","*****","310M200US47460","Walla Walla, WA Metro Area"
"45906","*****","310M200US47540","Wapakoneta, OH Micro Area"
"182461","*****","310M200US47580","Warner Robins, GA Metro Area"
"41429","*****","310M200US47620","Warren, PA Micro Area"
"53517","*****","310M200US47660","Warrensburg, MO Micro Area"
"77527","*****","310M200US47700","Warsaw, IN Micro Area"
"31928","*****","310M200US47780","Washington, IN Micro Area"
"47575","*****","310M200US47820","Washington, NC Micro Area"
"5759330","*****","310M200US47900","Washington-Arlington-Alexandria, DC-VA-MD-WV Metro Area"
"28902","*****","310M200US47920","Washington Court House, OH Micro Area"
"168271","*****","310M200US47940","Waterloo-Cedar Falls, IA Metro Area"
"27439","*****","310M200US47980","Watertown, SD Micro Area"
"83985","*****","310M200US48020","Watertown-Fort Atkinson, WI Micro Area"
"118073","*****","310M200US48060","Watertown-Fort Drum, NY Metro Area"
"27336","*****","310M200US48100","Wauchula, FL Micro Area"
"134497","*****","310M200US48140","Wausau, WI Metro Area"
"54782","*****","310M200US48180","Waycross, GA Micro Area"
"28092","*****","310M200US48220","Weatherford, OK Micro Area"
"123377","*****","310M200US48260","Weirton-Steubenville, WV-OH Metro Area"
"111854","*****","310M200US48300","Wenatchee, WA Metro Area"
"40458","*****","310M200US48460","West Plains, MO Micro Area"
"146986","*****","310M200US48540","Wheeling, WV-OH Metro Area"
"102619","*****","310M200US48580","Whitewater-Elkhorn, WI Micro Area"
"633020","*****","310M200US48620","Wichita, KS Metro Area"
"150862","*****","310M200US48660","Wichita Falls, TX Metro Area"
"116604","*****","310M200US48700","Williamsport, PA Metro Area"
"25024","*****","310M200US48780","Williston, ND Micro Area"
"42265","*****","310M200US48820","Willmar, MN Micro Area"
"259815","*****","310M200US48900","Wilmington, NC Metro Area"
"42013","*****","310M200US48940","Wilmington, OH Micro Area"
"81365","*****","310M200US48980","Wilson, NC Micro Area"
"129786","*****","310M200US49020","Winchester, VA-WV Metro Area"
"16800","*****","310M200US49080","Winnemucca, NV Micro Area"
"51328","*****","310M200US49100","Winona, MN Micro Area"
"644250","*****","310M200US49180","Winston-Salem, NC Metro Area"
"74469","*****","310M200US49220","Wisconsin Rapids-Marshfield, WI Micro Area"
"20483","*****","310M200US49260","Woodward, OK Micro Area"
"114750","*****","310M200US49300","Wooster, OH Micro Area"
"920803","*****","310M200US49340","Worcester, MA-CT Metro Area"
"21490","*****","310M200US49380","Worthington, MN Micro Area"
"244654","*****","310M200US49420","Yakima, WA Metro Area"
"22518","*****","310M200US49460","Yankton, SD Micro Area"
"436339","*****","310M200US49620","York-Hanover, PA Metro Area"
"561884","*****","310M200US49660","Youngstown-Warren-Boardman, OH-PA Metro Area"
"167361","*****","310M200US49700","Yuba City, CA Metro Area"
"199026","*****","310M200US49740","Yuma, AZ Metro Area"
"85872","*****","310M200US49780","Zanesville, OH Micro Area"
"14164","*****","310M200US49820","Zapata, TX Micro Area"
