"B01003_001E","B01003_001M","GEO_ID","NAME"
"Estimate!!Total","Margin of Error!!Total","id","Geographic Area Name"
"42864","*****","310M600US10100","Aberdeen, SD Micro Area"
"73769","*****","310M600US10140","Aberdeen, WA Micro Area"
"171354","*****","310M600US10180","Abilene, TX Metro Area"
"38385","*****","310M600US10220","Ada, OK Micro Area"
"98310","*****","310M600US10300","Adrian, MI Micro Area"
"295172","*****","310M600US10380","Aguadilla-Isabela, PR Metro Area"
"703286","*****","310M600US10420","Akron, OH Metro Area"
"66804","*****","310M600US10460","Alamogordo, NM Micro Area"
"147431","*****","310M600US10500","Albany, GA Metro Area"
"127216","*****","310M600US10540","Albany-Lebanon, OR Metro Area"
"880766","*****","310M600US10580","Albany-Schenectady-Troy, NY Metro Area"
"62050","*****","310M600US10620","Albemarle, NC Micro Area"
"30465","*****","310M600US10660","Albert Lea, MN Micro Area"
"96137","*****","310M600US10700","Albertville, AL Micro Area"
"915986","*****","310M600US10740","Albuquerque, NM Metro Area"
"51146","*****","310M600US10760","Alexander City, AL Micro Area"
"152715","*****","310M600US10780","Alexandria, LA Metro Area"
"37820","*****","310M600US10820","Alexandria, MN Micro Area"
"51990","*****","310M600US10860","Alice, TX Micro Area"
"841265","*****","310M600US10900","Allentown-Bethlehem-Easton, PA-NJ Metro Area"
"40692","*****","310M600US10940","Alma, MI Micro Area"
"28431","*****","310M600US10980","Alpena, MI Micro Area"
"122495","3","310M600US11020","Altoona, PA Metro Area"
"24808","*****","310M600US11060","Altus, OK Micro Area"
"264345","144","310M600US11100","Amarillo, TX Metro Area"
"34929","*****","310M600US11140","Americus, GA Micro Area"
"123736","*****","310M600US11180","Ames, IA Metro Area"
"49294","*****","310M600US11220","Amsterdam, NY Micro Area"
"399450","*****","310M600US11260","Anchorage, AK Metro Area"
"18227","*****","310M600US11380","Andrews, TX Micro Area"
"34591","*****","310M600US11420","Angola, IN Micro Area"
"368385","*****","310M600US11460","Ann Arbor, MI Metro Area"
"114324","*****","310M600US11500","Anniston-Oxford, AL Metro Area"
"236834","*****","310M600US11540","Appleton, WI Metro Area"
"37371","*****","310M600US11580","Arcadia, FL Micro Area"
"58508","*****","310M600US11620","Ardmore, OK Micro Area"
"177570","*****","310M600US11640","Arecibo, PR Metro Area"
"22341","*****","310M600US11660","Arkadelphia, AR Micro Area"
"459344","*****","310M600US11700","Asheville, NC Metro Area"
"53533","*****","310M600US11740","Ashland, OH Micro Area"
"97416","*****","310M600US11780","Ashtabula, OH Micro Area"
"39656","*****","310M600US11820","Astoria, OR Micro Area"
"16210","*****","310M600US11860","Atchison, KS Micro Area"
"65945","*****","310M600US11900","Athens, OH Micro Area"
"53392","*****","310M600US11940","Athens, TN Micro Area"
"81969","*****","310M600US11980","Athens, TX Micro Area"
"210810","*****","310M600US12020","Athens-Clarke County, GA Metro Area"
"5947008","*****","310M600US12060","Atlanta-Sandy Springs-Alpharetta, GA Metro Area"
"264650","*****","310M600US12100","Atlantic City-Hammonton, NJ Metro Area"
"36775","*****","310M600US12120","Atmore, AL Micro Area"
"43193","*****","310M600US12140","Auburn, IN Micro Area"
"76958","*****","310M600US12180","Auburn, NY Micro Area"
"163461","*****","310M600US12220","Auburn-Opelika, AL Metro Area"
"605303","*****","310M600US12260","Augusta-Richmond County, GA-SC Metro Area"
"122158","*****","310M600US12300","Augusta-Waterville, ME Micro Area"
"39931","*****","310M600US12380","Austin, MN Micro Area"
"2173804","*****","310M600US12420","Austin-Round Rock-Georgetown, TX Metro Area"
"26595","*****","310M600US12460","Bainbridge, GA Micro Area"
"892458","*****","310M600US12540","Bakersfield, CA Metro Area"
"2800427","*****","310M600US12580","Baltimore-Columbia-Towson, MD Metro Area"
"151696","*****","310M600US12620","Bangor, ME Metro Area"
"64152","*****","310M600US12660","Baraboo, WI Micro Area"
"45915","*****","310M600US12680","Bardstown, KY Micro Area"
"213505","*****","310M600US12700","Barnstable Town, MA Metro Area"
"58336","*****","310M600US12740","Barre, VT Micro Area"
"51995","*****","310M600US12780","Bartlesville, OK Micro Area"
"57554","*****","310M600US12860","Batavia, NY Micro Area"
"54802","*****","310M600US12900","Batesville, AR Micro Area"
"856779","*****","310M600US12940","Baton Rouge, LA Metro Area"
"133943","*****","310M600US12980","Battle Creek, MI Metro Area"
"103506","*****","310M600US13020","Bay City, MI Metro Area"
"36791","*****","310M600US13060","Bay City, TX Micro Area"
"21548","*****","310M600US13100","Beatrice, NE Micro Area"
"394268","*****","310M600US13140","Beaumont-Port Arthur, TX Metro Area"
"87569","*****","310M600US13180","Beaver Dam, WI Micro Area"
"117539","*****","310M600US13220","Beckley, WV Metro Area"
"45552","*****","310M600US13260","Bedford, IN Micro Area"
"32609","*****","310M600US13300","Beeville, TX Micro Area"
"45315","*****","310M600US13340","Bellefontaine, OH Micro Area"
"224538","*****","310M600US13380","Bellingham, WA Metro Area"
"46784","*****","310M600US13420","Bemidji, MN Micro Area"
"191749","*****","310M600US13460","Bend, OR Metro Area"
"26376","*****","310M600US13500","Bennettsville, SC Micro Area"
"35649","*****","310M600US13540","Bennington, VT Micro Area"
"31486","*****","310M600US13620","Berlin, NH Micro Area"
"43481","*****","310M600US13660","Big Rapids, MI Micro Area"
"36213","*****","310M600US13700","Big Spring, TX Micro Area"
"42001","*****","310M600US13720","Big Stone Gap, VA Micro Area"
"180641","*****","310M600US13740","Billings, MT Metro Area"
"240473","*****","310M600US13780","Binghamton, NY Metro Area"
"1088170","*****","310M600US13820","Birmingham-Hoover, AL Metro Area"
"128589","87","310M600US13900","Bismarck, ND Metro Area"
"46246","*****","310M600US13940","Blackfoot, ID Micro Area"
"167201","*****","310M600US13980","Blacksburg-Christiansburg, VA Metro Area"
"172164","*****","310M600US14010","Bloomington, IL Metro Area"
"168172","*****","310M600US14020","Bloomington, IN Metro Area"
"83568","*****","310M600US14100","Bloomsburg-Berwick, PA Metro Area"
"106905","*****","310M600US14140","Bluefield, WV-VA Micro Area"
"28010","*****","310M600US14160","Bluffton, IN Micro Area"
"41396","*****","310M600US14180","Blytheville, AR Micro Area"
"46325","*****","310M600US14220","Bogalusa, LA Micro Area"
"730483","*****","310M600US14260","Boise City, ID Metro Area"
"35046","*****","310M600US14300","Bonham, TX Micro Area"
"55669","*****","310M600US14380","Boone, NC Micro Area"
"21105","*****","310M600US14420","Borger, TX Micro Area"
"4854808","*****","310M600US14460","Boston-Cambridge-Newton, MA-NH Metro Area"
"324682","*****","310M600US14500","Boulder, CO Metro Area"
"176852","*****","310M600US14540","Bowling Green, KY Metro Area"
"111401","*****","310M600US14580","Bozeman, MT Micro Area"
"41021","*****","310M600US14620","Bradford, PA Micro Area"
"94237","*****","310M600US14660","Brainerd, MN Micro Area"
"55563","*****","310M600US14700","Branson, MO Micro Area"
"30735","*****","310M600US14720","Breckenridge, CO Micro Area"
"268945","*****","310M600US14740","Bremerton-Silverdale-Port Orchard, WA Metro Area"
"35275","*****","310M600US14780","Brenham, TX Micro Area"
"34039","*****","310M600US14820","Brevard, NC Micro Area"
"944306","*****","310M600US14860","Bridgeport-Stamford-Norwalk, CT Metro Area"
"34197","*****","310M600US15020","Brookhaven, MS Micro Area"
"22889","*****","310M600US15060","Brookings, OR Micro Area"
"35115","*****","310M600US15100","Brookings, SD Micro Area"
"17391","*****","310M600US15140","Brownsville, TN Micro Area"
"422135","*****","310M600US15180","Brownsville-Harlingen, TX Metro Area"
"37805","*****","310M600US15220","Brownwood, TX Micro Area"
"118149","*****","310M600US15260","Brunswick, GA Metro Area"
"41603","*****","310M600US15340","Bucyrus-Galion, OH Micro Area"
"1129018","*****","310M600US15380","Buffalo-Cheektowaga, NY Metro Area"
"44664","*****","310M600US15420","Burley, ID Micro Area"
"45964","*****","310M600US15460","Burlington, IA-IL Micro Area"
"166144","*****","310M600US15500","Burlington, NC Metro Area"
"219764","*****","310M600US15540","Burlington-South Burlington, VT Metro Area"
"34895","*****","310M600US15580","Butte-Silver Bow, MT Micro Area"
"48508","*****","310M600US15620","Cadillac, MI Micro Area"
"57756","*****","310M600US15660","Calhoun, GA Micro Area"
"113182","*****","310M600US15680","California-Lexington Park, MD Metro Area"
"31994","*****","310M600US15700","Cambridge, MD Micro Area"
"38996","*****","310M600US15740","Cambridge, OH Micro Area"
"28757","*****","310M600US15780","Camden, AR Micro Area"
"36572","*****","310M600US15820","Campbellsville, KY Micro Area"
"47725","*****","310M600US15860","Cañon City, CO Micro Area"
"398711","*****","310M600US15940","Canton-Massillon, OH Metro Area"
"756570","*****","310M600US15980","Cape Coral-Fort Myers, FL Metro Area"
"97026","*****","310M600US16020","Cape Girardeau, MO-IL Metro Area"
"136837","*****","310M600US16060","Carbondale-Marion, IL Metro Area"
"57865","*****","310M600US16100","Carlsbad-Artesia, NM Micro Area"
"20150","*****","310M600US16140","Carroll, IA Micro Area"
"55244","*****","310M600US16180","Carson City, NV Metro Area"
"80067","*****","310M600US16220","Casper, WY Metro Area"
"53148","*****","310M600US16260","Cedar City, UT Micro Area"
"271734","*****","310M600US16300","Cedar Rapids, IA Metro Area"
"42251","*****","310M600US16340","Cedartown, GA Micro Area"
"41034","*****","310M600US16380","Celina, OH Micro Area"
"30815","*****","310M600US16420","Central City, KY Micro Area"
"37524","*****","310M600US16460","Centralia, IL Micro Area"
"79430","*****","310M600US16500","Centralia, WA Micro Area"
"154954","*****","310M600US16540","Chambersburg-Waynesboro, PA Metro Area"
"226418","*****","310M600US16580","Champaign-Urbana, IL Metro Area"
"260920","*****","310M600US16620","Charleston, WV Metro Area"
"61852","*****","310M600US16660","Charleston-Mattoon, IL Micro Area"
"790955","*****","310M600US16700","Charleston-North Charleston, SC Metro Area"
"2595027","*****","310M600US16740","Charlotte-Concord-Gastonia, NC-SC Metro Area"
"217455","*****","310M600US16820","Charlottesville, VA Metro Area"
"561055","*****","310M600US16860","Chattanooga, TN-GA Metro Area"
"99272","*****","310M600US16940","Cheyenne, WY Metro Area"
"9478801","*****","310M600US16980","Chicago-Naperville-Elgin, IL-IN-WI Metro Area"
"223344","*****","310M600US17020","Chico, CA Metro Area"
"76816","*****","310M600US17060","Chillicothe, OH Micro Area"
"2214265","*****","310M600US17140","Cincinnati, OH-KY-IN Metro Area"
"92936","*****","310M600US17220","Clarksburg, WV Micro Area"
"22685","*****","310M600US17260","Clarksdale, MS Micro Area"
"304584","*****","310M600US17300","Clarksville, TN-KY Metro Area"
"64276","*****","310M600US17340","Clearlake, CA Micro Area"
"31253","*****","310M600US17380","Cleveland, MS Micro Area"
"123731","*****","310M600US17420","Cleveland, TN Metro Area"
"2053137","*****","310M600US17460","Cleveland-Elyria, OH Metro Area"
"41472","*****","310M600US17500","Clewiston, FL Micro Area"
"46734","*****","310M600US17540","Clinton, IA Micro Area"
"49502","*****","310M600US17580","Clovis, NM Micro Area"
"38603","*****","310M600US17620","Coamo, PR Micro Area"
"27638","*****","310M600US17640","Coco, PR Micro Area"
"161676","*****","310M600US17660","Coeur d'Alene, ID Metro Area"
"32114","*****","310M600US17700","Coffeyville, KS Micro Area"
"43428","*****","310M600US17740","Coldwater, MI Micro Area"
"261701","*****","310M600US17780","College Station-Bryan, TX Metro Area"
"735480","*****","310M600US17820","Colorado Springs, CO Metro Area"
"207248","*****","310M600US17860","Columbia, MO Metro Area"
"832925","*****","310M600US17900","Columbia, SC Metro Area"
"319643","*****","310M600US17980","Columbus, GA-AL Metro Area"
"83280","*****","310M600US18020","Columbus, IN Metro Area"
"58896","*****","310M600US18060","Columbus, MS Micro Area"
"33250","*****","310M600US18100","Columbus, NE Micro Area"
"2101543","*****","310M600US18140","Columbus, OH Metro Area"
"150902","*****","310M600US18180","Concord, NH Micro Area"
"23068","*****","310M600US18220","Connersville, IN Micro Area"
"112480","*****","310M600US18260","Cookeville, TN Micro Area"
"64175","*****","310M600US18300","Coos Bay, OR Micro Area"
"22509","*****","310M600US18380","Cordele, GA Micro Area"
"37058","*****","310M600US18420","Corinth, MS Micro Area"
"45204","*****","310M600US18460","Cornelia, GA Micro Area"
"95843","*****","310M600US18500","Corning, NY Micro Area"
"429120","*****","310M600US18580","Corpus Christi, TX Metro Area"
"49475","*****","310M600US18620","Corsicana, TX Micro Area"
"47618","*****","310M600US18660","Cortland, NY Micro Area"
"92168","*****","310M600US18700","Corvallis, OR Metro Area"
"36558","*****","310M600US18740","Coshocton, OH Micro Area"
"13150","*****","310M600US18780","Craig, CO Micro Area"
"38295","*****","310M600US18820","Crawfordsville, IN Micro Area"
"27692","*****","310M600US18860","Crescent City, CA Micro Area"
"278479","*****","310M600US18880","Crestview-Fort Walton Beach-Destin, FL Metro Area"
"60016","*****","310M600US18900","Crossville, TN Micro Area"
"83345","*****","310M600US18980","Cullman, AL Micro Area"
"57676","*****","310M600US19000","Cullowhee, NC Micro Area"
"98049","*****","310M600US19060","Cumberland, MD-WV Metro Area"
"7451858","*****","310M600US19100","Dallas-Fort Worth-Arlington, TX Metro Area"
"143911","*****","310M600US19140","Dalton, GA Metro Area"
"76704","*****","310M600US19180","Danville, IL Metro Area"
"54583","*****","310M600US19220","Danville, KY Micro Area"
"101535","*****","310M600US19260","Danville, VA Micro Area"
"218289","*****","310M600US19300","Daphne-Fairhope-Foley, AL Metro Area"
"380274","*****","310M600US19340","Davenport-Moline-Rock Island, IA-IL Metro Area"
"32964","*****","310M600US19420","Dayton, TN Micro Area"
"805929","*****","310M600US19430","Dayton-Kettering, OH Metro Area"
"152321","*****","310M600US19460","Decatur, AL Metro Area"
"104688","*****","310M600US19500","Decatur, IL Metro Area"
"35544","*****","310M600US19540","Decatur, IN Micro Area"
"38024","*****","310M600US19580","Defiance, OH Micro Area"
"49018","*****","310M600US19620","Del Rio, TX Micro Area"
"658961","*****","310M600US19660","Deltona-Daytona Beach-Ormond Beach, FL Metro Area"
"24022","*****","310M600US19700","Deming, NM Micro Area"
"2928437","*****","310M600US19740","Denver-Aurora-Lakewood, CO Metro Area"
"37387","*****","310M600US19760","DeRidder, LA Micro Area"
"690585","*****","310M600US19780","Des Moines-West Des Moines, IA Metro Area"
"4317384","*****","310M600US19820","Detroit-Warren-Dearborn, MI Metro Area"
"32050","115","310M600US19860","Dickinson, ND Micro Area"
"34204","*****","310M600US19940","Dixon, IL Micro Area"
"33718","*****","310M600US19980","Dodge City, KS Micro Area"
"148825","*****","310M600US20020","Dothan, AL Metro Area"
"51381","*****","310M600US20060","Douglas, GA Micro Area"
"179124","*****","310M600US20100","Dover, DE Metro Area"
"63908","*****","310M600US20140","Dublin, GA Micro Area"
"79466","*****","310M600US20180","DuBois, PA Micro Area"
"97193","*****","310M600US20220","Dubuque, IA Metro Area"
"289276","*****","310M600US20260","Duluth, MN-WI Metro Area"
"21169","*****","310M600US20300","Dumas, TX Micro Area"
"43401","*****","310M600US20340","Duncan, OK Micro Area"
"56138","*****","310M600US20420","Durango, CO Micro Area"
"47325","*****","310M600US20460","Durant, OK Micro Area"
"636256","*****","310M600US20500","Durham-Chapel Hill, NC Metro Area"
"37201","*****","310M600US20540","Dyersburg, TN Micro Area"
"58098","*****","310M600US20580","Eagle Pass, TX Micro Area"
"37087","*****","310M600US20660","Easton, MD Micro Area"
"168824","*****","310M600US20700","East Stroudsburg, PA Metro Area"
"168307","*****","310M600US20740","Eau Claire, WI Metro Area"
"54960","*****","310M600US20780","Edwards, CO Micro Area"
"34151","*****","310M600US20820","Effingham, IL Micro Area"
"41672","*****","310M600US20900","El Campo, TX Micro Area"
"180580","*****","310M600US20940","El Centro, CA Metro Area"
"39089","*****","310M600US20980","El Dorado, AR Micro Area"
"53288","*****","310M600US21020","Elizabeth City, NC Micro Area"
"152275","*****","310M600US21060","Elizabethtown-Fort Knox, KY Metro Area"
"21860","*****","310M600US21120","Elk City, OK Micro Area"
"205184","*****","310M600US21140","Elkhart-Goshen, IN Metro Area"
"28763","*****","310M600US21180","Elkins, WV Micro Area"
"54376","246","310M600US21220","Elko, NV Micro Area"
"47097","*****","310M600US21260","Ellensburg, WA Micro Area"
"84115","*****","310M600US21300","Elmira, NY Metro Area"
"841602","*****","310M600US21340","El Paso, TX Metro Area"
"35841","*****","310M600US21380","Emporia, KS Micro Area"
"61555","*****","310M600US21420","Enid, OK Metro Area"
"52238","*****","310M600US21460","Enterprise, AL Micro Area"
"272046","*****","310M600US21500","Erie, PA Metro Area"
"35874","*****","310M600US21540","Escanaba, MI Micro Area"
"38962","*****","310M600US21580","Española, NM Micro Area"
"27316","256","310M600US21640","Eufaula, AL-GA Micro Area"
"377749","*****","310M600US21660","Eugene-Springfield, OR Metro Area"
"136101","*****","310M600US21700","Eureka-Arcata, CA Micro Area"
"20374","*****","310M600US21740","Evanston, WY Micro Area"
"315186","*****","310M600US21780","Evansville, IN-KY Metro Area"
"98455","*****","310M600US21820","Fairbanks, AK Metro Area"
"18153","*****","310M600US21840","Fairfield, IA Micro Area"
"19737","*****","310M600US21860","Fairmont, MN Micro Area"
"56233","*****","310M600US21900","Fairmont, WV Micro Area"
"24606","*****","310M600US21980","Fallon, NV Micro Area"
"243966","*****","310M600US22020","Fargo, ND-MN Metro Area"
"66549","*****","310M600US22060","Faribault-Northfield, MN Micro Area"
"66653","*****","310M600US22100","Farmington, MO Micro Area"
"125608","*****","310M600US22140","Farmington, NM Metro Area"
"523480","48","310M600US22180","Fayetteville, NC Metro Area"
"526101","*****","310M600US22220","Fayetteville-Springdale-Rogers, AR Metro Area"
"58416","*****","310M600US22260","Fergus Falls, MN Micro Area"
"55667","*****","310M600US22280","Fernley, NV Micro Area"
"75765","*****","310M600US22300","Findlay, OH Micro Area"
"16889","*****","310M600US22340","Fitzgerald, GA Micro Area"
"142254","*****","310M600US22380","Flagstaff, AZ Metro Area"
"406770","*****","310M600US22420","Flint, MI Metro Area"
"205095","*****","310M600US22500","Florence, SC Metro Area"
"147827","*****","310M600US22520","Florence-Muscle Shoals, AL Metro Area"
"102654","*****","310M600US22540","Fond du Lac, WI Metro Area"
"66741","*****","310M600US22580","Forest City, NC Micro Area"
"25477","*****","310M600US22620","Forrest City, AR Micro Area"
"350523","*****","310M600US22660","Fort Collins, CO Metro Area"
"36348","*****","310M600US22700","Fort Dodge, IA Micro Area"
"52359","*****","310M600US22780","Fort Leonard Wood, MO Micro Area"
"58549","*****","310M600US22800","Fort Madison-Keokuk, IA-IL-MO Micro Area"
"28617","*****","310M600US22820","Fort Morgan, CO Micro Area"
"71430","*****","310M600US22840","Fort Payne, AL Micro Area"
"49315","*****","310M600US22860","Fort Polk South, LA Micro Area"
"250260","*****","310M600US22900","Fort Smith, AR-OK Metro Area"
"409419","*****","310M600US23060","Fort Wayne, IN Metro Area"
"32186","*****","310M600US23140","Frankfort, IN Micro Area"
"73324","*****","310M600US23180","Frankfort, KY Micro Area"
"26668","*****","310M600US23240","Fredericksburg, TX Micro Area"
"44683","*****","310M600US23300","Freeport, IL Micro Area"
"36565","*****","310M600US23340","Fremont, NE Micro Area"
"58801","*****","310M600US23380","Fremont, OH Micro Area"
"990204","*****","310M600US23420","Fresno, CA Metro Area"
"102721","*****","310M600US23460","Gadsden, AL Metro Area"
"57110","*****","310M600US23500","Gaffney, SC Micro Area"
"327329","*****","310M600US23540","Gainesville, FL Metro Area"
"201434","21","310M600US23580","Gainesville, GA Metro Area"
"40428","*****","310M600US23620","Gainesville, TX Micro Area"
"50052","*****","310M600US23660","Galesburg, IL Micro Area"
"71956","*****","310M600US23700","Gallup, NM Micro Area"
"40314","*****","310M600US23780","Garden City, KS Micro Area"
"48486","*****","310M600US23820","Gardnerville Ranchos, NV Micro Area"
"62150","242","310M600US23860","Georgetown, SC Micro Area"
"102627","*****","310M600US23900","Gettysburg, PA Metro Area"
"61402","*****","310M600US23940","Gillette, WY Micro Area"
"54088","*****","310M600US23980","Glasgow, KY Micro Area"
"125491","*****","310M600US24020","Glens Falls, NY Metro Area"
"77585","*****","310M600US24060","Glenwood Springs, CO Micro Area"
"53452","*****","310M600US24100","Gloversville, NY Micro Area"
"123785","*****","310M600US24140","Goldsboro, NC Metro Area"
"60025","*****","310M600US24180","Granbury, TX Micro Area"
"101627","*****","310M600US24220","Grand Forks, ND-MN Metro Area"
"75592","*****","310M600US24260","Grand Island, NE Metro Area"
"152962","*****","310M600US24300","Grand Junction, CO Metro Area"
"45180","*****","310M600US24330","Grand Rapids, MN Micro Area"
"1069696","*****","310M600US24340","Grand Rapids-Kentwood, MI Metro Area"
"26763","*****","310M600US24380","Grants, NM Micro Area"
"87097","*****","310M600US24420","Grants Pass, OR Metro Area"
"26209","*****","310M600US24460","Great Bend, KS Micro Area"
"81576","*****","310M600US24500","Great Falls, MT Metro Area"
"315389","*****","310M600US24540","Greeley, CO Metro Area"
"320827","*****","310M600US24580","Green Bay, WI Metro Area"
"69077","*****","310M600US24620","Greeneville, TN Micro Area"
"767467","*****","310M600US24660","Greensboro-High Point, NC Metro Area"
"26587","*****","310M600US24700","Greensburg, IN Micro Area"
"45072","*****","310M600US24740","Greenville, MS Micro Area"
"179961","*****","310M600US24780","Greenville, NC Metro Area"
"51387","*****","310M600US24820","Greenville, OH Micro Area"
"908680","*****","310M600US24860","Greenville-Anderson, SC Metro Area"
"38736","*****","310M600US24900","Greenwood, MS Micro Area"
"70672","*****","310M600US24940","Greenwood, SC Micro Area"
"20927","*****","310M600US24980","Grenada, MS Micro Area"
"74291","*****","310M600US25020","Guayama, PR Metro Area"
"414662","*****","310M600US25060","Gulfport-Biloxi, MS Metro Area"
"20633","*****","310M600US25100","Guymon, OK Micro Area"
"285990","*****","310M600US25180","Hagerstown-Martinsburg, MD-WV Metro Area"
"23798","143","310M600US25200","Hailey, ID Micro Area"
"133753","*****","310M600US25220","Hammond, LA Metro Area"
"151090","*****","310M600US25260","Hanford-Corcoran, CA Metro Area"
"38830","*****","310M600US25300","Hannibal, MO Micro Area"
"574691","*****","310M600US25420","Harrisburg-Carlisle, PA Metro Area"
"45278","*****","310M600US25460","Harrison, AR Micro Area"
"134696","*****","310M600US25500","Harrisonburg, VA Metro Area"
"1205842","*****","310M600US25540","Hartford-East Hartford-Middletown, CT Metro Area"
"31541","*****","310M600US25580","Hastings, NE Micro Area"
"168646","*****","310M600US25620","Hattiesburg, MS Metro Area"
"28747","*****","310M600US25700","Hays, KS Micro Area"
"74733","*****","310M600US25720","Heber, UT Micro Area"
"80783","*****","310M600US25740","Helena, MT Micro Area"
"18151","*****","310M600US25760","Helena-West Helena, AR Micro Area"
"44614","*****","310M600US25780","Henderson, NC Micro Area"
"18617","*****","310M600US25820","Hereford, TX Micro Area"
"88744","*****","310M600US25840","Hermiston-Pendleton, OR Micro Area"
"367982","*****","310M600US25860","Hickory-Lenoir-Morganton, NC Metro Area"
"45707","*****","310M600US25880","Hillsdale, MI Micro Area"
"201350","*****","310M600US25900","Hilo, HI Micro Area"
"219290","*****","310M600US25940","Hilton Head Island-Bluffton, SC Metro Area"
"81275","*****","310M600US25980","Hinesville, GA Metro Area"
"70359","*****","310M600US26020","Hobbs, NM Micro Area"
"117104","*****","310M600US26090","Holland, MI Micro Area"
"147938","*****","310M600US26140","Homosassa Springs, FL Metro Area"
"23270","*****","310M600US26220","Hood River, OR Micro Area"
"29944","*****","310M600US26260","Hope, AR Micro Area"
"99043","*****","310M600US26300","Hot Springs, AR Metro Area"
"37992","*****","310M600US26340","Houghton, MI Micro Area"
"209277","*****","310M600US26380","Houma-Thibodaux, LA Metro Area"
"6979613","*****","310M600US26420","Houston-The Woodlands-Sugar Land, TX Metro Area"
"60016","*****","310M600US26460","Hudson, NY Micro Area"
"45145","*****","310M600US26500","Huntingdon, PA Micro Area"
"36351","*****","310M600US26540","Huntington, IN Micro Area"
"359481","*****","310M600US26580","Huntington-Ashland, WV-KY-OH Metro Area"
"464607","*****","310M600US26620","Huntsville, AL Metro Area"
"72295","*****","310M600US26660","Huntsville, TX Micro Area"
"20347","*****","310M600US26700","Huron, SD Micro Area"
"62421","*****","310M600US26740","Hutchinson, KS Micro Area"
"35788","*****","310M600US26780","Hutchinson, MN Micro Area"
"148811","*****","310M600US26820","Idaho Falls, ID Metro Area"
"84463","*****","310M600US26860","Indiana, PA Micro Area"
"2050933","*****","310M600US26900","Indianapolis-Carmel-Anderson, IN Metro Area"
"25759","*****","310M600US26940","Indianola, MS Micro Area"
"172919","*****","310M600US26980","Iowa City, IA Metro Area"
"29685","*****","310M600US27020","Iron Mountain, MI-WI Micro Area"
"102237","*****","310M600US27060","Ithaca, NY Metro Area"
"158174","*****","310M600US27100","Jackson, MI Metro Area"
"596287","*****","310M600US27140","Jackson, MS Metro Area"
"32440","*****","310M600US27160","Jackson, OH Micro Area"
"178601","*****","310M600US27180","Jackson, TN Metro Area"
"35132","*****","310M600US27220","Jackson, WY-ID Micro Area"
"1533796","*****","310M600US27260","Jacksonville, FL Metro Area"
"38994","*****","310M600US27300","Jacksonville, IL Micro Area"
"198377","*****","310M600US27340","Jacksonville, NC Metro Area"
"52341","*****","310M600US27380","Jacksonville, TX Micro Area"
"20879","*****","310M600US27420","Jamestown, ND Micro Area"
"127584","*****","310M600US27460","Jamestown-Dunkirk-Fredonia, NY Micro Area"
"162532","*****","310M600US27500","Janesville-Beloit, WI Metro Area"
"63802","*****","310M600US27530","Jasper, AL Micro Area"
"54898","*****","310M600US27540","Jasper, IN Micro Area"
"14239","*****","310M600US27580","Jayuya, PR Micro Area"
"70467","*****","310M600US27600","Jefferson, GA Micro Area"
"151094","*****","310M600US27620","Jefferson City, MO Metro Area"
"31425","*****","310M600US27660","Jennings, LA Micro Area"
"29959","*****","310M600US27700","Jesup, GA Micro Area"
"203147","*****","310M600US27740","Johnson City, TN Metro Area"
"131611","68","310M600US27780","Johnstown, PA Metro Area"
"132828","*****","310M600US27860","Jonesboro, AR Metro Area"
"178816","*****","310M600US27900","Joplin, MO Metro Area"
"32099","*****","310M600US27940","Juneau, AK Micro Area"
"166657","184","310M600US27980","Kahului-Wailuku-Lahaina, HI Metro Area"
"264322","*****","310M600US28020","Kalamazoo-Portage, MI Metro Area"
"102001","*****","310M600US28060","Kalispell, MT Micro Area"
"109924","*****","310M600US28100","Kankakee, IL Metro Area"
"2144129","*****","310M600US28140","Kansas City, MO-KS Metro Area"
"71949","*****","310M600US28180","Kapaa, HI Micro Area"
"56182","*****","310M600US28260","Kearney, NE Micro Area"
"76040","*****","310M600US28300","Keene, NH Micro Area"
"47640","*****","310M600US28340","Kendallville, IN Micro Area"
"29657","*****","310M600US28380","Kennett, MO Micro Area"
"294396","*****","310M600US28420","Kennewick-Richland, WA Metro Area"
"52195","*****","310M600US28500","Kerrville, TX Micro Area"
"13833","*****","310M600US28540","Ketchikan, AK Micro Area"
"75137","*****","310M600US28580","Key West, FL Micro Area"
"36698","*****","310M600US28620","Kill Devil Hills, NC Micro Area"
"452428","*****","310M600US28660","Killeen-Temple, TX Metro Area"
"307267","*****","310M600US28700","Kingsport-Bristol, TN-VA Metro Area"
"178371","*****","310M600US28740","Kingston, NY Metro Area"
"31116","174","310M600US28780","Kingsville, TX Micro Area"
"56350","*****","310M600US28820","Kinston, NC Micro Area"
"30018","*****","310M600US28860","Kirksville, MO Micro Area"
"67606","*****","310M600US28900","Klamath Falls, OR Micro Area"
"861872","*****","310M600US28940","Knoxville, TN Metro Area"
"82486","*****","310M600US29020","Kokomo, IN Metro Area"
"61174","*****","310M600US29060","Laconia, NH Micro Area"
"136838","*****","310M600US29100","La Crosse-Onalaska, WI-MN Metro Area"
"490220","*****","310M600US29180","Lafayette, LA Metro Area"
"230353","*****","310M600US29200","Lafayette-West Lafayette, IN Metro Area"
"26502","*****","310M600US29260","La Grande, OR Micro Area"
"103522","*****","310M600US29300","LaGrange, GA-AL Micro Area"
"209821","*****","310M600US29340","Lake Charles, LA Metro Area"
"70898","*****","310M600US29380","Lake City, FL Micro Area"
"210998","*****","310M600US29420","Lake Havasu City-Kingman, AZ Metro Area"
"705735","*****","310M600US29460","Lakeland-Winter Haven, FL Metro Area"
"12849","*****","310M600US29500","Lamesa, TX Micro Area"
"543050","*****","310M600US29540","Lancaster, PA Metro Area"
"547786","*****","310M600US29620","Lansing-East Lansing, MI Metro Area"
"38664","*****","310M600US29660","Laramie, WY Micro Area"
"274847","*****","310M600US29700","Laredo, TX Metro Area"
"217696","*****","310M600US29740","Las Cruces, NM Metro Area"
"32046","*****","310M600US29780","Las Vegas, NM Micro Area"
"2228866","*****","310M600US29820","Las Vegas-Henderson-Paradise, NV Metro Area"
"84761","*****","310M600US29860","Laurel, MS Micro Area"
"34921","*****","310M600US29900","Laurinburg, NC Micro Area"
"121304","*****","310M600US29940","Lawrence, KS Metro Area"
"43780","*****","310M600US29980","Lawrenceburg, TN Micro Area"
"127157","*****","310M600US30020","Lawton, OK Metro Area"
"35680","*****","310M600US30060","Lebanon, MO Micro Area"
"217568","*****","310M600US30100","Lebanon, NH-VT Micro Area"
"140410","*****","310M600US30140","Lebanon, PA Metro Area"
"22986","*****","310M600US30220","Levelland, TX Micro Area"
"44831","*****","310M600US30260","Lewisburg, PA Micro Area"
"33708","*****","310M600US30280","Lewisburg, TN Micro Area"
"63104","*****","310M600US30300","Lewiston, ID-WA Metro Area"
"107958","*****","310M600US30340","Lewiston-Auburn, ME Metro Area"
"46179","*****","310M600US30380","Lewistown, PA Micro Area"
"25639","*****","310M600US30420","Lexington, NE Micro Area"
"514273","*****","310M600US30460","Lexington-Fayette, KY Metro Area"
"21902","*****","310M600US30580","Liberal, KS Micro Area"
"102808","*****","310M600US30620","Lima, OH Metro Area"
"28818","*****","310M600US30660","Lincoln, IL Micro Area"
"333193","*****","310M600US30700","Lincoln, NE Metro Area"
"740602","*****","310M600US30780","Little Rock-North Little Rock-Conway, AR Metro Area"
"38549","*****","310M600US30820","Lock Haven, PA Micro Area"
"140072","*****","310M600US30860","Logan, UT-ID Metro Area"
"37727","*****","310M600US30900","Logansport, IN Micro Area"
"148281","*****","310M600US30940","London, KY Micro Area"
"285554","*****","310M600US30980","Longview, TX Metro Area"
"108399","*****","310M600US31020","Longview, WA Metro Area"
"18976","*****","310M600US31060","Los Alamos, NM Micro Area"
"13211027","*****","310M600US31080","Los Angeles-Long Beach-Anaheim, CA Metro Area"
"1262287","*****","310M600US31140","Louisville/Jefferson County, KY-IN Metro Area"
"320031","*****","310M600US31180","Lubbock, TX Metro Area"
"29062","*****","310M600US31220","Ludington, MI Micro Area"
"87119","*****","310M600US31260","Lufkin, TX Micro Area"
"131656","*****","310M600US31300","Lumberton, NC Micro Area"
"262937","*****","310M600US31340","Lynchburg, VA Metro Area"
"30107","*****","310M600US31380","Macomb, IL Micro Area"
"229565","*****","310M600US31420","Macon-Bibb County, GA Metro Area"
"155925","*****","310M600US31460","Madera, CA Metro Area"
"32167","*****","310M600US31500","Madison, IN Micro Area"
"660212","*****","310M600US31540","Madison, WI Metro Area"
"45044","*****","310M600US31580","Madisonville, KY Micro Area"
"23620","*****","310M600US31620","Magnolia, AR Micro Area"
"50389","*****","310M600US31660","Malone, NY Micro Area"
"33667","*****","310M600US31680","Malvern, AR Micro Area"
"415305","*****","310M600US31700","Manchester-Nashua, NH Metro Area"
"131571","*****","310M600US31740","Manhattan, KS Metro Area"
"78977","*****","310M600US31820","Manitowoc, WI Micro Area"
"101544","*****","310M600US31860","Mankato, MN Metro Area"
"121043","*****","310M600US31900","Mansfield, OH Metro Area"
"60217","*****","310M600US31930","Marietta, OH Micro Area"
"63214","*****","310M600US31940","Marinette, WI-MI Micro Area"
"66055","*****","310M600US31980","Marion, IN Micro Area"
"45402","*****","310M600US32000","Marion, NC Micro Area"
"65179","*****","310M600US32020","Marion, OH Micro Area"
"66403","*****","310M600US32100","Marquette, MI Micro Area"
"25696","*****","310M600US32140","Marshall, MN Micro Area"
"22932","*****","310M600US32180","Marshall, MO Micro Area"
"39804","*****","310M600US32260","Marshalltown, IA Micro Area"
"33377","*****","310M600US32280","Martin, TN Micro Area"
"63678","*****","310M600US32300","Martinsville, VA Micro Area"
"22199","*****","310M600US32340","Maryville, MO Micro Area"
"50094","*****","310M600US32380","Mason City, IA Micro Area"
"97198","*****","310M600US32420","Mayagüez, PR Metro Area"
"37125","*****","310M600US32460","Mayfield, KY Micro Area"
"17122","*****","310M600US32500","Maysville, KY Micro Area"
"43955","*****","310M600US32540","McAlester, OK Micro Area"
"861137","*****","310M600US32580","McAllen-Edinburg-Mission, TX Metro Area"
"39365","*****","310M600US32620","McComb, MS Micro Area"
"40971","*****","310M600US32660","McMinnville, TN Micro Area"
"28557","*****","310M600US32700","McPherson, KS Micro Area"
"85074","*****","310M600US32740","Meadville, PA Micro Area"
"218781","*****","310M600US32780","Medford, OR Metro Area"
"1343150","*****","310M600US32820","Memphis, TN-MS-AR Metro Area"
"45029","*****","310M600US32860","Menomonie, WI Micro Area"
"273661","*****","310M600US32900","Merced, CA Metro Area"
"100998","*****","310M600US32940","Meridian, MS Micro Area"
"25336","*****","310M600US33020","Mexico, MO Micro Area"
"31283","*****","310M600US33060","Miami, OK Micro Area"
"6129858","*****","310M600US33100","Miami-Fort Lauderdale-Pompano Beach, FL Metro Area"
"110026","*****","310M600US33140","Michigan City-La Porte, IN Metro Area"
"26426","*****","310M600US33180","Middlesborough, KY Micro Area"
"83445","*****","310M600US33220","Midland, MI Metro Area"
"176914","*****","310M600US33260","Midland, TX Metro Area"
"53572","*****","310M600US33300","Milledgeville, GA Micro Area"
"1576525","*****","310M600US33340","Milwaukee-Waukesha, WI Metro Area"
"38813","*****","310M600US33380","Minden, LA Micro Area"
"28792","*****","310M600US33420","Mineral Wells, TX Micro Area"
"3605450","*****","310M600US33460","Minneapolis-St. Paul-Bloomington, MN-WI Metro Area"
"77174","*****","310M600US33500","Minot, ND Micro Area"
"119062","*****","310M600US33540","Missoula, MT Metro Area"
"23313","*****","310M600US33580","Mitchell, SD Micro Area"
"24769","*****","310M600US33620","Moberly, MO Micro Area"
"430313","*****","310M600US33660","Mobile, AL Metro Area"
"546235","*****","310M600US33700","Modesto, CA Metro Area"
"202138","*****","310M600US33740","Monroe, LA Metro Area"
"150000","*****","310M600US33780","Monroe, MI Metro Area"
"373552","*****","310M600US33860","Montgomery, AL Metro Area"
"47170","*****","310M600US33940","Montrose, CO Micro Area"
"69301","*****","310M600US33980","Morehead City, NC Micro Area"
"50020","*****","310M600US34020","Morgan City, LA Micro Area"
"139806","*****","310M600US34060","Morgantown, WV Metro Area"
"141909","*****","310M600US34100","Morristown, TN Metro Area"
"40052","*****","310M600US34140","Moscow, ID Micro Area"
"96648","*****","310M600US34180","Moses Lake, WA Micro Area"
"45510","*****","310M600US34220","Moultrie, GA Micro Area"
"41673","*****","310M600US34260","Mountain Home, AR Micro Area"
"27043","*****","310M600US34300","Mountain Home, ID Micro Area"
"71904","*****","310M600US34340","Mount Airy, NC Micro Area"
"32593","*****","310M600US34350","Mount Gay-Shamrock, WV Micro Area"
"70363","*****","310M600US34380","Mount Pleasant, MI Micro Area"
"45647","*****","310M600US34420","Mount Pleasant, TX Micro Area"
"46926","*****","310M600US34460","Mount Sterling, KY Micro Area"
"37774","*****","310M600US34500","Mount Vernon, IL Micro Area"
"61776","*****","310M600US34540","Mount Vernon, OH Micro Area"
"127442","*****","310M600US34580","Mount Vernon-Anacortes, WA Metro Area"
"114461","*****","310M600US34620","Muncie, IN Metro Area"
"38991","*****","310M600US34660","Murray, KY Micro Area"
"42703","*****","310M600US34700","Muscatine, IA Micro Area"
"173679","*****","310M600US34740","Muskegon, MI Metro Area"
"68451","*****","310M600US34780","Muskogee, OK Micro Area"
"481489","242","310M600US34820","Myrtle Beach-Conway-North Myrtle Beach, SC-NC Metro Area"
"65080","*****","310M600US34860","Nacogdoches, TX Micro Area"
"138572","*****","310M600US34900","Napa, CA Metro Area"
"379345","*****","310M600US34940","Naples-Marco Island, FL Metro Area"
"1904186","*****","310M600US34980","Nashville-Davidson--Murfreesboro--Franklin, TN Metro Area"
"50636","*****","310M600US35020","Natchez, MS-LA Micro Area"
"38505","*****","310M600US35060","Natchitoches, LA Micro Area"
"124416","*****","310M600US35100","New Bern, NC Metro Area"
"38329","*****","310M600US35140","Newberry, SC Micro Area"
"48158","*****","310M600US35220","New Castle, IN Micro Area"
"86148","*****","310M600US35260","New Castle, PA Micro Area"
"855733","*****","310M600US35300","New Haven-Milford, CT Metro Area"
"1271651","*****","310M600US35380","New Orleans-Metairie, LA Metro Area"
"92165","*****","310M600US35420","New Philadelphia-Dover, OH Micro Area"
"49336","*****","310M600US35440","Newport, OR Micro Area"
"35797","*****","310M600US35460","Newport, TN Micro Area"
"25076","*****","310M600US35580","New Ulm, MN Micro Area"
"19261570","*****","310M600US35620","New York-Newark-Jersey City, NY-NJ-PA Metro Area"
"153797","*****","310M600US35660","Niles, MI Metro Area"
"46594","*****","310M600US35700","Nogales, AZ Micro Area"
"48101","*****","310M600US35740","Norfolk, NE Micro Area"
"36358","106","310M600US35820","North Platte, NE Micro Area"
"821613","*****","310M600US35840","North Port-Sarasota-Bradenton, FL Metro Area"
"27639","*****","310M600US35860","North Vernon, IN Micro Area"
"68341","48","310M600US35900","North Wilkesboro, NC Micro Area"
"58271","*****","310M600US35940","Norwalk, OH Micro Area"
"266868","*****","310M600US35980","Norwich-New London, CT Metro Area"
"84187","*****","310M600US36020","Oak Harbor, WA Micro Area"
"360210","*****","310M600US36100","Ocala, FL Metro Area"
"92701","*****","310M600US36140","Ocean City, NJ Metro Area"
"162067","*****","310M600US36220","Odessa, TX Metro Area"
"672948","*****","310M600US36260","Ogden-Clearfield, UT Metro Area"
"108352","*****","310M600US36300","Ogdensburg-Massena, NY Micro Area"
"51355","*****","310M600US36340","Oil City, PA Micro Area"
"41611","*****","310M600US36380","Okeechobee, FL Micro Area"
"1397040","*****","310M600US36420","Oklahoma City, OK Metro Area"
"76750","*****","310M600US36460","Olean, NY Micro Area"
"284698","*****","310M600US36500","Olympia-Lacey-Tumwater, WA Metro Area"
"940163","*****","310M600US36540","Omaha-Council Bluffs, NE-IA Metro Area"
"59593","*****","310M600US36580","Oneonta, NY Micro Area"
"54337","*****","310M600US36620","Ontario, OR-ID Micro Area"
"82786","*****","310M600US36660","Opelousas, LA Micro Area"
"86953","*****","310M600US36700","Orangeburg, SC Micro Area"
"2560260","*****","310M600US36740","Orlando-Kissimmee-Sanford, FL Metro Area"
"170924","*****","310M600US36780","Oshkosh-Neenah, WI Metro Area"
"22351","*****","310M600US36820","Oskaloosa, IA Micro Area"
"19702","*****","310M600US36830","Othello, WA Micro Area"
"147596","*****","310M600US36837","Ottawa, IL Micro Area"
"25643","*****","310M600US36840","Ottawa, KS Micro Area"
"35102","*****","310M600US36900","Ottumwa, IA Micro Area"
"36710","*****","310M600US36940","Owatonna, MN Micro Area"
"118951","*****","310M600US36980","Owensboro, KY Metro Area"
"54059","*****","310M600US37060","Oxford, MS Micro Area"
"845599","*****","310M600US37100","Oxnard-Thousand Oaks-Ventura, CA Metro Area"
"49293","*****","310M600US37120","Ozark, AL Micro Area"
"96612","*****","310M600US37140","Paducah, KY-IL Micro Area"
"45514","*****","310M600US37220","Pahrump, NV Micro Area"
"73784","*****","310M600US37260","Palatka, FL Micro Area"
"57917","*****","310M600US37300","Palestine, TX Micro Area"
"594001","*****","310M600US37340","Palm Bay-Melbourne-Titusville, FL Metro Area"
"22847","144","310M600US37420","Pampa, TX Micro Area"
"180076","*****","310M600US37460","Panama City, FL Metro Area"
"45197","*****","310M600US37500","Paragould, AR Micro Area"
"32251","*****","310M600US37540","Paris, TN Micro Area"
"49705","*****","310M600US37580","Paris, TX Micro Area"
"90151","*****","310M600US37620","Parkersburg-Vienna, WV Metro Area"
"19938","*****","310M600US37660","Parsons, KS Micro Area"
"53846","*****","310M600US37740","Payson, AZ Micro Area"
"20013","*****","310M600US37770","Pearsall, TX Micro Area"
"15663","62","310M600US37780","Pecos, TX Micro Area"
"33193","*****","310M600US37800","Pella, IA Micro Area"
"496278","*****","310M600US37860","Pensacola-Ferry Pass-Brent, FL Metro Area"
"403747","*****","310M600US37900","Peoria, IL Metro Area"
"35684","*****","310M600US37940","Peru, IN Micro Area"
"6092403","*****","310M600US37980","Philadelphia-Camden-Wilmington, PA-NJ-DE-MD Metro Area"
"4860338","*****","310M600US38060","Phoenix-Mesa-Chandler, AZ Metro Area"
"55512","*****","310M600US38100","Picayune, MS Micro Area"
"20618","*****","310M600US38180","Pierre, SD Micro Area"
"89464","*****","310M600US38220","Pine Bluff, AR Metro Area"
"99263","*****","310M600US38240","Pinehurst-Southern Pines, NC Micro Area"
"38874","*****","310M600US38260","Pittsburg, KS Micro Area"
"2324447","*****","310M600US38300","Pittsburgh, PA Metro Area"
"125927","*****","310M600US38340","Pittsfield, MA Metro Area"
"33463","*****","310M600US38380","Plainview, TX Micro Area"
"51570","*****","310M600US38420","Platteville, WI Micro Area"
"80320","*****","310M600US38460","Plattsburgh, NY Micro Area"
"46336","*****","310M600US38500","Plymouth, IN Micro Area"
"94377","*****","310M600US38540","Pocatello, ID Metro Area"
"56695","*****","310M600US38580","Point Pleasant, WV-OH Micro Area"
"44074","*****","310M600US38620","Ponca City, OK Micro Area"
"220601","*****","310M600US38660","Ponce, PR Metro Area"
"35757","*****","310M600US38700","Pontiac, IL Micro Area"
"56054","*****","310M600US38740","Poplar Bluff, MO Micro Area"
"18723","*****","310M600US38780","Portales, NM Micro Area"
"76482","*****","310M600US38820","Port Angeles, WA Micro Area"
"536314","*****","310M600US38860","Portland-South Portland, ME Metro Area"
"2472774","*****","310M600US38900","Portland-Vancouver-Hillsboro, OR-WA Metro Area"
"21470","*****","310M600US38920","Port Lavaca, TX Micro Area"
"481334","*****","310M600US38940","Port St. Lucie, FL Metro Area"
"75441","*****","310M600US39020","Portsmouth, OH Micro Area"
"141935","*****","310M600US39060","Pottsville, PA Micro Area"
"675601","*****","310M600US39100","Poughkeepsie-Newburgh-Middletown, NY Metro Area"
"232396","*****","310M600US39150","Prescott Valley-Prescott, AZ Metro Area"
"20401","*****","310M600US39220","Price, UT Micro Area"
"23733","*****","310M600US39260","Prineville, OR Micro Area"
"1621099","*****","310M600US39300","Providence-Warwick, RI-MA Metro Area"
"633129","*****","310M600US39340","Provo-Orem, UT Metro Area"
"167412","*****","310M600US39380","Pueblo, CO Metro Area"
"49577","*****","310M600US39420","Pullman, WA Micro Area"
"185926","*****","310M600US39460","Punta Gorda, FL Metro Area"
"75568","*****","310M600US39500","Quincy, IL-MO Micro Area"
"195859","*****","310M600US39540","Racine, WI Metro Area"
"1362997","48","310M600US39580","Raleigh-Cary, NC Metro Area"
"140653","*****","310M600US39660","Rapid City, SD Metro Area"
"21419","*****","310M600US39700","Raymondville, TX Micro Area"
"419062","*****","310M600US39740","Reading, PA Metro Area"
"64176","*****","310M600US39780","Red Bluff, CA Micro Area"
"179267","*****","310M600US39820","Redding, CA Metro Area"
"46330","*****","310M600US39860","Red Wing, MN Micro Area"
"468268","*****","310M600US39900","Reno, NV Metro Area"
"52836","*****","310M600US39940","Rexburg, ID Micro Area"
"66176","*****","310M600US39980","Richmond, IN Micro Area"
"1282067","*****","310M600US40060","Richmond, VA Metro Area"
"106277","*****","310M600US40080","Richmond-Berea, KY Micro Area"
"64032","*****","310M600US40100","Rio Grande City-Roma, TX Micro Area"
"4600396","*****","310M600US40140","Riverside-San Bernardino-Ontario, CA Metro Area"
"39711","*****","310M600US40180","Riverton, WY Micro Area"
"313289","*****","310M600US40220","Roanoke, VA Metro Area"
"70350","*****","310M600US40260","Roanoke Rapids, NC Micro Area"
"50793","*****","310M600US40300","Rochelle, IL Micro Area"
"219848","*****","310M600US40340","Rochester, MN Metro Area"
"1071784","*****","310M600US40380","Rochester, NY Metro Area"
"336928","*****","310M600US40420","Rockford, IL Metro Area"
"44759","*****","310M600US40460","Rockingham, NC Micro Area"
"24220","*****","310M600US40530","Rockport, TX Micro Area"
"43352","*****","310M600US40540","Rock Springs, WY Micro Area"
"146356","*****","310M600US40580","Rocky Mount, NC Metro Area"
"44587","*****","310M600US40620","Rolla, MO Micro Area"
"97805","*****","310M600US40660","Rome, GA Metro Area"
"110015","*****","310M600US40700","Roseburg, OR Micro Area"
"64912","*****","310M600US40740","Roswell, NM Micro Area"
"19640","*****","310M600US40760","Ruidoso, NM Micro Area"
"85351","*****","310M600US40780","Russellville, AR Micro Area"
"47118","*****","310M600US40820","Ruston, LA Micro Area"
"58527","*****","310M600US40860","Rutland, VT Micro Area"
"2338866","*****","310M600US40900","Sacramento-Roseville-Folsom, CA Metro Area"
"38304","*****","310M600US40940","Safford, AZ Micro Area"
"191166","*****","310M600US40980","Saginaw, MI Metro Area"
"200264","*****","310M600US41060","St. Cloud, MN Metro Area"
"172127","*****","310M600US41100","St. George, UT Metro Area"
"124946","*****","310M600US41140","St. Joseph, MO-KS Metro Area"
"2806349","*****","310M600US41180","St. Louis, MO-IL Metro Area"
"53960","*****","310M600US41220","St. Marys, GA Micro Area"
"30077","*****","310M600US41260","St. Marys, PA Micro Area"
"102514","*****","310M600US41400","Salem, OH Micro Area"
"428472","*****","310M600US41420","Salem, OR Metro Area"
"60160","*****","310M600US41460","Salina, KS Micro Area"
"432977","*****","310M600US41500","Salinas, CA Metro Area"
"411137","*****","310M600US41540","Salisbury, MD-DE Metro Area"
"1215955","*****","310M600US41620","Salt Lake City, UT Metro Area"
"121472","233","310M600US41660","San Angelo, TX Metro Area"
"2510211","*****","310M600US41700","San Antonio-New Braunfels, TX Metro Area"
"3323970","*****","310M600US41740","San Diego-Chula Vista-Carlsbad, CA Metro Area"
"44688","*****","310M600US41760","Sandpoint, ID Micro Area"
"74419","*****","310M600US41780","Sandusky, OH Micro Area"
"61083","*****","310M600US41820","Sanford, NC Micro Area"
"4709220","*****","310M600US41860","San Francisco-Oakland-Berkeley, CA Metro Area"
"123319","*****","310M600US41900","San Germán, PR Metro Area"
"1985926","*****","310M600US41940","San Jose-Sunnyvale-Santa Clara, CA Metro Area"
"2061555","*****","310M600US41980","San Juan-Bayamón-Caguas, PR Metro Area"
"282517","*****","310M600US42020","San Luis Obispo-Paso Robles, CA Metro Area"
"273170","*****","310M600US42100","Santa Cruz-Watsonville, CA Metro Area"
"150319","*****","310M600US42140","Santa Fe, NM Metro Area"
"21474","*****","310M600US42180","Santa Isabel, PR Micro Area"
"444895","*****","310M600US42200","Santa Maria-Santa Barbara, CA Metro Area"
"496801","*****","310M600US42220","Santa Rosa-Petaluma, CA Metro Area"
"37418","*****","310M600US42300","Sault Ste. Marie, MI Micro Area"
"390211","*****","310M600US42340","Savannah, GA Metro Area"
"60721","*****","310M600US42380","Sayre, PA Micro Area"
"37827","*****","310M600US42420","Scottsbluff, NE Micro Area"
"51765","*****","310M600US42460","Scottsboro, AL Micro Area"
"23785","*****","310M600US42500","Scottsburg, IN Micro Area"
"554787","*****","310M600US42540","Scranton--Wilkes-Barre, PA Metro Area"
"78725","*****","310M600US42620","Searcy, AR Micro Area"
"3928498","*****","310M600US42660","Seattle-Tacoma-Bellevue, WA Metro Area"
"156964","*****","310M600US42680","Sebastian-Vero Beach, FL Metro Area"
"104574","*****","310M600US42700","Sebring-Avon Park, FL Metro Area"
"42421","*****","310M600US42740","Sedalia, MO Micro Area"
"40452","*****","310M600US42780","Selinsgrove, PA Micro Area"
"38184","*****","310M600US42820","Selma, AL Micro Area"
"78314","*****","310M600US42860","Seneca, SC Micro Area"
"34295","*****","310M600US42900","Seneca Falls, NY Micro Area"
"98007","*****","310M600US42940","Sevierville, TN Micro Area"
"44077","*****","310M600US42980","Seymour, IN Micro Area"
"45379","*****","310M600US43020","Shawano, WI Micro Area"
"72511","*****","310M600US43060","Shawnee, OK Micro Area"
"115152","*****","310M600US43100","Sheboygan, WI Metro Area"
"97765","*****","310M600US43140","Shelby, NC Micro Area"
"48937","*****","310M600US43180","Shelbyville, TN Micro Area"
"65326","*****","310M600US43220","Shelton, WA Micro Area"
"30397","*****","310M600US43260","Sheridan, WY Micro Area"
"133527","*****","310M600US43300","Sherman-Denison, TX Metro Area"
"110271","*****","310M600US43320","Show Low, AZ Micro Area"
"397590","*****","310M600US43340","Shreveport-Bossier City, LA Metro Area"
"48610","*****","310M600US43380","Sidney, OH Micro Area"
"126442","*****","310M600US43420","Sierra Vista-Douglas, AZ Metro Area"
"38538","*****","310M600US43460","Sikeston, MO Micro Area"
"27391","*****","310M600US43500","Silver City, NM Micro Area"
"144152","*****","310M600US43580","Sioux City, IA-NE-SD Metro Area"
"264437","*****","310M600US43620","Sioux Falls, SD Metro Area"
"16918","*****","310M600US43660","Snyder, TX Micro Area"
"64789","*****","310M600US43700","Somerset, KY Micro Area"
"73844","68","310M600US43740","Somerset, PA Micro Area"
"54147","*****","310M600US43760","Sonora, CA Micro Area"
"322494","*****","310M600US43780","South Bend-Mishawaka, IN-MI Metro Area"
"313791","*****","310M600US43900","Spartanburg, SC Metro Area"
"25806","*****","310M600US43940","Spearfish, SD Micro Area"
"16138","*****","310M600US43980","Spencer, IA Micro Area"
"17260","*****","310M600US44020","Spirit Lake, IA Micro Area"
"558635","*****","310M600US44060","Spokane-Spokane Valley, WA Metro Area"
"208224","*****","310M600US44100","Springfield, IL Metro Area"
"698537","*****","310M600US44140","Springfield, MA Metro Area"
"466897","*****","310M600US44180","Springfield, MO Metro Area"
"134409","*****","310M600US44220","Springfield, OH Metro Area"
"59320","*****","310M600US44260","Starkville, MS Micro Area"
"162264","*****","310M600US44300","State College, PA Metro Area"
"77719","*****","310M600US44340","Statesboro, GA Micro Area"
"122714","*****","310M600US44420","Staunton, VA Metro Area"
"25317","*****","310M600US44460","Steamboat Springs, CO Micro Area"
"42226","*****","310M600US44500","Stephenville, TX Micro Area"
"22282","*****","310M600US44540","Sterling, CO Micro Area"
"55583","*****","310M600US44580","Sterling, IL Micro Area"
"70822","*****","310M600US44620","Stevens Point, WI Micro Area"
"81912","*****","310M600US44660","Stillwater, OK Micro Area"
"751615","*****","310M600US44700","Stockton, CA Metro Area"
"19950","*****","310M600US44740","Storm Lake, IA Micro Area"
"60789","*****","310M600US44780","Sturgis, MI Micro Area"
"36708","*****","310M600US44860","Sulphur Springs, TX Micro Area"
"24826","*****","310M600US44900","Summerville, GA Micro Area"
"140540","*****","310M600US44940","Sumter, SC Metro Area"
"91234","*****","310M600US44980","Sunbury, PA Micro Area"
"30600","*****","310M600US45000","Susanville, CA Micro Area"
"14901","*****","310M600US45020","Sweetwater, TX Micro Area"
"650211","*****","310M600US45060","Syracuse, NY Metro Area"
"48871","*****","310M600US45140","Tahlequah, OK Micro Area"
"80244","*****","310M600US45180","Talladega-Sylacauga, AL Micro Area"
"384783","*****","310M600US45220","Tallahassee, FL Metro Area"
"3152928","*****","310M600US45300","Tampa-St. Petersburg-Clearwater, FL Metro Area"
"32759","*****","310M600US45340","Taos, NM Micro Area"
"32705","*****","310M600US45380","Taylorville, IL Micro Area"
"186580","*****","310M600US45460","Terre Haute, IN Metro Area"
"149482","*****","310M600US45500","Texarkana, TX-AR Metro Area"
"26274","*****","310M600US45520","The Dalles, OR Micro Area"
"129938","*****","310M600US45540","The Villages, FL Metro Area"
"26329","*****","310M600US45580","Thomaston, GA Micro Area"
"44545","*****","310M600US45620","Thomasville, GA Micro Area"
"55251","*****","310M600US45660","Tiffin, OH Micro Area"
"40590","*****","310M600US45700","Tifton, GA Micro Area"
"25934","*****","310M600US45740","Toccoa, GA Micro Area"
"643724","*****","310M600US45780","Toledo, OH Metro Area"
"232248","*****","310M600US45820","Topeka, KS Metro Area"
"181143","*****","310M600US45860","Torrington, CT Micro Area"
"149717","*****","310M600US45900","Traverse City, MI Micro Area"
"368085","*****","310M600US45940","Trenton-Princeton, NJ Metro Area"
"33274","*****","310M600US45980","Troy, AL Micro Area"
"99417","*****","310M600US46020","Truckee-Grass Valley, CA Micro Area"
"1038476","*****","310M600US46060","Tucson, AZ Metro Area"
"104419","*****","310M600US46100","Tullahoma-Manchester, TN Micro Area"
"996141","*****","310M600US46140","Tulsa, OK Metro Area"
"165851","*****","310M600US46180","Tupelo, MS Micro Area"
"251878","*****","310M600US46220","Tuscaloosa, AL Metro Area"
"110272","*****","310M600US46300","Twin Falls, ID Metro Area"
"230184","*****","310M600US46340","Tyler, TX Metro Area"
"87110","*****","310M600US46380","Ukiah, CA Micro Area"
"27325","*****","310M600US46420","Union, SC Micro Area"
"30343","*****","310M600US46460","Union City, TN Micro Area"
"38861","*****","310M600US46500","Urbana, OH Micro Area"
"979682","*****","310M600US46520","Urban Honolulu, HI Metro Area"
"290812","*****","310M600US46540","Utica-Rome, NY Metro Area"
"26899","*****","310M600US46620","Uvalde, TX Micro Area"
"146462","*****","310M600US46660","Valdosta, GA Metro Area"
"444538","*****","310M600US46700","Vallejo, CA Metro Area"
"28213","*****","310M600US46780","Van Wert, OH Micro Area"
"14076","*****","310M600US46820","Vermillion, SD Micro Area"
"35736","*****","310M600US46860","Vernal, UT Micro Area"
"12717","*****","310M600US46900","Vernon, TX Micro Area"
"46030","*****","310M600US46980","Vicksburg, MS Micro Area"
"99622","*****","310M600US47020","Victoria, TX Metro Area"
"36016","*****","310M600US47080","Vidalia, GA Micro Area"
"36833","*****","310M600US47180","Vincennes, IN Micro Area"
"150085","*****","310M600US47220","Vineland-Bridgeton, NJ Metro Area"
"17430","*****","310M600US47240","Vineyard Haven, MA Micro Area"
"1768956","*****","310M600US47260","Virginia Beach-Norfolk-Newport News, VA-NC Metro Area"
"463955","*****","310M600US47300","Visalia, CA Metro Area"
"31198","*****","310M600US47340","Wabash, IN Micro Area"
"271326","*****","310M600US47380","Waco, TX Metro Area"
"22509","*****","310M600US47420","Wahpeton, ND-MN Micro Area"
"60785","*****","310M600US47460","Walla Walla, WA Metro Area"
"45709","*****","310M600US47540","Wapakoneta, OH Micro Area"
"182819","*****","310M600US47580","Warner Robins, GA Metro Area"
"39466","*****","310M600US47620","Warren, PA Micro Area"
"53948","*****","310M600US47660","Warrensburg, MO Micro Area"
"79156","*****","310M600US47700","Warsaw, IN Micro Area"
"33277","*****","310M600US47780","Washington, IN Micro Area"
"47160","*****","310M600US47820","Washington, NC Micro Area"
"6250309","*****","310M600US47900","Washington-Arlington-Alexandria, DC-VA-MD-WV Metro Area"
"28609","*****","310M600US47920","Washington Court House, OH Micro Area"
"169107","*****","310M600US47940","Waterloo-Cedar Falls, IA Metro Area"
"34237","*****","310M600US47980","Watertown, SD Micro Area"
"84837","*****","310M600US48020","Watertown-Fort Atkinson, WI Micro Area"
"111454","*****","310M600US48060","Watertown-Fort Drum, NY Metro Area"
"27027","*****","310M600US48100","Wauchula, FL Micro Area"
"163172","*****","310M600US48140","Wausau-Weston, WI Metro Area"
"55081","*****","310M600US48180","Waycross, GA Micro Area"
"28929","*****","310M600US48220","Weatherford, OK Micro Area"
"117223","*****","310M600US48260","Weirton-Steubenville, WV-OH Metro Area"
"119173","*****","310M600US48300","Wenatchee, WA Metro Area"
"40130","*****","310M600US48460","West Plains, MO Micro Area"
"19515","*****","310M600US48500","West Point, MS Micro Area"
"140199","*****","310M600US48540","Wheeling, WV-OH Metro Area"
"103391","*****","310M600US48580","Whitewater, WI Micro Area"
"639668","*****","310M600US48620","Wichita, KS Metro Area"
"151352","*****","310M600US48660","Wichita Falls, TX Metro Area"
"114014","*****","310M600US48700","Williamsport, PA Metro Area"
"36044","*****","310M600US48780","Williston, ND Micro Area"
"42909","2","310M600US48820","Willmar, MN Micro Area"
"293339","*****","310M600US48900","Wilmington, NC Metro Area"
"42000","*****","310M600US48940","Wilmington, OH Micro Area"
"81579","*****","310M600US48980","Wilson, NC Micro Area"
"139270","*****","310M600US49020","Winchester, VA-WV Metro Area"
"35090","*****","310M600US49060","Winfield, KS Micro Area"
"16834","*****","310M600US49080","Winnemucca, NV Micro Area"
"50744","*****","310M600US49100","Winona, MN Micro Area"
"671156","*****","310M600US49180","Winston-Salem, NC Metro Area"
"72892","*****","310M600US49220","Wisconsin Rapids-Marshfield, WI Micro Area"
"24288","*****","310M600US49260","Woodward, OK Micro Area"
"116063","*****","310M600US49300","Wooster, OH Micro Area"
"943312","*****","310M600US49340","Worcester, MA-CT Metro Area"
"21667","*****","310M600US49380","Worthington, MN Micro Area"
"250649","*****","310M600US49420","Yakima, WA Metro Area"
"22746","*****","310M600US49460","Yankton, SD Micro Area"
"88203","*****","310M600US49500","Yauco, PR Metro Area"
"447628","*****","310M600US49620","York-Hanover, PA Metro Area"
"538115","*****","310M600US49660","Youngstown-Warren-Boardman, OH-PA Metro Area"
"173839","*****","310M600US49700","Yuba City, CA Metro Area"
"211931","*****","310M600US49740","Yuma, AZ Metro Area"
"86033","*****","310M600US49780","Zanesville, OH Micro Area"
"14243","*****","310M600US49820","Zapata, TX Micro Area"
